Date,Open,High,Low,Close,Volume
2015-04-14,5.36,5.36,5.36,5.31,88950.0
2015-04-15,5.35,5.35,5.33,5.3,1300000.0
2015-04-16,5.45,5.55,5.45,5.51,22260.0
2015-04-17,5.44,5.44,5.42,5.34,618000.0
2015-04-20,5.53,5.96,5.53,5.5,505770.0
2015-04-21,5.69,5.69,5.69,5.69,
2015-04-22,5.83,5.83,5.83,5.83,102110.0
2015-04-23,6.3,6.3,6.3,5.76,750000.0
2015-04-24,5.83,6.3,5.83,5.77,750500.0
2015-04-27,5.9,5.9,5.9,5.87,2450.0
2015-04-28,5.8,5.8,5.8,5.8,
2015-04-29,5.87,5.87,5.87,5.81,15570.0
2015-04-30,5.77,5.77,5.77,5.77,54770.0
2015-05-01,5.77,5.77,5.77,5.77,
2015-05-05,5.6,5.6,5.6,5.6,
2015-05-06,5.51,5.51,5.51,5.51,
2015-05-07,5.44,5.44,5.36,5.35,110500.0
2015-05-08,5.49,5.56,5.49,5.52,100000.0
2015-05-11,5.7,5.7,5.7,5.66,4500.0
2015-05-12,5.69,5.69,5.69,5.69,
2015-05-13,5.65,5.65,5.65,5.65,
2015-05-14,5.7,5.7,5.7,5.7,
2015-05-15,5.64,5.64,5.63,5.59,0.0
2015-05-18,5.52,5.52,5.52,5.52,
2015-05-19,5.75,5.75,5.75,5.75,
2015-05-20,5.76,5.76,5.76,5.76,
2015-05-21,5.89,5.89,5.89,5.89,
2015-05-22,6.11,6.11,6.11,6.08,270000.0
2015-05-26,6.37,6.37,6.37,6.37,
2015-05-27,6.92,6.92,6.35,6.31,3770000.0
2015-05-28,5.96,5.98,5.96,5.93,7900.0
2015-05-29,5.95,5.95,5.95,5.89,6000.0
2015-06-01,6.17,6.17,6.17,6.17,
2015-06-02,6.29,6.29,6.29,6.28,10430.0
2015-06-03,6.26,6.26,6.26,6.26,
2015-06-04,6.34,6.34,6.34,6.29,3590.0
2015-06-05,6.32,6.32,6.32,6.32,
2015-06-08,6.51,6.51,6.51,6.48,30000.0
2015-06-09,6.4,6.4,6.35,6.3,37710.0
2015-06-10,6.4,6.4,6.4,6.41,360.0
2015-06-11,6.39,6.39,6.39,6.39,
2015-06-12,6.51,6.51,6.51,6.51,
2015-06-15,6.24,6.24,6.24,6.24,
2015-06-16,6.03,6.03,6.03,6.03,
2015-06-17,6.16,6.16,6.16,6.14,41880.0
2015-06-18,5.9,5.9,5.9,5.98,100000.0
2015-06-19,5.64,5.64,5.64,5.64,
2015-06-22,5.68,5.68,5.68,5.68,
2015-06-23,5.76,5.76,5.76,5.76,
2015-06-24,5.93,5.93,5.93,5.93,
2015-06-25,5.6,5.63,5.6,5.67,5000.0
2015-06-26,5.13,5.13,5.13,5.13,
2015-06-29,5.05,5.05,5.05,5.05,
2015-06-30,5.31,5.31,5.31,5.31,47000.0
2015-07-01,5.03,5.03,5.02,5.02,6000.0
2015-07-02,4.84,4.84,4.84,4.84,89730.0
2015-07-03,4.59,4.59,4.59,4.59,
2015-07-06,4.74,4.74,4.74,4.74,
2015-07-07,4.22,4.22,4.22,4.27,47000.0
2015-07-08,3.94,3.94,3.94,4.03,13000.0
2015-07-09,4.56,4.56,4.56,4.56,
2015-07-10,4.86,4.91,4.86,4.89,244250.0
2015-07-13,4.95,5.0,4.95,4.97,60000.0
2015-07-14,4.83,4.83,4.83,4.83,
2015-07-15,4.59,4.59,4.59,4.59,
2015-07-16,4.83,4.84,4.83,4.79,0.0
2015-07-17,5.0,5.03,5.0,4.99,9800.0
2015-07-20,5.01,5.03,5.01,4.97,50000.0
2015-07-21,5.01,5.01,5.01,5.01,
2015-07-22,5.02,5.02,5.02,5.02,
2015-07-23,5.12,5.12,5.12,5.12,
2015-07-24,5.09,5.09,5.09,5.01,1020.0
2015-07-27,4.6,4.6,4.6,4.6,
2015-07-28,4.45,4.54,4.44,4.51,66410.0
2015-07-29,4.61,4.61,4.59,4.65,1980.0
2015-07-30,4.57,4.6,4.57,4.64,4020.0
2015-07-31,4.64,4.64,4.64,4.64,
2015-08-03,4.6,4.6,4.6,4.62,133580.0
2015-08-04,4.7,4.81,4.7,4.75,6060.0
2015-08-05,4.63,4.63,4.63,4.65,50000.0
2015-08-06,4.59,4.59,4.59,4.59,39040.0
2015-08-07,4.68,4.68,4.68,4.68,
2015-08-10,4.99,4.99,4.99,4.99,
2015-08-11,4.91,4.93,4.91,4.82,42180.0
2015-08-12,4.66,4.66,4.66,4.66,
2015-08-13,4.84,4.84,4.84,4.8,1940.0
2015-08-14,4.82,4.82,4.82,4.82,
2015-08-17,4.83,4.83,4.83,4.83,
2015-08-18,4.49,4.49,4.49,4.49,
2015-08-19,4.55,4.55,4.55,4.51,42180.0
2015-08-20,4.41,4.41,4.41,4.41,
2015-08-21,4.18,4.18,4.18,4.23,1000.0
2015-08-24,3.65,3.65,3.65,3.62,350.0
2015-08-25,3.55,3.55,3.55,3.69,17460.0
2015-08-26,3.51,3.51,3.5,3.47,228000.0
2015-08-27,3.77,3.77,3.77,3.8,50000.0
2015-08-28,3.97,3.97,3.97,3.92,20250.0
2015-09-01,3.72,3.72,3.72,3.72,
2015-09-02,3.69,3.69,3.69,3.69,
2015-09-03,3.79,3.79,3.79,3.8,0.0
2015-09-04,3.78,3.78,3.78,3.67,0.0
2015-09-07,3.77,3.77,3.77,3.77,0.0
2015-09-08,4.01,4.03,4.0,3.99,60000.0
2015-09-09,4.01,4.01,4.01,4.01,30000.0
2015-09-10,4.01,4.01,4.01,4.01,
2015-09-11,3.96,3.96,3.96,3.96,
2015-09-14,3.79,3.79,3.79,3.79,
2015-09-15,3.74,3.74,3.74,3.74,
2015-09-16,3.96,3.96,3.96,3.96,
2015-09-17,3.8,3.8,3.8,3.8,
2015-09-18,3.79,3.79,3.79,3.79,
2015-09-21,3.89,3.89,3.89,3.89,
2015-09-22,3.81,3.81,3.81,3.81,
2015-09-23,3.76,3.76,3.76,3.76,
2015-09-24,3.74,3.74,3.74,3.74,
2015-09-25,3.75,3.75,3.75,3.69,0.0
2015-09-28,3.6,3.66,3.6,3.66,4870.0
2015-09-29,3.63,3.63,3.63,3.63,
2015-09-30,3.65,3.65,3.65,3.65,
2015-10-01,3.77,3.77,3.77,3.65,5300.0
2015-10-02,3.72,3.72,3.72,3.72,
2015-10-05,3.84,3.84,3.84,3.84,
2015-10-06,3.83,3.83,3.83,3.83,
2015-10-07,3.9,3.9,3.9,3.9,
2015-10-08,3.75,3.75,3.75,3.79,1400.0
2015-10-09,3.82,3.82,3.82,3.78,1400.0
2015-10-12,3.92,3.92,3.92,3.92,
2015-10-13,3.93,3.93,3.93,3.91,500.0
2015-10-14,3.9,3.9,3.9,3.9,
2015-10-15,3.99,3.99,3.97,4.04,1600.0
2015-10-16,4.11,4.11,4.06,4.07,1400.0
2015-10-19,4.07,4.07,4.07,4.07,
2015-10-20,4.11,4.11,4.1,4.16,2800.0
2015-10-21,4.0,4.0,4.0,4.0,
2015-10-22,4.11,4.11,4.11,4.11,
2015-10-23,4.11,4.21,4.0,4.14,67350.0
2015-10-26,4.13,4.13,4.13,4.13,
2015-10-27,4.12,4.12,4.12,4.1,370.0
2015-10-28,4.05,4.05,4.05,4.05,
2015-10-29,4.06,4.06,4.06,4.06,
2015-10-30,4.04,4.04,4.04,4.04,
2015-11-02,4.0,4.0,4.0,4.0,
2015-11-03,3.99,3.99,3.99,3.99,
2015-11-04,4.12,4.12,4.12,4.12,
2015-11-05,4.23,4.23,4.23,4.23,
2015-11-06,4.3,4.3,4.3,4.3,1400.0
2015-11-09,4.4,4.4,4.4,4.35,0.0
2015-11-10,4.32,4.32,4.32,4.32,
2015-11-11,4.39,4.39,4.39,4.39,
2015-11-12,4.29,4.29,4.29,4.31,40000.0
2015-11-13,4.3,4.3,4.26,4.23,6800.0
2015-11-16,4.34,4.36,4.34,4.33,8000.0
2015-11-17,4.34,4.34,4.34,4.33,0.0
2015-11-18,4.29,4.31,4.29,4.3,20000.0
2015-11-19,4.35,4.35,4.35,4.34,100.0
2015-11-20,4.42,4.42,4.42,4.42,9490.0
2015-11-23,4.31,4.31,4.31,4.31,
2015-11-24,4.31,4.31,4.31,4.31,
2015-11-25,4.39,4.39,4.39,4.39,4650.0
2015-11-26,4.36,4.37,4.36,4.36,2900.0
2015-11-27,4.08,4.08,4.08,4.08,
2015-11-30,4.03,4.03,4.03,4.05,1400.0
2015-12-01,4.12,4.12,4.12,4.12,
2015-12-02,4.25,4.25,4.25,4.25,
2015-12-03,4.23,4.23,4.23,4.23,
2015-12-04,4.16,4.18,4.16,4.17,2450.0
2015-12-07,4.16,4.16,4.16,4.16,
2015-12-08,4.07,4.07,4.07,4.07,
2015-12-09,4.09,4.09,4.09,4.09,
2015-12-10,4.05,4.05,4.05,4.05,
2015-12-11,4.02,4.02,4.02,4.02,
2015-12-14,4.14,4.14,4.14,4.14,
2015-12-15,4.16,4.16,4.16,4.16,
2015-12-16,4.16,4.16,4.16,4.16,
2015-12-17,4.25,4.25,4.25,4.25,
2015-12-18,4.24,4.24,4.24,4.24,
2015-12-21,4.37,4.37,4.37,4.37,
2015-12-22,4.35,4.42,4.35,4.41,10950.0
2015-12-23,4.4,4.4,4.4,4.4,
2015-12-24,4.37,4.37,4.37,4.37,
2015-12-29,4.26,4.26,4.26,4.27,1860.0
2015-12-30,4.2,4.2,4.2,4.2,
2015-12-31,4.18,4.18,4.18,4.18,
2016-01-04,3.79,3.79,3.79,3.79,
2016-01-05,3.86,3.86,3.85,3.84,4200.0
2016-01-06,3.91,3.91,3.91,3.91,
2016-01-07,3.69,3.69,3.69,3.69,
2016-01-08,3.74,3.74,3.7,3.64,4900.0
2016-01-11,3.56,3.56,3.56,3.56,
2016-01-12,3.55,3.55,3.55,3.59,1850.0
2016-01-13,3.45,3.5,3.45,3.49,131000.0
2016-01-14,3.54,3.54,3.54,3.54,
2016-01-15,3.42,3.42,3.42,3.42,
2016-01-18,3.44,3.44,3.44,3.44,0.0
2016-01-19,3.53,3.53,3.52,3.57,28250.0
2016-01-20,3.45,3.45,3.45,3.45,
2016-01-21,3.48,3.48,3.48,3.48,11600.0
2016-01-22,3.5,3.5,3.5,3.5,
2016-01-25,3.46,3.46,3.44,3.45,3590.0
2016-01-26,3.32,3.32,3.32,3.32,
2016-01-27,3.25,3.25,3.25,3.25,
2016-01-28,3.22,3.24,3.2,3.19,3000.0
2016-01-29,3.27,3.27,3.27,3.27,
2016-02-01,3.26,3.26,3.15,3.15,106100.0
2016-02-02,3.25,3.26,3.18,3.2,35000.0
2016-02-03,3.23,3.23,3.17,3.19,9600.0
2016-02-04,3.27,3.3,3.25,3.27,8560.0
2016-02-05,3.23,3.23,3.23,3.23,
2016-02-08,3.19,3.19,3.19,3.17,11800.0
2016-02-09,3.16,3.16,3.16,3.16,
2016-02-10,3.18,3.19,3.18,3.2,5130.0
2016-02-11,3.11,3.11,3.11,3.11,
2016-02-12,3.14,3.15,3.14,3.16,4200.0
2016-02-15,3.29,3.3,3.29,3.32,63430.0
2016-02-16,3.37,3.37,3.37,3.37,
2016-02-17,3.44,3.44,3.44,3.45,0.0
2016-02-18,3.44,3.44,3.44,3.44,
2016-02-19,3.45,3.45,3.45,3.45,
2016-02-22,3.57,3.57,3.57,3.57,
2016-02-23,3.49,3.49,3.49,3.49,
2016-02-24,3.48,3.48,3.47,3.46,7700.0
2016-02-25,3.31,3.35,3.31,3.32,112800.0
2016-02-26,3.35,3.35,3.35,3.35,
2016-02-29,3.27,3.27,3.18,3.29,3140.0
2016-03-01,3.31,3.32,3.3,3.33,13680.0
2016-03-02,3.48,3.5,3.48,3.51,27020.0
2016-03-03,3.48,3.48,3.48,3.48,
2016-03-04,3.58,3.58,3.58,3.58,1400.0
2016-03-07,3.58,3.58,3.58,3.59,0.0
2016-03-08,3.49,3.49,3.49,3.49,
2016-03-09,3.73,3.73,3.44,3.47,2800.0
2016-03-10,3.39,3.39,3.39,3.49,450000.0
2016-03-11,3.51,3.62,3.51,3.55,501400.0
2016-03-14,3.58,3.62,3.44,3.42,2250000.0
2016-03-15,3.38,3.41,3.38,3.41,141400.0
2016-03-16,3.4,3.4,3.4,3.39,0.0
2016-03-17,3.51,3.51,3.51,3.51,
2016-03-18,3.59,3.59,3.59,3.59,
2016-03-21,3.66,3.66,3.66,3.66,
2016-03-22,3.6,3.6,3.6,3.6,
2016-03-23,3.6,3.6,3.6,3.6,
2016-03-24,3.53,3.53,3.53,3.53,
2016-03-29,3.51,3.51,3.51,3.51,
2016-03-30,3.66,3.66,3.65,3.67,19390.0
2016-03-31,3.66,3.66,3.66,3.66,15000.0
2016-04-01,3.62,3.62,3.62,3.62,270.0
2016-04-04,3.64,3.64,3.64,3.64,
2016-04-05,3.66,3.66,3.66,3.66,
2016-04-06,3.66,3.66,3.66,3.66,10.0
2016-04-07,3.59,3.59,3.59,3.59,
2016-04-08,3.61,3.61,3.61,3.61,
2016-04-11,3.65,3.65,3.65,3.65,
2016-04-12,3.64,3.64,3.64,3.64,
2016-04-13,3.72,3.72,3.72,3.72,54890.0
2016-04-14,3.7,3.7,3.7,3.7,
2016-04-15,3.7,3.7,3.7,3.69,0.0
2016-04-18,3.66,3.66,3.66,3.65,2900.0
2016-04-19,3.68,3.68,3.68,3.68,
2016-04-20,3.56,3.56,3.56,3.56,
2016-04-21,3.51,3.51,3.51,3.47,1400.0
2016-04-22,3.53,3.53,3.53,3.53,36310.0
2016-04-25,3.48,3.48,3.48,3.48,
2016-04-26,3.54,3.54,3.54,3.53,0.0
2016-04-27,3.47,3.47,3.47,3.47,
2016-04-28,3.48,3.48,3.48,3.48,
2016-04-29,3.49,3.49,3.49,3.49,
2016-05-03,3.56,3.56,3.56,3.56,
2016-05-04,3.55,3.55,3.53,3.53,161800.0
2016-05-05,3.55,3.55,3.55,3.55,
2016-05-06,3.43,3.43,3.4,3.4,16670.0
2016-05-09,3.33,3.33,3.33,3.33,26930.0
2016-05-10,3.36,3.36,3.32,3.35,109970.0
2016-05-11,3.34,3.34,3.34,3.34,
2016-05-12,3.35,3.35,3.35,3.35,
2016-05-13,3.32,3.32,3.32,3.33,1400.0
2016-05-16,3.37,3.37,3.37,3.37,
2016-05-17,3.36,3.36,3.36,3.36,
2016-05-18,3.32,3.32,3.32,3.31,0.0
2016-05-19,3.29,3.29,3.29,3.29,
2016-05-20,3.34,3.44,3.34,3.35,12600.0
2016-05-23,3.34,3.34,3.34,3.34,12840.0
2016-05-24,3.34,3.34,3.34,3.34,
2016-05-25,3.32,3.32,3.32,3.32,
2016-05-26,3.32,3.32,3.32,3.32,
2016-05-27,3.33,3.33,3.33,3.33,
2016-05-31,3.38,3.41,3.38,3.41,790.0
2016-06-01,3.27,3.27,3.27,3.39,2800.0
2016-06-02,3.44,3.44,3.44,3.4,640.0
2016-06-03,3.43,3.43,3.43,3.43,
2016-06-06,3.43,3.43,3.43,3.42,810.0
2016-06-07,3.42,3.42,3.42,3.42,
2016-06-08,3.42,3.43,3.42,3.42,10.0
2016-06-09,3.44,3.44,3.44,3.42,1430.0
2016-06-10,3.38,3.38,3.36,3.34,2950.0
2016-06-13,3.23,3.27,3.23,3.28,14570.0
2016-06-14,3.29,3.29,3.29,3.29,
2016-06-15,3.35,3.35,3.35,3.35,
2016-06-16,3.33,3.33,3.33,3.33,
2016-06-17,3.38,3.38,3.37,3.37,5600.0
2016-06-20,3.41,3.41,3.41,3.4,4210.0
2016-06-21,3.37,3.37,3.37,3.36,2800.0
2016-06-22,3.42,3.42,3.42,3.41,7330.0
2016-06-23,3.37,3.37,3.37,3.37,
2016-06-24,3.23,3.23,3.23,3.32,290.0
2016-06-27,3.34,3.34,3.29,3.3,22420.0
2016-06-28,3.35,3.35,3.35,3.35,
2016-06-29,3.4,3.4,3.4,3.4,
2016-06-30,3.4,3.4,3.4,3.4,
2016-07-01,3.41,3.41,3.41,3.4,10.0
2016-07-04,3.44,3.44,3.44,3.44,
2016-07-05,3.44,3.44,3.44,3.44,
2016-07-06,3.48,3.48,3.48,3.46,30.0
2016-07-07,3.5,3.53,3.5,3.5,51400.0
2016-07-08,3.51,3.51,3.51,3.51,
2016-07-11,3.5,3.5,3.5,3.5,
2016-07-12,3.59,3.59,3.59,3.61,1400.0
2016-07-13,3.59,3.59,3.59,3.6,2490.0
2016-07-14,3.6,3.6,3.6,3.6,
2016-07-15,3.59,3.59,3.59,3.59,
2016-07-18,3.6,3.6,3.57,3.57,23530.0
2016-07-19,3.55,3.55,3.55,3.55,
2016-07-20,3.57,3.57,3.57,3.56,7720.0
2016-07-21,3.57,3.58,3.57,3.57,5660.0
2016-07-22,3.56,3.56,3.55,3.54,210.0
2016-07-25,3.57,3.57,3.56,3.55,3670.0
2016-07-26,3.6,3.6,3.6,3.6,
2016-07-27,3.52,3.53,3.5,3.49,2180.0
2016-07-28,3.52,3.52,3.52,3.52,
2016-07-29,3.51,3.52,3.51,3.52,2730.0
2016-08-01,3.44,3.49,3.44,3.48,1420.0
2016-08-02,3.5,3.54,3.48,3.53,5780.0
2016-08-03,3.53,3.53,3.53,3.52,450.0
2016-08-04,3.52,3.52,3.47,3.5,22570.0
2016-08-05,3.49,3.49,3.48,3.52,3940.0
2016-08-08,3.56,3.56,3.56,3.56,
2016-08-09,3.59,3.59,3.54,3.57,8100.0
2016-08-10,3.58,3.58,3.58,3.58,770.0
2016-08-11,3.58,3.58,3.58,3.58,
2016-08-12,3.64,3.64,3.61,3.63,57540.0
2016-08-15,3.74,3.74,3.74,3.74,
2016-08-16,3.73,3.74,3.73,3.73,2000.0
2016-08-17,3.72,3.76,3.72,3.73,1640000.0
2016-08-18,3.74,3.74,3.72,3.72,1110000.0
2016-08-19,4.06,4.06,3.71,3.71,525290.0
2016-08-22,3.69,3.69,3.66,3.68,2660000.0
2016-08-23,3.68,3.68,3.68,3.68,
2016-08-24,3.67,3.67,3.67,3.67,
2016-08-25,3.65,3.65,3.65,3.64,2000.0
2016-08-26,3.64,3.69,3.64,3.66,124480.0
2016-08-30,3.72,3.72,3.63,3.63,3530.0
2016-08-31,3.67,3.67,3.65,3.66,2900.0
2016-09-01,3.63,3.63,3.63,3.62,1400.0
2016-09-02,3.63,3.64,3.63,3.64,6900.0
2016-09-05,3.66,3.67,3.66,3.67,44630.0
2016-09-06,3.66,3.68,3.66,3.68,48700.0
2016-09-07,3.68,3.68,3.68,3.66,5050.0
2016-09-08,3.68,3.69,3.67,3.69,2240.0
2016-09-09,3.66,3.66,3.63,3.63,22840.0
2016-09-12,3.56,3.56,3.56,3.56,10820.0
2016-09-13,3.57,3.57,3.56,3.56,1550.0
2016-09-14,3.54,3.54,3.54,3.56,2410.0
2016-09-15,3.57,3.57,3.57,3.57,
2016-09-16,3.61,3.61,3.58,3.61,50280.0
2016-09-19,3.61,3.62,3.59,3.62,33830.0
2016-09-20,3.58,3.6,3.58,3.6,31700.0
2016-09-21,3.58,3.58,3.58,3.58,
2016-09-22,3.62,3.62,3.6,3.6,8700.0
2016-09-23,3.6,3.6,3.55,3.57,278520.0
2016-09-26,3.49,3.49,3.49,3.49,
2016-09-27,3.53,3.53,3.53,3.53,7000.0
2016-09-28,3.51,3.51,3.51,3.52,1600.0
2016-09-29,3.53,3.53,3.53,3.53,
2016-09-30,3.54,3.54,3.53,3.55,3700.0
2016-10-03,3.54,3.54,3.54,3.54,
2016-10-04,3.55,3.55,3.55,3.55,1000.0
2016-10-05,3.56,3.56,3.56,3.56,
2016-10-06,3.57,3.57,3.57,3.57,
2016-10-07,3.56,3.56,3.56,3.56,
2016-10-10,3.57,3.57,3.57,3.57,
2016-10-11,3.55,3.6,3.55,3.58,36740.0
2016-10-12,3.55,3.55,3.55,3.56,2570.0
2016-10-13,3.56,3.56,3.54,3.55,9400.0
2016-10-14,3.54,3.59,3.54,3.58,205420.0
2016-10-17,3.54,3.54,3.54,3.54,
2016-10-18,3.61,3.61,3.61,3.6,1650.0
2016-10-19,3.59,3.62,3.59,3.61,22280.0
2016-10-20,3.6,3.6,3.6,3.6,
2016-10-21,3.57,3.57,3.57,3.58,3780.0
2016-10-24,3.63,3.63,3.59,3.62,151860.0
2016-10-25,3.61,3.64,3.6,3.61,31890.0
2016-10-26,3.61,3.61,3.61,3.61,
2016-10-27,3.57,3.57,3.57,3.59,100.0
2016-10-28,3.58,3.58,3.58,3.58,
2016-10-31,3.57,3.57,3.53,3.55,21260.0
2016-11-01,3.58,3.58,3.55,3.56,28100.0
2016-11-02,3.54,3.54,3.53,3.55,38390.0
2016-11-03,3.65,3.65,3.56,3.58,2800.0
2016-11-04,3.55,3.55,3.55,3.57,1310.0
2016-11-07,3.58,3.58,3.58,3.58,
2016-11-08,3.6,3.6,3.6,3.6,368300.0
2016-11-09,3.6,3.61,3.56,3.57,45680.0
2016-11-10,3.59,3.59,3.59,3.59,
2016-11-11,3.61,3.64,3.6,3.6,16490.0
2016-11-14,3.61,3.63,3.6,3.62,18390.0
2016-11-15,3.59,3.99,3.57,3.62,91360.0
2016-11-16,3.61,3.61,3.6,3.61,3670.0
2016-11-17,3.63,3.98,3.63,3.63,500130.0
2016-11-18,3.6,3.6,3.6,3.6,
2016-11-21,3.63,3.63,3.63,3.62,502310.0
2016-11-22,3.64,3.64,3.64,3.64,1400.0
2016-11-23,3.62,3.62,3.62,3.62,
2016-11-24,3.64,3.65,3.62,3.64,6650.0
2016-11-25,3.7,3.7,3.7,3.67,27770.0
2016-11-28,3.65,3.7,3.65,3.7,7840.0
2016-11-29,3.71,3.74,3.71,3.74,8150.0
2016-11-30,3.71,3.71,3.7,3.69,7580.0
2016-12-01,3.73,3.73,3.73,3.73,
2016-12-02,3.69,3.69,3.69,3.69,
2016-12-05,3.66,3.66,3.62,3.65,8450.0
2016-12-06,3.66,3.68,3.64,3.65,26070.0
2016-12-07,3.65,3.65,3.65,3.67,5210.0
2016-12-08,3.65,3.65,3.61,3.63,67530.0
2016-12-09,3.64,3.64,3.64,3.64,
2016-12-12,3.54,3.54,3.54,3.54,
2016-12-13,3.57,3.57,3.57,3.55,4070.000000000001
2016-12-14,3.52,3.52,3.49,3.51,70410.0
2016-12-15,3.44,3.46,3.44,3.45,7970.0
2016-12-16,3.47,3.47,3.47,3.47,
2016-12-19,3.45,3.45,3.42,3.43,176170.0
2016-12-20,3.37,3.4,3.37,3.41,6550.0
2016-12-21,3.44,3.44,3.44,3.48,20.0
2016-12-23,3.43,3.43,3.41,3.44,4090.0
2016-12-28,3.42,3.43,3.42,3.42,6020.0
2016-12-29,3.41,3.43,3.39,3.41,368150.0
2017-01-03,3.47,3.47,3.45,3.46,18020.0
2017-01-04,3.47,3.52,3.47,3.51,7580.0
2017-01-05,3.55,3.6,3.55,3.6,388090.0
2017-01-09,3.57,3.58,3.55,3.57,5670.0
2017-01-10,3.57,3.6,3.57,3.59,47550.0
2017-01-11,3.55,3.56,3.55,3.54,50250.0
2017-01-12,3.55,3.58,3.55,3.58,92200.0
2017-01-13,3.57,3.59,3.57,3.58,10460.0
2017-01-16,3.56,3.56,3.55,3.55,8690.0
2017-01-17,3.57,3.61,3.56,3.6,42320.0
2017-01-18,3.61,3.63,3.61,3.62,14480.0
2017-01-19,3.6,3.63,3.6,3.61,11270.0
2017-01-20,3.59,3.63,3.59,3.63,15400.0
2017-01-23,3.65,3.65,3.65,3.65,5000.0
2017-01-24,3.67,3.69,3.67,3.67,28680.0
2017-01-25,3.66,3.71,3.64,3.7,45290.0
2017-01-26,3.75,3.8,3.75,3.8,49060.0
2017-01-27,3.71,3.75,3.71,3.74,20.0
2017-01-30,3.69,3.8,3.69,3.66,15650.0
2017-01-31,3.67,3.68,3.66,3.67,10970.0
2017-02-01,3.68,3.7,3.68,3.67,48720.0
2017-02-02,3.65,3.68,3.65,3.69,3680.0
2017-02-03,3.69,3.7,3.68,3.67,10570.0
2017-02-06,3.65,3.66,3.65,3.66,7550.0
2017-02-07,3.64,3.64,3.64,3.64,5440.0
2017-02-08,3.65,3.65,3.64,3.64,758430.0
2017-02-09,3.67,3.67,3.67,3.67,4680.0
2017-02-10,3.68,3.7,3.67,3.69,10100.0
2017-02-13,3.7,3.7,3.66,3.68,12370.0
2017-02-14,3.7,3.7,3.67,3.68,3070.0
2017-02-15,3.67,3.69,3.67,3.67,12000.0
2017-02-16,3.69,3.72,3.69,3.71,8770.0
2017-02-17,3.69,3.7,3.69,3.69,11780.0
2017-02-20,3.77,3.77,3.76,3.78,17350.0
2017-02-21,3.78,3.8,3.77,3.79,9820.0
2017-02-22,3.78,3.79,3.75,3.78,46300.0
2017-02-23,3.78,3.78,3.75,3.75,5490.0
2017-02-24,3.75,3.75,3.74,3.74,14730.0
2017-02-27,3.74,3.74,3.73,3.73,109260.0
2017-03-01,3.75,3.75,3.75,3.74,30.0
2017-03-02,3.67,3.68,3.67,3.68,6680.0
2017-03-03,3.7,3.7,3.68,3.68,3580.0
2017-03-06,3.7,3.7,3.7,3.69,12000.0
2017-03-07,3.7,3.7,3.7,3.69,1400.0
2017-03-08,3.68,3.68,3.67,3.68,51490.0
2017-03-10,3.68,3.68,3.68,3.67,8000.0
2017-03-13,3.72,3.72,3.71,3.7,6240.0
2017-03-15,3.7,3.7,3.69,3.7,13610.0
2017-03-16,3.74,3.75,3.74,3.74,36310.0
2017-03-17,3.68,3.69,3.68,3.68,189330.0
2017-03-20,3.7,3.7,3.7,3.7,2620.0
2017-03-22,3.76,3.76,3.67,3.71,28080.0
2017-03-23,3.75,3.75,3.67,3.72,62600.0
2017-03-24,3.76,3.77,3.74,3.76,55290.0
2017-03-27,3.76,3.76,3.71,3.74,17730.0
2017-03-29,3.73,3.74,3.72,3.72,11960.0
2017-04-03,3.73,3.73,3.68,3.69,336660.0
2017-04-04,3.71,3.71,3.71,3.7,2900.0
2017-04-05,3.74,3.74,3.74,3.74,180000.0
2017-04-07,3.74,3.74,3.74,3.76,1340.0
2017-04-10,3.73,3.73,3.73,3.72,440.0
2017-04-12,3.77,3.77,3.75,3.76,4070.000000000001
2017-04-13,3.76,3.76,3.76,3.74,8210.0
2017-04-20,3.73,3.73,3.73,3.71,1800.0
2017-04-24,3.65,3.65,3.61,3.61,12550.0
2017-04-25,3.62,3.63,3.61,3.62,34870.0
2017-04-26,3.63,3.63,3.6,3.61,5430.0
2017-04-27,3.61,3.62,3.6,3.61,14030.0
2017-05-02,3.58,3.59,3.58,3.57,56180.0
2017-05-03,3.57,3.57,3.57,3.57,700.0
2017-05-04,3.59,3.59,3.59,3.57,1500.0
2017-05-08,3.52,3.52,3.51,3.5,13910.0
2017-05-09,3.5,3.52,3.5,3.52,7600.0
2017-05-15,3.6,3.6,3.55,3.56,10730.0
2017-05-16,3.57,3.58,3.56,3.57,70850.0
2017-05-17,3.57,3.57,3.56,3.57,11160.0
2017-05-19,3.54,3.58,3.54,3.58,54620.0
2017-05-22,3.57,3.57,3.55,3.56,16020.0
2017-05-23,3.56,3.56,3.55,3.55,11400.0
2017-05-24,3.56,3.56,3.54,3.55,131810.0
2017-05-25,3.61,3.63,3.61,3.63,7880.0
2017-05-26,3.63,3.63,3.62,3.62,38480.0
2017-05-30,3.68,3.68,3.62,3.63,43530.0
2017-05-31,3.66,3.66,3.66,3.66,2840.0
2017-06-01,3.65,3.65,3.64,3.66,56110.0
2017-06-02,3.66,3.66,3.64,3.65,20340.0
2017-06-05,3.63,3.65,3.63,3.63,2800.0
2017-06-07,3.71,3.71,3.7,3.72,26700.0
2017-06-08,3.74,3.76,3.74,3.74,57790.0
2017-06-09,3.74,3.74,3.74,3.76,2570.0
2017-06-12,3.74,3.77,3.71,3.73,23040.0
2017-06-14,3.74,3.74,3.74,3.73,100.0
2017-06-16,3.69,3.69,3.68,3.69,20250.0
2017-06-19,3.72,3.73,3.72,3.75,5800.0
2017-06-20,3.74,3.8,3.74,3.74,46380.0
2017-06-21,3.77,3.77,3.77,3.77,5000.0
2017-06-22,3.77,3.77,3.77,3.77,93420.0
2017-06-23,3.8,3.8,3.8,3.81,1740.0
2017-06-26,3.85,3.85,3.85,3.86,5110.0
2017-06-27,3.89,3.89,3.87,3.87,3810.0
2017-06-28,3.88,3.88,3.88,3.87,16290.0
2017-06-29,3.87,3.87,3.84,3.86,5820.0
2017-07-05,3.87,3.89,3.87,3.89,2100.0
2017-07-06,3.89,3.89,3.89,3.89,1400.0
2017-07-10,3.91,3.91,3.89,3.9,2350.0
2017-07-11,3.92,3.92,3.9,3.91,14240.0
2017-07-13,3.94,3.95,3.93,3.94,2700.0
2017-07-14,3.93,3.93,3.93,3.96,11540.0
2017-07-17,3.9,3.9,3.89,3.89,20340.0
2017-07-31,4.04,4.04,4.04,4.05,250.0
2017-08-02,4.06,4.06,4.03,4.04,223180.0
2017-08-03,4.04,4.06,4.04,4.02,4800.0
2017-08-07,4.04,4.04,3.93,3.96,777760.0
2017-08-08,3.99,4.0,3.99,3.98,1590.0
2017-08-11,3.9,3.9,3.9,3.9,2190.0
2017-08-14,3.99,3.99,3.99,3.96,6250.0
2017-08-15,3.98,3.98,3.98,3.96,500.0
2017-08-16,3.98,3.99,3.98,3.99,9330.0
2017-08-17,4.0,4.0,4.0,4.01,5350.0
2017-08-18,4.01,4.01,3.98,3.99,2980.0
2017-08-21,4.02,4.04,4.0,4.04,4720.0
2017-08-22,4.05,4.05,4.05,4.05,1000.0
2017-08-23,4.04,4.04,4.04,4.03,1400.0
2017-08-24,4.01,4.01,4.01,4.01,1090.0
2017-08-25,4.06,4.07,4.06,4.08,45180.0
2017-08-31,4.16,4.16,4.14,4.14,24790.0
2017-09-01,4.18,4.22,4.18,4.22,3280.0
2017-09-05,4.22,4.24,4.22,4.24,14510.0
2017-09-06,4.23,4.25,4.23,4.25,124590.0
2017-09-07,4.25,4.25,4.25,4.26,1400.0
2017-09-08,4.3,4.3,4.3,4.27,10000.0
2017-09-12,4.26,4.28,4.26,4.26,134590.0
2017-09-13,4.27,4.27,4.24,4.24,5360.0
2017-09-14,4.24,4.24,4.24,4.24,1400.0
2017-09-15,4.23,4.26,4.23,4.26,7320.0
2017-09-19,4.19,4.19,4.19,4.2,2800.0
2017-09-20,4.25,4.25,4.25,4.24,120000.0
2017-09-21,4.21,4.23,4.21,4.22,40950.0
2017-09-22,4.19,4.19,4.19,4.2,1400.0
2017-09-27,4.16,4.16,4.16,4.16,1050.0
2017-09-28,4.14,4.14,4.14,4.13,3200.0
2017-09-29,4.17,4.17,4.17,4.18,1400.0
2017-10-02,4.16,4.25,4.16,4.22,7610.0
2017-10-03,4.25,4.29,4.25,4.29,98050.0
2017-10-04,4.28,4.29,4.25,4.29,126090.0
2017-10-06,4.28,4.28,4.28,4.28,1400.0
2017-10-09,4.23,4.24,4.23,4.25,3740.0
2017-10-11,4.3,4.3,4.27,4.28,20760.0
2017-10-12,4.3,4.3,4.3,4.29,15390.0
2017-10-13,4.32,4.34,4.29,4.32,736720.0
2017-10-16,4.3,4.32,4.3,4.3,733480.0
2017-10-18,4.3,4.3,4.28,4.29,137510.0
2017-10-19,4.25,4.27,4.23,4.26,43450.0
2017-10-20,4.28,4.28,4.28,4.29,920.0
2017-10-23,4.32,4.32,4.29,4.28,2100.0
2017-10-24,4.31,4.32,4.3,4.31,18060.0
2017-10-25,4.34,4.34,4.31,4.31,171110.0
2017-10-26,4.35,4.37,4.35,4.36,2450.0
2017-10-27,4.38,4.38,4.37,4.37,
2017-10-30,4.32,4.32,4.32,4.31,2000.0
2017-10-31,4.35,4.35,4.35,4.35,270.0
2017-11-01,4.37,4.38,4.36,4.37,22520.0
2017-11-02,4.37,4.37,4.35,4.37,35650.0
2017-11-06,4.39,4.4,4.38,4.39,10500.0
2017-11-07,4.44,4.44,4.42,4.42,640.0
2017-11-08,4.43,4.43,4.43,4.4,1540.0
2017-11-09,4.44,4.44,4.41,4.42,20000.0
2017-11-10,4.46,4.48,4.46,4.46,2220.0
2017-11-13,4.5,4.5,4.5,4.47,750.0
2017-11-14,4.43,4.43,4.42,4.42,2540.0
2017-11-17,4.42,4.42,4.42,4.41,650.0
2017-11-20,4.47,4.47,4.47,4.45,710.0
2017-11-21,4.54,4.56,4.54,4.55,56340.0
2017-11-22,4.56,4.56,4.53,4.54,5040.0
2017-11-23,0.0,4.4,4.4,4.43,220.0
2017-11-24,0.0,4.43,4.43,4.43,860.0
2017-11-27,4.39,4.39,4.39,4.39,19550.0
2017-11-28,4.43,4.47,4.43,4.44,79550.0
2017-11-29,4.44,4.44,4.44,4.44,1400.0
2017-12-01,4.38,4.38,4.38,4.37,4370.0
2017-12-04,4.43,4.45,4.41,4.42,89400.0
2017-12-05,4.42,4.42,4.4,4.39,12800.0
2017-12-06,4.39,4.39,4.39,4.37,470.0
2017-12-07,4.34,4.34,4.28,4.3,29790.0
2017-12-08,4.33,4.35,4.33,4.34,7470.0
2017-12-11,0.0,4.42,4.42,4.39,30.0
2017-12-12,0.0,4.33,4.33,4.35,19000.0
2017-12-14,0.0,4.41,4.41,4.39,910.0
2017-12-15,4.31,4.31,4.28,4.35,18660.0
2017-12-18,4.32,4.33,4.32,4.34,1150.0
2017-12-19,4.42,4.42,4.42,4.39,530.0
2017-12-20,4.42,4.42,4.42,4.39,40.0
2017-12-21,4.44,4.45,4.41,4.45,40920.0
2017-12-22,4.45,4.46,4.44,4.43,26530.0
2017-12-27,4.43,4.43,4.39,4.38,3040.0
2017-12-28,4.44,4.45,4.44,4.44,8600.0
2018-01-02,4.55,4.55,4.55,4.55,1400.0
2018-01-03,0.0,4.6,4.6,4.59,20.0
2018-01-04,4.59,4.59,4.58,4.58,59910.0
2018-01-05,4.6,4.6,4.58,4.59,69160.0
2018-01-08,4.57,4.63,4.57,4.62,1520.0
2018-01-09,4.64,4.64,4.61,4.64,15070.0
2018-01-10,0.0,4.64,4.64,4.65,4760.0
2018-01-11,4.67,4.68,4.67,4.68,12710.0
2018-01-12,4.74,4.74,4.7,4.73,20500.0
2018-01-15,4.72,4.72,4.71,4.71,2020.0
2018-01-16,4.76,4.76,4.74,4.74,2110.0
2018-01-18,4.73,4.77,4.73,4.76,28510.0
2018-01-19,4.82,4.83,4.8,4.82,269240.0
2018-01-22,4.88,4.89,4.84,4.87,27630.0
2018-01-23,4.94,4.94,4.91,4.93,128860.0
2018-01-24,4.95,4.97,4.95,4.95,249760.0
2018-01-25,4.94,4.96,4.92,4.95,112740.0
2018-01-26,4.98,4.98,4.87,4.93,348590.0
2018-01-29,4.84,4.84,4.78,4.78,10060.0
2018-01-30,4.75,4.77,4.75,4.75,1100.0
2018-01-31,4.78,4.79,4.78,4.78,10750.0
2018-02-01,4.72,4.73,4.71,4.7,24130.0
2018-02-02,4.73,4.73,4.72,4.71,4500.0
2018-02-05,0.0,4.76,4.76,4.75,400.0
2018-02-06,4.61,4.63,4.54,4.62,78740.0
2018-02-07,4.54,4.57,4.51,4.57,89360.0
2018-02-08,4.5,4.5,4.41,4.43,80890.0
2018-02-09,4.36,4.43,4.14,4.14,70960.0
2018-02-12,4.35,4.35,4.3,4.32,19610.0
2018-02-13,4.35,4.35,4.35,4.36,8039.999999999999
2018-02-14,4.41,4.51,4.41,4.56,485060.0
2018-02-15,4.63,4.75,4.63,4.72,330520.0
2018-02-16,4.79,4.79,4.77,4.78,2440.0
2018-02-19,4.77,4.77,4.71,4.7,29830.0
2018-02-20,4.6,4.6,4.58,4.59,40400.0
2018-02-21,4.64,4.66,4.64,4.66,13820.0
2018-02-22,4.6,4.66,4.6,4.66,9980.0
2018-02-23,4.66,4.66,4.64,4.63,194530.0
2018-02-26,4.69,4.69,4.69,4.67,128520.0
2018-02-27,4.59,4.59,4.59,4.56,17390.0
2018-02-28,4.54,4.54,4.54,4.55,6000.0
2018-03-02,4.55,4.55,4.54,4.53,4470.0
2018-03-05,4.54,4.54,4.53,4.56,5110.0
2018-03-06,4.62,4.65,4.59,4.63,19480.0
2018-03-07,4.58,4.58,4.58,4.59,1460.0
2018-03-08,4.62,4.62,4.62,4.61,1030.0
2018-03-09,4.65,4.65,4.64,4.66,21100.0
2018-03-12,4.67,4.67,4.64,4.64,53750.0
2018-03-13,4.62,4.62,4.62,4.61,600.0
2018-03-14,4.6,4.63,4.57,4.59,21990.0
2018-03-15,4.63,4.63,4.63,4.63,650.0
2018-03-16,4.59,4.6,4.58,4.58,11590.0
2018-03-20,4.59,4.59,4.59,4.61,14990.0
2018-03-21,4.54,4.58,4.53,4.56,68210.0
2018-03-22,4.47,4.47,4.46,4.48,980.0
2018-03-23,4.41,4.42,4.37,4.36,42350.0
2018-03-26,4.42,4.42,4.41,4.4,7090.0
2018-03-27,4.45,4.45,4.45,4.44,2140.0
2018-03-28,4.31,4.31,4.27,4.27,535680.0
2018-03-29,4.42,4.42,4.42,4.43,600.0
2018-04-04,4.32,4.32,4.26,4.34,27840.0
2018-04-06,4.36,4.36,4.34,4.33,42600.0
2018-04-10,4.43,4.45,4.43,4.43,2680.0
2018-04-11,4.45,4.45,4.45,4.47,12990.0
2018-04-12,4.45,4.45,4.4,4.43,9040.0
2018-04-16,4.32,4.32,4.32,4.31,9350.0
2018-04-17,4.23,4.32,4.22,4.31,3500.0
2018-04-18,4.25,4.29,4.25,4.29,19000.0
2018-04-19,4.34,4.35,4.32,4.32,49860.0
2018-04-20,4.27,4.27,4.25,4.24,11710.0
2018-04-23,4.26,4.26,4.23,4.24,20830.0
2018-04-25,0.0,4.29,4.29,4.3,1600.0
2018-04-26,4.22,4.24,4.22,4.25,260.0
2018-04-28,4.24,4.24,4.24,4.24,
2018-04-30,4.28,4.28,4.28,4.28,3230.0
2018-05-02,4.23,4.23,4.22,4.22,7150.0
2018-05-04,4.23,4.25,4.21,4.24,4240.0
2018-05-08,4.37,4.37,4.32,4.33,32830.0
2018-05-11,4.35,4.38,4.35,4.37,3110.0
2018-05-14,4.38,4.42,4.38,4.42,12040.0
2018-05-15,4.41,4.41,4.36,4.35,21830.0
2018-05-16,4.36,4.38,4.36,4.37,24480.0
2018-05-17,4.33,4.34,4.32,4.33,28910.0
2018-05-18,4.36,4.36,4.35,4.34,240.0
2018-05-21,4.39,4.4,4.39,4.38,1460.0
2018-05-22,4.39,4.4,4.39,4.4,124450.0
2018-05-23,4.32,4.32,4.3,4.3,4730.0
2018-05-24,4.29,4.29,4.27,4.28,42370.0
2018-05-25,4.28,4.28,4.26,4.27,10800.0
2018-05-29,4.26,4.26,4.22,4.25,1870000.0
2018-05-30,4.17,4.18,4.17,4.18,5020.0
2018-05-31,4.28,4.28,4.26,4.26,6430.0
2018-06-01,4.25,4.27,4.25,4.25,105680.0
2018-06-04,4.27,4.31,4.27,4.3,19610.0
2018-06-05,4.33,4.33,4.32,4.32,3360.0
2018-06-06,4.31,4.32,4.31,4.33,1500.0
2018-06-07,4.33,4.33,4.32,4.32,8500.0
2018-06-10,4.24,4.24,4.24,4.24,
2018-06-11,4.26,4.26,4.25,4.25,19930.0
2018-06-12,4.3,4.3,4.29,4.28,15320.0
2018-06-13,4.26,4.27,4.25,4.27,33960.0
2018-06-14,4.25,4.27,4.25,4.26,48130.0
2018-06-15,4.19,4.19,4.19,4.19,24840.0
2018-06-18,4.18,4.18,4.13,4.15,140980.0
2018-06-19,4.03,4.03,4.0,4.03,24590.0
2018-06-20,4.06,4.08,4.03,4.04,78080.0
2018-06-21,3.98,4.0,3.98,3.99,17300.0
2018-06-22,4.04,4.04,4.02,4.02,55160.0
2018-06-25,3.95,3.95,3.93,3.92,8150.0
2018-06-26,3.9,3.91,3.87,3.87,534600.0
2018-06-27,3.8,3.81,3.77,3.78,29770.0
2018-06-28,3.75,3.76,3.75,3.76,11440.0
2018-06-29,3.83,3.87,3.83,3.84,67070.0
2018-07-02,3.69,3.71,3.68,3.69,6110.0
2018-07-03,3.71,3.72,3.7,3.71,71880.0
2018-07-05,3.68,3.7,3.66,3.66,66580.0
2018-07-06,3.66,3.7,3.66,3.68,37170.0
2018-07-09,3.8,3.81,3.8,3.8,3790.0
2018-07-10,3.8,3.8,3.79,3.79,7430.0
2018-07-11,3.74,3.74,3.71,3.72,20680.0
2018-07-12,3.77,3.81,3.77,3.8,63430.0
2018-07-13,3.8,3.8,3.79,3.81,14830.0
2018-07-16,3.79,3.81,3.78,3.78,67490.0
2018-07-17,3.78,3.79,3.78,3.78,18820.0
2018-07-18,3.75,3.76,3.75,3.76,549460.0
2018-07-19,3.75,3.75,3.69,3.7,79600.0
2018-07-20,3.78,3.78,3.75,3.78,653440.0
2018-07-23,3.81,3.81,3.78,3.78,186970.0
2018-07-24,3.84,3.9,3.83,3.89,14450.0
2018-07-25,3.86,3.88,3.85,3.85,4190000.000000001
2018-07-26,3.83,3.83,3.81,3.82,1410.0
2018-07-27,3.8,3.8,3.79,3.8,4470.0
2018-07-31,3.78,3.82,3.78,3.81,5060.0
2018-08-01,3.7,3.71,3.7,3.7,69820.0
2018-08-02,3.63,3.63,3.57,3.61,47150.0
2018-08-03,3.55,3.59,3.52,3.59,150160.0
2018-08-06,3.51,3.54,3.51,3.51,116310.0
2018-08-07,3.62,3.67,3.62,3.66,299330.0
2018-08-08,3.58,3.59,3.58,3.58,12330.0
2018-08-09,3.68,3.69,3.68,3.68,66490.0
2018-08-10,3.65,3.65,3.63,3.63,32570.0
2018-08-13,3.61,3.63,3.61,3.61,60160.0
2018-08-14,3.6,3.61,3.59,3.6,14780.0
2018-08-15,3.53,3.53,3.45,3.44,488970.0
2018-08-16,3.49,3.53,3.49,3.52,20380.0
2018-08-17,3.45,3.46,3.44,3.48,5190.0
2018-08-20,3.51,3.51,3.51,3.51,140.0
2018-08-21,3.58,3.6,3.58,3.59,112050.0
2018-08-22,3.58,3.58,3.57,3.57,6780.0
2018-08-23,3.56,3.56,3.54,3.53,47700.0
2018-08-24,3.56,3.62,3.56,3.61,4260.0
2018-08-28,3.67,3.68,3.66,3.67,52530.0
2018-08-29,3.63,3.64,3.63,3.64,32170.0
2018-08-30,3.6,3.6,3.58,3.56,40030.0
2018-08-31,3.59,3.59,3.54,3.55,27310.0
2018-09-03,3.56,3.57,3.55,3.57,17020.0
2018-09-04,3.6,3.6,3.58,3.58,101490.0
2018-09-05,3.55,3.55,3.52,3.53,138480.0
2018-09-06,3.52,3.55,3.52,3.52,16470.0
2018-09-07,3.5,3.51,3.49,3.51,3000.0
2018-09-10,3.47,3.48,3.47,3.47,10740.0
2018-09-11,3.43,3.43,3.38,3.4,122230.0
2018-09-12,3.42,3.47,3.42,3.49,9890.0
2018-09-13,3.5,3.52,3.5,3.52,19290.0
2018-09-14,3.5,3.5,3.48,3.48,6270.0
2018-09-17,3.44,3.46,3.44,3.45,102260.0
2018-09-18,3.52,3.54,3.51,3.53,230330.0
2018-09-19,3.58,3.6,3.58,3.59,3170.0
2018-09-20,3.58,3.6,3.58,3.59,7120.0
2018-09-21,3.71,3.71,3.68,3.68,98890.0
2018-09-24,3.65,3.65,3.64,3.65,4050.0
2018-09-25,3.63,3.64,3.63,3.64,684040.0
2018-09-26,3.67,3.69,3.66,3.68,343240.0
2018-09-27,3.65,3.66,3.65,3.66,113150.0
2018-09-28,3.67,3.7,3.67,3.69,73390.0
2018-10-02,3.62,3.63,3.61,3.61,146910.0
2018-10-03,3.63,3.64,3.61,3.62,661470.0
2018-10-04,3.54,3.56,3.53,3.53,29330.0
2018-10-05,3.53,3.53,3.51,3.53,17210.0
2018-10-08,3.5,3.5,3.44,3.47,81740.0
2018-10-09,3.47,3.47,3.47,3.49,800.0
2018-10-10,3.49,3.5,3.44,3.44,96490.0
2018-10-11,3.35,3.38,3.3,3.35,252070.0
2018-10-12,3.39,3.39,3.37,3.38,59050.0
2018-10-15,3.34,3.35,3.3,3.35,133650.0
2018-10-16,3.32,3.35,3.32,3.34,11120.0
2018-10-17,3.33,3.33,3.3,3.31,5730.0
2018-10-18,3.23,3.25,3.23,3.23,87260.0
2018-10-19,3.33,3.33,3.32,3.33,86370.0
2018-10-22,3.48,3.5,3.47,3.46,87490.0
2018-10-23,3.38,3.38,3.35,3.36,22450.0
2018-10-24,3.39,3.39,3.38,3.37,1110.0
2018-10-25,3.38,3.4,3.38,3.41,14590.0
2018-10-26,3.36,3.36,3.36,3.36,47230.0
2018-10-29,3.26,3.29,3.25,3.26,45250.0
2018-10-30,3.28,3.28,3.27,3.28,138310.0
2018-10-31,3.36,3.38,3.35,3.35,138230.0
2018-11-01,3.37,3.47,3.37,3.46,3000.0
2018-11-02,3.55,3.6,3.48,3.48,113720.0
2018-11-05,3.45,3.47,3.45,3.47,51100.0
2018-11-06,3.47,3.47,3.45,3.45,34410.0
2018-11-07,3.47,3.47,3.46,3.46,140170.0
2018-11-08,3.45,3.45,3.41,3.42,140140.0
2018-11-09,3.35,3.35,3.33,3.33,104500.0
2018-11-12,3.39,3.39,3.36,3.34,149980.0
2018-11-13,3.45,3.47,3.43,3.45,62440.0
2018-11-14,3.39,3.4,3.39,3.39,5800.0
2018-11-15,3.44,3.45,3.43,3.44,24990.0
2018-11-16,3.45,3.48,3.45,3.47,558990.0
2018-11-19,3.5,3.51,3.48,3.48,148730.0
2018-11-20,3.42,3.42,3.39,3.38,10570.0
2018-11-21,3.43,3.46,3.41,3.45,59960.0
2018-11-22,3.42,3.42,3.4,3.41,743050.0
2018-11-23,3.34,3.37,3.34,3.36,11070.0
2018-11-26,3.36,3.37,3.34,3.36,254280.0
2018-11-27,3.32,3.33,3.32,3.33,84830.0
2018-11-28,3.35,3.37,3.35,3.37,74880.0
2018-11-29,3.36,3.36,3.34,3.36,97330.0
2018-11-30,3.38,3.4,3.37,3.37,1520000.0
2018-12-03,3.5,3.53,3.5,3.52,868730.0
2018-12-04,3.53,3.55,3.53,3.53,157700.0
2018-12-05,3.51,3.51,3.48,3.49,17890.0
2018-12-06,3.42,3.42,3.39,3.4,117280.0
2018-12-07,3.43,3.43,3.43,3.4,51300.0
2018-12-10,3.37,3.38,3.33,3.34,108420.0
2018-12-11,3.4,3.42,3.39,3.4,152500.0
2018-12-12,3.42,3.44,3.41,3.44,348290.0
2018-12-13,3.47,3.47,3.46,3.45,4720.0
2018-12-14,3.41,3.42,3.39,3.41,54980.0
2018-12-17,3.38,3.39,3.37,3.39,263400.0
2018-12-18,3.39,3.39,3.39,3.38,40.0
2018-12-19,3.35,3.37,3.34,3.36,24390.0
2018-12-20,3.31,3.33,3.3,3.3,163770.0
2018-12-21,3.29,3.29,3.24,3.27,145350.0
2018-12-27,3.23,3.23,3.23,3.23,6850.0
2018-12-28,3.25,3.28,3.25,3.25,61180.0
2018-12-31,3.29,3.29,3.29,3.28,17570.0
2019-01-02,3.24,3.24,3.22,3.23,283910.0
2019-01-03,3.21,3.22,3.2,3.22,74190.0
2019-01-04,3.29,3.33,3.29,3.32,10050.0
2019-01-07,3.32,3.32,3.3,3.32,60360.0
2019-01-08,3.32,3.33,3.32,3.33,9270.0
2019-01-09,3.37,3.4,3.36,3.39,405390.0
2019-01-10,3.38,3.4,3.38,3.4,650.0
2019-01-11,3.43,3.43,3.4,3.41,224800.0
2019-01-14,3.38,3.38,3.38,3.38,57700.0
2019-01-15,3.46,3.46,3.42,3.43,94350.0
2019-01-16,3.48,3.48,3.48,3.48,15500.0
2019-01-17,3.45,3.45,3.44,3.45,2940.0
2019-01-18,3.5,3.51,3.49,3.51,135280.0
2019-01-21,3.51,3.51,3.49,3.5,175730.0
2019-01-22,3.44,3.47,3.43,3.45,100650.0
2019-01-23,3.46,3.47,3.45,3.46,86410.0
2019-01-24,3.48,3.49,3.47,3.48,266680.0
2019-01-25,3.52,3.56,3.52,3.55,328920.0
2019-01-28,3.53,3.53,3.52,3.52,77360.0
2019-01-29,3.54,3.55,3.54,3.53,23860.0
2019-01-30,3.54,3.55,3.54,3.54,9760.0
2019-01-31,3.6,3.6,3.57,3.59,39540.0
2019-02-01,3.6,3.62,3.6,3.6,149710.0
2019-02-04,3.59,3.59,3.58,3.59,114210.0
2019-02-05,3.62,3.62,3.62,3.62,2220.0
2019-02-06,3.63,3.65,3.63,3.63,46260.0
2019-02-07,3.6,3.6,3.57,3.57,106810.0
2019-02-08,3.54,3.56,3.53,3.53,123250.0
2019-02-11,3.63,3.65,3.63,3.64,635480.0
2019-02-12,3.65,3.67,3.64,3.66,1020000.0
2019-02-13,3.73,3.75,3.72,3.73,114590.0
2019-02-14,3.73,3.73,3.7,3.73,292810.0
2019-02-15,3.65,3.7,3.64,3.68,526940.0
2019-02-18,3.78,3.78,3.77,3.77,1480000.0
2019-02-19,3.76,3.8,3.75,3.8,120200.0
2019-02-20,3.82,3.85,3.81,3.84,87250.0
2019-02-21,3.82,3.82,3.8,3.8,26170.0
2019-02-22,3.89,3.9,3.87,3.89,180340.0
2019-02-25,4.13,4.15,4.1,4.15,161000.0
2019-02-26,4.07,4.1,4.06,4.1,67120.0
2019-02-27,4.07,4.07,4.05,4.06,132120.0
2019-02-28,4.04,4.05,4.03,4.04,214970.0
2019-03-01,4.1,4.14,4.1,4.13,922020.0
2019-03-04,4.19,4.21,4.19,4.19,454410.0
2019-03-05,4.2,4.2,4.17,4.18,59780.0
2019-03-06,4.2,4.24,4.19,4.2,101850.0
2019-03-07,4.15,4.16,4.1,4.12,373460.0
2019-03-08,3.97,3.98,3.93,3.96,7360000.0
2019-03-11,4.05,4.11,4.04,4.1,82190.0
2019-03-12,4.1,4.14,4.1,4.13,262010.0
2019-03-13,4.07,4.1,4.07,4.08,243300.0
2019-03-14,4.04,4.05,4.02,4.03,152150.0
2019-03-15,4.1,4.12,4.09,4.12,137400.0
2019-03-18,4.22,4.24,4.2,4.22,281660.0
2019-03-19,4.2,4.23,4.2,4.23,58700.0
2019-03-20,4.2,4.2,4.17,4.17,71230.0
2019-03-21,4.19,4.21,4.18,4.19,202350.0
2019-03-22,4.19,4.19,4.12,4.12,204720.0
2019-03-25,4.09,4.1,4.07,4.09,227670.0
2019-03-26,4.04,4.07,4.04,4.07,113850.0
2019-03-27,4.07,4.07,4.04,4.05,72550.0
2019-03-28,4.04,4.07,4.04,4.06,147880.0
2019-03-29,4.24,4.24,4.2,4.22,1120000.0
2019-04-01,4.32,4.37,4.32,4.35,241330.0
2019-04-02,4.34,4.34,4.32,4.33,387180.0
2019-04-03,4.39,4.43,4.39,4.43,159150.0
2019-04-04,4.44,4.47,4.42,4.46,13670000.0
2019-04-05,4.51,4.51,4.49,4.5,217760.0
2019-04-08,4.43,4.45,4.42,4.44,175740.0
2019-04-09,4.44,4.46,4.42,4.42,423600.0
2019-04-10,4.45,4.46,4.43,4.45,372990.0
2019-04-11,4.37,4.37,4.34,4.36,222460.0
2019-04-12,4.34,4.46,4.34,4.45,143090.0
2019-04-15,4.35,4.36,4.32,4.33,196120.0
2019-04-16,4.48,4.48,4.44,4.45,137660.0
2019-04-17,4.48,4.51,4.47,4.47,751160.0
2019-04-18,4.47,4.47,4.44,4.46,30840.0
2019-04-23,4.38,4.38,4.35,4.37,175200.0
2019-04-24,4.39,4.4,4.36,4.37,155970.0
2019-04-25,4.3,4.3,4.23,4.25,138600.0
2019-04-26,4.22,4.25,4.22,4.26,130470.0
2019-04-29,4.26,4.26,4.24,4.24,181650.0
2019-04-30,4.26,4.28,4.24,4.25,222700.0
2019-05-01,4.29,4.3,4.27,4.27,20440.0
2019-05-02,4.27,4.27,4.24,4.23,13670.0
2019-05-03,4.25,4.3,4.24,4.3,262520.0
2019-05-07,4.02,4.03,3.94,3.95,1020000.0
2019-05-08,3.96,3.98,3.91,3.96,657710.0
2019-05-09,3.88,3.9,3.8,3.8,731880.0
2019-05-10,3.99,3.99,3.9,3.9,307820.0
2019-05-13,3.89,3.89,3.77,3.77,772810.0
2019-05-14,3.83,3.91,3.83,3.9,1090000.0
2019-05-15,3.95,3.96,3.9,3.95,1440000.0
2019-05-16,3.95,4.01,3.95,4.0,2370000.0
2019-05-17,3.88,3.89,3.86,3.89,70550.0
2019-05-20,3.84,3.84,3.78,3.8,247140.0
2019-05-21,3.88,3.88,3.86,3.87,341630.0
2019-05-22,3.87,3.87,3.85,3.85,16890.0
2019-05-23,3.8,3.81,3.79,3.8,541750.0
2019-05-24,3.81,3.83,3.79,3.8,3360000.0
2019-05-28,3.88,3.9,3.87,3.88,3240000.0
2019-05-29,3.88,3.89,3.85,3.85,58910.0
2019-05-30,3.87,3.88,3.85,3.85,290600.0
2019-05-31,3.85,3.85,3.83,3.84,245500.0
2019-06-03,3.86,3.89,3.85,3.89,336470.0
2019-06-04,3.84,3.86,3.83,3.85,299580.0
2019-06-05,3.81,3.85,3.81,3.84,126720.0
2019-06-06,3.8,3.82,3.8,3.82,87420.0
2019-06-07,3.8,3.87,3.8,3.85,176710.0
2019-06-10,3.84,3.86,3.83,3.86,63590.0
2019-06-11,3.95,3.98,3.94,3.97,343130.0
2019-06-12,3.94,3.94,3.92,3.92,95320.0
2019-06-13,3.93,3.95,3.93,3.93,91100.0
2019-06-14,3.88,3.9,3.87,3.89,167500.0
2019-06-17,3.91,3.91,3.89,3.91,70850.0
2019-06-18,3.89,4.03,3.89,4.02,772330.0
2019-06-19,3.99,4.0,3.99,4.0,164830.0
2019-06-20,4.12,4.16,4.12,4.14,179400.0
2019-06-21,4.13,4.14,4.1,4.13,370820.0
2019-06-24,4.13,4.14,4.12,4.13,237000.0
2019-06-25,4.1,4.1,4.07,4.09,149430.0
2019-06-26,4.07,4.12,4.07,4.09,80270.0
2019-06-27,4.14,4.14,4.09,4.09,151320.0
2019-06-28,4.12,4.14,4.12,4.13,62750.0
2019-07-01,4.24,4.29,4.24,4.26,692520.0
2019-07-02,4.25,4.25,4.22,4.23,51090.0
2019-07-03,4.19,4.22,4.19,4.21,328360.0
2019-07-04,4.18,4.18,4.17,4.18,135740.0
2019-07-05,4.18,4.19,4.14,4.15,666400.0
2019-07-08,4.07,4.12,4.07,4.09,303770.0
2019-07-09,4.09,4.09,4.07,4.07,251860.0
2019-07-10,4.07,4.11,4.06,4.09,738340.0
2019-07-11,4.09,4.09,4.06,4.07,130640.0
2019-07-12,4.1,4.11,4.05,4.06,13720000.0
2019-07-15,4.12,4.13,4.11,4.13,73060.0
2019-07-16,4.11,4.11,4.08,4.11,6890000.0
2019-07-17,4.11,4.12,4.09,4.09,70480.0
2019-07-18,4.06,4.07,4.06,4.06,53740.0
2019-07-19,4.12,4.12,4.1,4.11,136840.0
2019-07-22,4.08,4.08,4.08,4.08,54690.0
2019-07-23,4.1,4.1,4.1,4.1,67190.0
2019-07-24,4.11,4.14,4.11,4.13,42840.0
2019-07-25,4.17,4.17,4.14,4.14,63510.0
2019-07-26,4.15,4.16,4.15,4.15,52440.0
2019-07-29,4.14,4.17,4.14,4.16,89190.0
2019-07-30,4.16,4.17,4.12,4.13,85290.0
2019-07-31,4.13,4.15,4.13,4.14,49880.0
2019-08-01,4.08,4.11,4.08,4.11,399860.0
2019-08-02,4.02,4.02,3.93,3.93,204820.0
2019-08-05,3.89,3.89,3.77,3.77,373910.0
2019-08-06,3.82,3.85,3.8,3.8,159020.0
2019-08-07,3.81,3.83,3.76,3.8,126680.0
2019-08-08,3.9,3.9,3.85,3.88,65970.0
2019-08-09,3.84,3.84,3.79,3.79,124810.0
2019-08-12,3.89,3.89,3.83,3.83,61190.0
2019-08-13,3.85,3.99,3.84,3.94,289830.0
2019-08-14,3.92,3.92,3.87,3.87,38200.0
2019-08-15,3.89,3.92,3.87,3.89,68710.0
2019-08-16,3.93,3.96,3.93,3.94,233650.0
2019-08-19,4.01,4.02,4.0,4.02,92710.0
2019-08-20,4.02,4.02,3.99,3.99,125970.0
2019-08-21,4.01,4.03,4.01,4.03,139900.0
2019-08-22,4.01,4.01,4.0,3.99,59110.0
2019-08-23,4.01,4.03,3.95,3.95,62720.0
2019-08-27,3.95,4.01,3.95,4.01,207390.0
2019-08-28,3.98,3.98,3.95,3.97,117810.0
2019-08-29,3.99,4.03,3.99,4.03,31230.0
2019-08-30,4.0,4.02,4.0,4.0,283940.0
2019-09-02,4.03,4.03,4.02,4.02,153590.0
2019-09-03,4.04,4.04,4.0,4.0,49280.0
2019-09-04,4.06,4.08,4.05,4.08,22840.0
2019-09-05,4.11,4.14,4.11,4.13,171790.0
2019-09-06,4.15,4.18,4.15,4.16,147750.0
2019-09-09,4.16,4.18,4.16,4.18,12900000.0
2019-09-10,4.17,4.18,4.16,4.18,38700.0
2019-09-11,4.11,4.15,4.11,4.14,874150.0
2019-09-12,4.18,4.2,4.17,4.2,50730.0
2019-09-13,4.2,4.25,4.2,4.25,57580.0
2019-09-16,4.2,4.2,4.18,4.18,255190.0
2019-09-17,4.11,4.12,4.09,4.11,17440.0
2019-09-18,4.14,4.14,4.13,4.13,109520.0
2019-09-19,4.13,4.16,4.13,4.15,551680.0
2019-09-20,4.14,4.14,4.11,4.11,622070.0
2019-09-23,4.09,4.1,4.07,4.09,66870.0
2019-09-24,4.11,4.11,4.07,4.07,176300.0
2019-09-25,4.06,4.06,4.05,4.06,632090.0
2019-09-26,4.03,4.04,4.01,4.02,535060.0
2019-09-27,4.05,4.05,4.03,4.04,277420.0
2019-09-30,4.01,4.01,3.98,4.0,546660.0
2019-10-01,4.01,4.01,3.96,3.96,21850.0
2019-10-02,3.98,3.98,3.94,3.94,131480.0
2019-10-03,3.95,3.97,3.94,3.97,228210.0
2019-10-04,3.97,3.99,3.95,3.99,111750.0
2019-10-07,3.94,3.99,3.94,3.98,230660.0
2019-10-08,4.04,4.04,3.97,3.97,38410.0
2019-10-09,4.02,4.05,4.02,4.03,49120.0
2019-10-10,4.05,4.11,4.05,4.1,151340.0
2019-10-11,4.12,4.14,4.12,4.16,92680.0
2019-10-14,4.18,4.19,4.17,4.18,25810.0
2019-10-15,4.16,4.17,4.16,4.17,323230.0
2019-10-16,4.12,4.14,4.12,4.13,417130.0
2019-10-17,4.11,4.16,4.11,4.16,66770.0
2019-10-18,4.09,4.09,4.05,4.09,178680.0
2019-10-21,4.1,4.12,4.1,4.12,63450.0
2019-10-22,4.12,4.13,4.11,4.12,80040.0
2019-10-23,4.09,4.11,4.09,4.11,296450.0
2019-10-24,4.1,4.11,4.09,4.1,14080.0
2019-10-25,4.13,4.14,4.12,4.14,28150.0
2019-10-28,4.18,4.19,4.17,4.18,79120.0
2019-10-29,4.16,4.16,4.14,4.15,141710.0
2019-10-30,4.13,4.13,4.11,4.12,212440.0
2019-10-31,4.13,4.14,4.11,4.11,123400.0
2019-11-01,4.19,4.19,4.19,4.2,48210.0
2019-11-04,4.23,4.24,4.23,4.24,55290.0
2019-11-05,4.28,4.28,4.26,4.26,37610.0
2019-11-06,4.24,4.25,4.23,4.25,47520.0
2019-11-07,4.25,4.29,4.25,4.29,201220.0
2019-11-08,4.25,4.26,4.24,4.25,226420.0
2019-11-11,4.18,4.19,4.16,4.18,231380.0
2019-11-12,4.16,4.17,4.16,4.17,170700.0
2019-11-13,4.14,4.14,4.13,4.14,51540.0
2019-11-14,4.18,4.18,4.16,4.16,160740.0
2019-11-15,4.14,4.15,4.13,4.15,25440.0
2019-11-18,4.17,4.17,4.15,4.15,553010.0
2019-11-19,4.2,4.21,4.18,4.19,889920.0
2019-11-20,4.16,4.16,4.16,4.15,2500.0
2019-11-21,4.14,4.15,4.12,4.14,249400.0
2019-11-22,4.11,4.11,4.08,4.08,33560.0
2019-11-25,4.13,4.13,4.13,4.13,220.0
2019-11-26,4.14,4.14,4.12,4.14,423740.0
2019-11-27,4.14,4.15,4.13,4.15,1440000.0
2019-11-28,4.12,4.12,4.09,4.09,518760.0
2019-11-29,4.08,4.09,4.07,4.08,163070.0
2019-12-02,4.08,4.08,4.06,4.06,243240.0
2019-12-03,4.09,4.09,4.03,4.04,171670.0
2019-12-04,4.06,4.11,4.05,4.1,152610.0
2019-12-05,4.12,4.13,4.11,4.12,162720.0
2019-12-06,4.16,4.17,4.15,4.16,87930.0
2019-12-09,4.15,4.15,4.14,4.14,111870.0
2019-12-10,4.16,4.17,4.14,4.17,40910.0
2019-12-11,4.18,4.18,4.15,4.16,280470.0
2019-12-12,4.17,4.21,4.15,4.2,349190.0
2019-12-13,4.25,4.27,4.21,4.21,619700.0
2019-12-16,4.27,4.3,4.26,4.3,318270.0
2019-12-17,4.33,4.34,4.32,4.33,207980.0
2019-12-18,4.33,4.34,4.32,4.32,3020000.0
2019-12-19,4.31,4.32,4.3,4.31,481740.0
2019-12-20,4.3,4.31,4.3,4.31,47650.0
2019-12-23,4.25,4.25,4.24,4.25,87300.0
2019-12-24,4.27,4.28,4.26,4.27,690340.0
2019-12-27,4.33,4.33,4.32,4.33,25720.0
2019-12-30,4.38,4.39,4.37,4.37,83630.0
2019-12-31,4.39,4.42,4.39,4.42,130740.0
2020-01-02,4.49,4.5,4.48,4.5,146180.0
2020-01-03,4.45,4.48,4.44,4.47,24180.0
2020-01-06,4.45,4.47,4.45,4.47,152380.0
2020-01-07,4.5,4.52,4.49,4.5,330580.0
2020-01-08,4.46,4.48,4.45,4.47,700750.0
2020-01-09,4.52,4.53,4.52,4.52,83230.0
2020-01-10,4.53,4.54,4.52,4.52,469170.0
2020-01-13,4.59,4.61,4.58,4.61,59450.0
2020-01-14,4.58,4.59,4.58,4.59,799380.0
2020-01-15,4.57,4.58,4.56,4.57,623680.0
2020-01-16,4.54,4.58,4.54,4.57,91710.0
2020-01-17,4.58,4.59,4.58,4.58,433520.0
2020-01-20,4.61,4.61,4.59,4.58,183870.0
2020-01-21,4.49,4.49,4.46,4.47,298030.0
2020-01-22,4.53,4.53,4.48,4.48,131210.0
2020-01-23,4.4,4.4,4.31,4.32,3260000.0
2020-01-24,4.41,4.41,4.33,4.36,194470.0
2020-01-27,4.16,4.16,3.96,4.08,1540000.0
2020-01-28,4.11,4.13,4.05,4.11,261490.0
2020-01-29,4.14,4.18,4.14,4.15,779640.0
2020-01-30,4.04,4.06,4.01,4.03,299010.0
2020-01-31,4.03,4.04,3.99,4.0,550420.0
2020-02-03,3.94,3.96,3.89,3.94,1780000.0
2020-02-04,4.1,4.18,4.1,4.18,688620.0
2020-02-05,4.14,4.27,4.14,4.23,627370.0
2020-02-06,4.27,4.28,4.22,4.23,412920.0
2020-02-07,4.26,4.26,4.19,4.21,137050.0
2020-02-10,4.26,4.28,4.23,4.26,2690000.0
2020-02-11,4.32,4.34,4.3,4.33,217730.0
2020-02-12,4.36,4.38,4.35,4.38,974860.0
2020-02-13,4.31,4.33,4.29,4.3,988370.0
2020-02-14,4.35,4.35,4.33,4.34,126680.0
2020-02-17,4.43,4.46,4.43,4.45,556070.0
2020-02-18,4.41,4.44,4.4,4.4,426980.0
2020-02-19,4.41,4.43,4.4,4.42,582200.0
2020-02-20,4.47,4.49,4.44,4.43,360960.0
2020-02-21,4.47,4.53,4.47,4.51,919060.0
2020-02-24,4.5,4.5,4.37,4.4,667630.0
2020-02-25,4.49,4.51,4.43,4.43,387610.0
2020-02-26,4.41,4.48,4.37,4.46,12180000.0
2020-02-27,4.47,4.49,4.42,4.42,107620.0
2020-02-28,4.28,4.31,4.2,4.25,2670000.0
2020-03-02,4.46,4.5,4.4,4.46,113100.0
2020-03-03,4.46,4.55,4.46,4.52,220240.0
2020-03-04,4.54,4.57,4.52,4.56,155590.0
2020-03-05,4.64,4.64,4.6,4.61,82490.0
2020-03-06,4.57,4.57,4.46,4.49,11260000.0
2020-03-09,4.3,4.38,4.22,4.34,3660000.0
2020-03-10,4.52,4.56,4.47,4.5,3000000.0
2020-03-11,4.46,4.5,4.41,4.45,1510000.0
2020-03-12,4.36,4.36,4.0,4.19,1060000.0
2020-03-13,4.28,4.42,4.18,4.22,547270.0
2020-03-16,4.08,4.08,3.85,3.94,1260000.0
2020-03-17,4.01,4.1,3.95,4.1,1030000.0
2020-03-18,3.94,4.0,3.85,3.85,392260.0
2020-03-19,3.9,4.0,3.84,4.0,709230.0
2020-03-20,4.05,4.09,3.9,3.92,197690.0
2020-03-23,3.81,3.91,3.78,3.8,108740.0
2020-03-24,3.96,4.0,3.9,3.99,312510.0
2020-03-25,4.06,4.08,3.96,4.01,149860.0
2020-03-26,4.02,4.1,3.95,4.07,430320.0
2020-03-27,4.0,4.05,3.93,3.95,260540.00000000003
2020-03-30,3.97,3.98,3.93,3.98,143820.0
2020-03-31,4.02,4.03,3.99,4.03,577570.0
2020-04-01,4.0,4.01,3.94,3.95,212030.0
2020-04-02,4.09,4.09,4.01,4.04,196290.0
2020-04-03,4.07,4.07,4.04,4.04,613840.0
2020-04-06,4.05,4.16,4.05,4.13,94080.0
2020-04-07,4.19,4.23,4.14,4.16,642080.0
2020-04-08,4.16,4.17,4.09,4.17,1420000.0
2020-04-09,4.2,4.2,4.14,4.18,175360.0
2020-04-14,4.2,4.21,4.17,4.19,437590.0
2020-04-15,4.18,4.18,4.1,4.1,1240000.0
2020-04-16,4.16,4.17,4.12,4.14,497500.0
2020-04-17,4.19,4.2,4.17,4.17,664620.0
2020-04-20,4.22,4.22,4.17,4.21,542950.0
2020-04-21,4.17,4.17,4.1,4.11,65239.99999999999
2020-04-22,4.2,4.2,4.19,4.2,1180000.0
2020-04-23,4.2,4.22,4.17,4.21,49240.0
2020-04-24,4.16,4.18,4.15,4.16,298990.0
2020-04-27,4.2,4.2,4.18,4.19,83690.0
2020-04-28,4.19,4.23,4.19,4.21,168640.0
2020-04-29,4.21,4.24,4.2,4.23,811820.0
2020-04-30,4.3,4.31,4.26,4.25,576260.0
2020-05-01,4.09,4.1,4.07,4.09,165690.0
2020-05-04,4.17,4.17,4.05,4.05,275710.0
2020-05-05,4.12,4.12,4.09,4.11,63450.0
2020-05-06,4.28,4.28,4.24,4.23,17580.0
2020-05-07,4.28,4.3,4.28,4.28,221720.0
2020-05-11,4.32,4.34,4.28,4.29,74960.0
2020-05-12,4.32,4.34,4.3,4.34,315810.0
2020-05-13,4.33,4.33,4.31,4.31,57880.0
2020-05-14,4.28,4.28,4.23,4.27,231640.0
2020-05-15,4.24,4.26,4.21,4.22,96570.0
2020-05-18,4.27,4.32,4.26,4.32,443890.0
2020-05-19,4.31,4.32,4.29,4.31,238050.0
2020-05-20,4.3,4.34,4.29,4.34,443380.0
2020-05-21,4.27,4.27,4.22,4.22,46850.0
2020-05-22,4.15,4.17,4.13,4.16,251180.0
2020-05-26,4.23,4.23,4.2,4.21,231660.0
2020-05-27,4.16,4.2,4.13,4.15,482750.0
2020-05-28,4.18,4.18,4.14,4.16,144130.0
2020-05-29,4.18,4.2,4.16,4.17,71730.0
2020-06-01,4.3,4.31,4.24,4.29,168750.0
2020-06-02,4.33,4.35,4.31,4.34,2170000.0
2020-06-03,4.33,4.38,4.32,4.37,283210.0
2020-06-04,4.31,4.33,4.3,4.31,113060.0
2020-06-05,4.36,4.39,4.34,4.41,46680.0
2020-06-08,4.38,4.38,4.36,4.37,86200.0
2020-06-09,4.41,4.41,4.37,4.39,274660.0
2020-06-10,4.4,4.42,4.4,4.4,190890.0
2020-06-11,4.37,4.39,4.34,4.35,187900.0
2020-06-12,4.37,4.41,4.36,4.36,292640.0
2020-06-15,4.33,4.36,4.33,4.36,219440.0
2020-06-16,4.43,4.44,4.38,4.38,1040000.0
2020-06-17,4.4,4.43,4.4,4.41,49790.0
2020-06-18,4.44,4.48,4.43,4.45,184060.0
2020-06-19,4.49,4.52,4.48,4.48,513570.00000000006
2020-06-22,4.52,4.54,4.49,4.53,1350000.0
2020-06-23,4.56,4.58,4.55,4.58,124670.0
2020-06-24,4.57,4.61,4.52,4.54,628590.0
2020-06-25,4.52,4.53,4.49,4.5,365050.0
2020-06-26,4.54,4.55,4.51,4.52,213510.0
2020-06-29,4.52,4.56,4.52,4.55,347750.0
2020-06-30,4.58,4.61,4.58,4.59,270910.0
2020-07-01,4.7,4.71,4.66,4.68,406730.0
2020-07-02,4.77,4.81,4.77,4.79,38790.0
2020-07-03,4.89,4.89,4.85,4.87,83860.0
2020-07-06,5.21,5.28,5.15,5.27,311990.0
2020-07-07,5.22,5.28,5.16,5.27,568430.0
2020-07-08,5.38,5.38,5.28,5.34,801020.0
2020-07-09,5.43,5.45,5.39,5.4,443580.0
2020-07-10,5.32,5.36,5.3,5.34,616470.0
2020-07-13,5.47,5.51,5.44,5.51,205410.0
2020-07-14,5.42,5.44,5.38,5.43,514010.0
2020-07-15,5.35,5.39,5.34,5.38,301920.0
2020-07-16,5.08,5.16,5.06,5.14,199620.0
2020-07-17,5.13,5.15,5.12,5.14,358890.0
2020-07-20,5.26,5.3,5.24,5.29,275530.0
2020-07-21,5.3,5.32,5.28,5.3,269660.0
2020-07-22,5.34,5.34,5.23,5.28,83510.0
2020-07-23,5.32,5.32,5.28,5.31,72480.0
2020-07-24,5.05,5.09,5.03,5.07,601930.0
2020-07-27,5.1,5.12,5.08,5.11,128520.0
2020-07-28,5.14,5.15,5.11,5.12,42880.0
2020-07-29,5.25,5.29,5.25,5.28,72320.0
2020-07-30,5.24,5.24,5.18,5.2,78220.0
2020-07-31,5.3,5.3,5.26,5.28,356720.0
2020-08-03,5.39,5.44,5.38,5.43,102740.0
2020-08-04,5.41,5.41,5.35,5.38,26780.0
2020-08-05,5.44,5.49,5.36,5.46,227260.0
2020-08-06,5.43,5.45,5.43,5.44,446460.0
2020-08-07,5.35,5.38,5.34,5.36,140460.0
2020-08-10,5.38,5.39,5.36,5.37,78970.0
2020-08-11,5.32,5.36,5.32,5.34,131410.0
2020-08-12,5.28,5.32,5.27,5.32,36530.0
2020-08-13,5.29,5.29,5.26,5.28,158760.0
2020-08-14,5.36,5.36,5.28,5.35,354890.0
2020-08-17,5.45,5.49,5.45,5.49,109600.0
2020-08-18,5.49,5.51,5.47,5.49,238620.0
2020-08-19,5.42,5.45,5.41,5.43,253850.0
2020-08-20,5.36,5.37,5.34,5.37,110390.0
2020-08-21,5.42,5.42,5.38,5.4,211660.0
2020-08-24,5.45,5.46,5.42,5.42,49450.0
2020-08-25,5.44,5.47,5.44,5.45,57420.0
2020-08-26,5.41,5.42,5.39,5.42,81800.0
2020-08-27,5.47,5.47,5.43,5.43,54740.0
2020-08-28,5.58,5.61,5.55,5.59,911190.0
2020-09-01,5.65,5.65,5.61,5.62,586890.0
2020-09-02,5.64,5.64,5.6,5.62,877950.0
2020-09-03,5.61,5.61,5.52,5.54,986290.0
2020-09-04,5.53,5.57,5.48,5.5,1030000.0
2020-09-07,5.41,5.43,5.38,5.41,181420.0
2020-09-08,5.43,5.43,5.35,5.38,491260.0
2020-09-09,5.28,5.34,5.28,5.34,1670000.0
2020-09-10,5.29,5.3,5.26,5.28,1320000.0
2020-09-11,5.32,5.34,5.32,5.32,1260000.0
2020-09-14,5.35,5.38,5.35,5.38,1270000.0
2020-09-15,5.43,5.49,5.43,5.47,1250000.0
2020-09-16,5.43,5.45,5.43,5.45,224860.0
2020-09-17,5.39,5.43,5.39,5.41,67240.0
2020-09-18,5.53,5.53,5.48,5.48,2900000.0
2020-09-21,5.47,5.47,5.38,5.38,1270000.0
2020-09-22,5.39,5.41,5.36,5.36,451110.0
2020-09-23,5.38,5.4,5.34,5.35,245530.0
2020-09-24,5.28,5.29,5.25,5.26,1330000.0
2020-09-25,5.29,5.3,5.23,5.25,1570000.0
2020-09-28,5.29,5.32,5.29,5.29,107410.0
2020-09-29,5.3,5.33,5.28,5.33,93480.0
2020-09-30,5.31,5.36,5.28,5.35,1330000.0
2020-10-01,5.49,5.49,5.43,5.43,161460.0
2020-10-02,5.32,5.41,5.3,5.38,120660.0
2020-10-05,5.39,5.44,5.36,5.43,138950.0
2020-10-06,5.46,5.47,5.44,5.46,159980.0
2020-10-07,5.48,5.5,5.47,5.5,515610.0
2020-10-08,5.49,5.5,5.45,5.49,218960.0
2020-10-09,5.51,5.57,5.49,5.56,289850.0
2020-10-12,5.66,5.68,5.64,5.66,4970000.0
2020-10-13,5.67,5.69,5.64,5.66,349360.0
2020-10-14,5.65,5.66,5.63,5.65,678230.0
2020-10-15,5.62,5.63,5.57,5.59,246860.0
2020-10-16,5.63,5.66,5.61,5.65,599850.0
2020-10-19,5.6,5.62,5.57,5.61,616320.0
2020-10-20,5.65,5.66,5.63,5.65,316310.0
2020-10-21,5.68,5.68,5.64,5.67,406070.0
2020-10-22,5.64,5.65,5.62,5.63,373390.0
2020-10-23,5.57,5.61,5.55,5.59,309640.0
2020-10-26,5.53,5.56,5.47,5.48,298590.0
2020-10-27,5.53,5.56,5.49,5.51,1030000.0
2020-10-28,5.56,5.56,5.49,5.5,1190000.0
2020-10-29,5.56,5.59,5.56,5.58,589870.0
2020-10-30,5.51,5.55,5.5,5.54,378530.0
2020-11-02,5.56,5.59,5.54,5.56,436390.0
2020-11-03,5.62,5.66,5.6,5.62,884640.0
2020-11-04,5.59,5.79,5.57,5.77,209310.0
2020-11-05,5.82,5.93,5.82,5.9,5790000.0
2020-11-06,5.78,5.84,5.76,5.83,898140.0
2020-11-09,5.94,6.05,5.88,5.92,1470000.0
2020-11-10,5.88,5.92,5.84,5.85,414200.0
2020-11-11,5.79,5.81,5.77,5.8,1390000.0
2020-11-12,5.78,5.83,5.76,5.81,1890000.0
2020-11-13,5.73,5.77,5.72,5.73,1040000.0
2020-11-16,5.85,5.88,5.84,5.85,860670.0
2020-11-17,5.83,5.85,5.8,5.84,1120000.0
2020-11-18,5.83,5.85,5.79,5.81,1920000.0
2020-11-19,5.83,5.85,5.78,5.84,610740.0
2020-11-20,5.86,5.89,5.85,5.89,359320.0
2020-11-23,5.94,5.96,5.87,5.89,2170000.0
2020-11-24,5.9,5.91,5.86,5.89,500040.0
2020-11-25,5.82,5.83,5.78,5.82,470730.0
2020-11-26,5.83,5.84,5.81,5.83,176050.0
2020-11-27,5.88,5.92,5.85,5.89,365050.0
2020-11-30,5.84,5.88,5.79,5.82,14340000.0
2020-12-01,5.92,5.96,5.92,5.96,656350.0
2020-12-02,5.97,5.99,5.95,5.99,631300.0
2020-12-03,5.97,6.01,5.95,6.0,430700.0
2020-12-04,6.02,6.04,6.0,6.02,455110.0
2020-12-07,6.0,6.01,5.96,6.01,342880.0
2020-12-08,6.04,6.04,5.97,5.99,582780.0
2020-12-09,5.93,5.94,5.9,5.9,351390.0
2020-12-10,5.91,5.94,5.9,5.93,741520.0
2020-12-11,5.88,5.88,5.83,5.85,1390000.0
2020-12-14,5.95,5.95,5.91,5.91,1750000.0
2020-12-15,5.94,5.97,5.93,5.96,673090.0
2020-12-16,5.96,5.99,5.95,5.97,776550.0
2020-12-17,6.05,6.05,6.01,6.02,392930.0
2020-12-18,5.98,6.01,5.97,6.0,481740.0
2020-12-21,6.05,6.07,5.96,6.03,1750000.0
2020-12-22,5.99,6.01,5.97,6.0,641040.0
2020-12-23,6.06,6.06,6.02,6.05,209130.0
2020-12-24,6.04,6.04,6.01,6.01,198700.0
2020-12-29,6.08,6.09,6.05,6.08,1110000.0
2020-12-30,6.17,6.19,6.15,6.18,378110.0
2020-12-31,6.31,6.31,6.26,6.28,43150.0
2021-01-04,6.46,6.48,6.42,6.43,673830.0
2021-01-05,6.53,6.59,6.52,6.55,356140.0
2021-01-06,6.65,6.65,6.58,6.61,351890.0
2021-01-07,6.75,6.75,6.68,6.72,1280000.0
2021-01-08,6.66,6.7,6.63,6.68,620400.0
2021-01-11,6.58,6.61,6.56,6.58,769190.0
2021-01-12,6.78,6.81,6.76,6.8,493020.0
2021-01-13,6.75,6.75,6.7,6.72,260360.0
2021-01-14,6.63,6.66,6.61,6.65,662790.0
2021-01-15,6.59,6.59,6.53,6.55,737630.0
2021-01-18,6.64,6.64,6.61,6.64,663350.0
2021-01-19,6.55,6.58,6.54,6.55,888550.0
2021-01-20,6.64,6.65,6.61,6.64,1470000.0
2021-01-21,6.76,6.76,6.71,6.74,505380.0
2021-01-22,6.74,6.74,6.69,6.7,920070.0
2021-01-25,6.8,6.81,6.73,6.76,1280000.0
2021-01-26,6.68,6.73,6.66,6.7,1510000.0
2021-01-27,6.68,6.68,6.59,6.61,1920000.0
2021-01-28,6.45,6.55,6.43,6.55,1270000.0
2021-01-29,6.47,6.52,6.45,6.49,594850.0
2021-02-01,6.56,6.57,6.51,6.53,1680000.0
2021-02-02,6.66,6.67,6.63,6.66,497800.0
2021-02-03,6.7,6.7,6.66,6.68,486720.0
2021-02-04,6.66,6.69,6.63,6.64,2700000.0
2021-02-05,6.66,6.69,6.65,6.69,2190000.0
2021-02-08,6.78,6.84,6.76,6.82,445900.0
2021-02-09,6.96,7.0,6.94,7.0,555200.0
2021-02-10,7.13,7.14,7.06,7.09,1060000.0
2021-02-11,7.14,7.17,7.13,7.17,570980.0
2021-02-12,7.16,7.18,7.11,7.18,713200.0
2021-02-15,7.21,7.24,7.2,7.24,247650.0
2021-02-16,7.24,7.26,7.22,7.23,826630.0
2021-02-17,7.24,7.26,7.2,7.23,627790.0
2021-02-18,7.07,7.07,6.98,7.01,1030000.0
2021-02-19,7.03,7.09,7.03,7.08,723390.0
2021-02-22,6.8,6.81,6.76,6.78,485030.0
2021-02-23,6.79,6.79,6.66,6.74,656340.0
2021-02-24,6.58,6.65,6.56,6.64,385620.0
2021-02-25,6.59,6.64,6.57,6.58,647080.0
2021-02-26,6.41,6.46,6.38,6.44,448390.0
2021-03-01,6.54,6.6,6.52,6.59,492700.0
2021-03-02,6.45,6.5,6.44,6.48,698990.0
2021-03-03,6.59,6.61,6.48,6.49,1600000.0
2021-03-04,6.34,6.38,6.31,6.38,1570000.0
2021-03-05,6.29,6.31,6.23,6.24,472440.0
2021-03-08,6.0,6.05,5.96,6.02,444790.0
2021-03-09,5.91,6.07,5.91,6.05,826470.0
2021-03-10,5.99,6.04,5.96,5.99,896060.0
2021-03-11,6.13,6.22,6.13,6.19,186970.0
2021-03-12,6.11,6.13,6.07,6.11,448060.0
2021-03-15,6.02,6.06,6.0,6.04,343100.0
2021-03-16,6.07,6.1,6.05,6.09,383750.0
2021-03-17,6.11,6.12,6.05,6.06,1470000.0
2021-03-18,6.12,6.13,6.07,6.11,196310.0
2021-03-19,6.01,6.04,5.97,6.02,667360.0
2021-03-22,6.05,6.07,6.03,6.06,257970.00000000003
2021-03-23,5.99,6.02,5.98,6.01,107840.0
2021-03-24,5.87,5.92,5.86,5.91,242750.0
2021-03-25,5.88,5.89,5.84,5.88,498340.0
2021-03-26,6.01,6.01,5.99,6.01,602460.0
2021-03-29,6.01,6.02,5.99,6.01,2410000.0
2021-03-30,6.05,6.06,6.0,6.03,984430.0
2021-03-31,6.02,6.06,6.0,6.04,970290.0
2021-04-01,6.11,6.13,6.08,6.12,305060.0
2021-04-06,6.18,6.18,6.11,6.18,614340.0
2021-04-07,6.11,6.12,6.07,6.09,223770.0
2021-04-08,6.13,6.15,6.1,6.11,319020.0
2021-04-09,6.03,6.05,6.02,6.03,87970.0
2021-04-12,5.95,5.97,5.93,5.94,275490.0
2021-04-13,5.94,5.97,5.91,5.96,209740.0
2021-04-14,5.99,6.02,5.99,6.01,635200.0
2021-04-15,5.97,6.03,5.95,6.01,163280.0
2021-04-16,5.99,6.03,5.99,6.02,1370000.0
2021-04-19,6.14,6.16,6.11,6.11,322750.0
2021-04-20,6.18,6.18,6.1,6.11,293250.0
2021-04-21,6.19,6.21,6.18,6.2,317600.0
2021-04-22,6.2,6.21,6.18,6.2,119840.0
2021-04-23,6.26,6.29,6.24,6.28,300260.0
2021-04-26,6.16,6.2,6.16,6.18,165980.0
2021-04-27,6.21,6.22,6.18,6.21,432060.0
2021-04-28,6.26,6.28,6.24,6.27,150290.0
2021-04-29,6.33,6.33,6.27,6.3,443660.0
2021-04-30,6.28,6.28,6.24,6.26,323860.0
2021-05-04,6.23,6.24,6.16,6.18,521950.00000000006
2021-05-05,6.2,6.24,6.19,6.22,771390.0
2021-05-06,6.18,6.21,6.18,6.21,89280.0
2021-05-07,6.13,6.19,6.11,6.18,502500.0
2021-05-10,6.16,6.18,6.12,6.13,315070.0
2021-05-11,6.16,6.18,6.11,6.16,352380.0
2021-05-12,6.2,6.24,6.15,6.15,160370.0
2021-05-13,6.13,6.16,6.09,6.15,286250.0
2021-05-14,6.27,6.32,6.26,6.31,198360.0
2021-05-17,6.37,6.39,6.35,6.38,154170.0
2021-05-18,6.41,6.41,6.36,6.38,335860.0
2021-05-19,6.36,6.38,6.34,6.36,137010.0
2021-05-20,6.39,6.44,6.37,6.42,2750000.0
2021-05-21,6.34,6.37,6.32,6.33,300010.0
2021-05-24,6.33,6.41,6.33,6.41,130030.0
2021-05-25,6.61,6.66,6.59,6.62,471630.0
2021-05-26,6.6,6.64,6.59,6.63,477810.0
2021-05-27,6.65,6.68,6.64,6.66,319470.0
2021-05-28,6.72,6.72,6.64,6.68,131080.0
2021-06-01,6.7,6.7,6.64,6.68,831540.0
2021-06-02,6.61,6.63,6.59,6.63,203970.0
2021-06-03,6.57,6.57,6.54,6.56,473750.0
2021-06-04,6.59,6.65,6.59,6.64,467600.0
2021-06-07,6.6,6.63,6.6,6.61,486870.0
2021-06-08,6.57,6.57,6.53,6.54,219830.0
2021-06-09,6.57,6.57,6.55,6.56,254420.0
2021-06-10,6.63,6.64,6.59,6.63,927070.0
2021-06-11,6.57,6.59,6.52,6.53,1260000.0
2021-06-14,6.53,6.54,6.5,6.53,143580.0
2021-06-15,6.49,6.51,6.43,6.46,679600.0
2021-06-16,6.38,6.39,6.35,6.37,548820.0
2021-06-17,6.38,6.38,6.34,6.36,324450.0
2021-06-18,6.36,6.38,6.31,6.33,1220000.0
2021-06-21,6.35,6.37,6.33,6.36,86260.0
2021-06-22,6.39,6.4,6.36,6.38,544870.0
2021-06-23,6.42,6.43,6.39,6.41,450870.0
2021-06-24,6.45,6.47,6.43,6.45,177850.0
2021-06-25,6.54,6.57,6.53,6.55,812640.0
2021-06-28,6.58,6.59,6.55,6.57,1000000.0
2021-06-29,6.51,6.53,6.49,6.51,787570.0
2021-06-30,6.55,6.58,6.53,6.57,771590.0
2021-07-01,6.48,6.53,6.47,6.49,149200.0
2021-07-02,6.41,6.41,6.34,6.36,626810.0
2021-07-05,6.39,6.41,6.38,6.39,892330.0
2021-07-06,6.39,6.4,6.32,6.32,425990.0
2021-07-07,6.44,6.5,6.43,6.47,531950.0
2021-07-08,6.39,6.39,6.31,6.33,797400.0
2021-07-09,6.35,6.42,6.32,6.41,983380.0
2021-07-12,6.45,6.48,6.45,6.48,175490.0
2021-07-13,6.49,6.5,6.45,6.5,808040.0
2021-07-14,6.43,6.47,6.41,6.42,313450.0
2021-07-15,6.51,6.53,6.49,6.51,341790.0
2021-07-16,6.45,6.45,6.4,6.41,351020.0
2021-07-19,6.43,6.44,6.36,6.38,152660.0
2021-07-20,6.42,6.45,6.41,6.43,564650.0
2021-07-21,6.5,6.52,6.49,6.52,266690.0
2021-07-22,6.52,6.53,6.49,6.49,88910.0
2021-07-23,6.45,6.45,6.39,6.4,344980.0
2021-07-26,6.21,6.22,6.13,6.2,1710000.0
2021-07-27,5.98,5.98,5.82,5.87,1690000.0
2021-07-28,6.0,6.17,5.98,6.14,1610000.0
2021-07-29,6.14,6.33,6.13,6.16,1100000.0
2021-07-30,6.11,6.16,6.09,6.14,630870.0
2021-08-02,6.25,6.28,6.24,6.25,3570000.0
2021-08-03,6.27,6.28,6.22,6.22,584790.0
2021-08-04,6.33,6.34,6.3,6.3,1010000.0
2021-08-05,6.28,6.31,6.28,6.3,417380.0
2021-08-06,6.27,6.28,6.22,6.22,1760000.0
2021-08-09,6.3,6.33,6.3,6.33,199250.0
2021-08-10,6.36,6.39,6.35,6.35,111000.0
2021-08-11,6.35,6.4,6.34,6.38,94470.0
2021-08-12,6.32,6.34,6.29,6.31,525290.0
2021-08-13,6.3,6.32,6.29,6.32,241210.0
2021-08-16,6.29,6.3,6.27,6.29,378320.0
2021-08-17,6.14,6.16,6.11,6.11,786780.0
2021-08-18,6.12,6.2,6.12,6.17,859660.0
2021-08-19,6.14,6.18,6.13,6.17,1420000.0
2021-08-20,6.02,6.09,5.99,6.07,687710.0
2021-08-23,6.03,6.17,6.03,6.16,716200.0
2021-08-24,6.23,6.3,6.22,6.29,705470.0
2021-08-25,6.28,6.29,6.26,6.28,1210000.0
2021-08-26,6.15,6.19,6.15,6.18,283600.0
2021-08-27,6.18,6.22,6.17,6.22,142050.0
2021-08-31,6.19,6.22,6.16,6.18,434220.0
2021-09-01,6.24,6.28,6.22,6.26,851820.0
2021-09-02,6.26,6.29,6.25,6.28,5220000.0
2021-09-03,6.22,6.28,6.2,6.25,175810.0
2021-09-06,6.34,6.35,6.32,6.35,71380.0
2021-09-07,6.41,6.42,6.38,6.41,348640.0
2021-09-08,6.36,6.39,6.34,6.36,597660.0
2021-09-09,6.38,6.41,6.36,6.4,595160.0
2021-09-10,6.48,6.49,6.45,6.44,126910.0
2021-09-13,6.41,6.45,6.38,6.44,153690.0
2021-09-14,6.34,6.36,6.34,6.36,185360.0
2021-09-15,6.32,6.34,6.29,6.31,283250.0
2021-09-16,6.16,6.25,6.16,6.22,353430.0
2021-09-17,6.07,6.28,6.07,6.22,522410.0
2021-09-20,6.04,6.07,6.01,6.06,1150000.0
2021-09-21,6.09,6.12,6.05,6.07,1600000.0
2021-09-22,6.2,6.26,6.18,6.26,3450000.0
2021-09-23,6.24,6.28,6.2,6.22,732660.0
2021-09-24,6.25,6.26,6.21,6.22,257030.0
2021-09-27,6.29,6.29,6.25,6.27,5900000.0
2021-09-28,6.28,6.29,6.23,6.24,508160.0
2021-09-29,6.2,6.2,6.17,6.18,75270.0
2021-09-30,6.24,6.29,6.22,6.28,678980.0
2021-10-01,6.13,6.22,6.13,6.2,1530000.0
2021-10-04,6.13,6.16,6.08,6.1,383280.0
2021-10-05,6.08,6.15,6.08,6.14,1560000.0
2021-10-06,6.12,6.13,6.07,6.11,920030.0
2021-10-07,6.2,6.28,6.2,6.28,3220000.0
2021-10-08,6.31,6.35,6.31,6.34,323710.0
2021-10-11,6.34,6.34,6.3,6.32,352890.0
2021-10-12,6.24,6.26,6.22,6.24,253750.0
2021-10-13,6.3,6.39,6.25,6.38,557440.0
2021-10-14,6.32,6.34,6.29,6.3,770400.0
2021-10-15,6.38,6.39,6.33,6.35,1140000.0
2021-10-18,6.28,6.33,6.28,6.32,783870.0
2021-10-19,6.39,6.44,6.38,6.44,153510.0
2021-10-20,6.38,6.41,6.38,6.4,2300000.0
2021-10-21,6.38,6.39,6.36,6.36,352020.0
2021-10-22,6.42,6.45,6.41,6.41,327530.0
2021-10-25,6.47,6.48,6.44,6.45,507760.0
2021-10-26,6.44,6.47,6.44,6.44,233280.0
2021-10-27,6.4,6.4,6.36,6.37,353460.0
2021-10-28,6.33,6.35,6.31,6.34,430020.0
2021-10-29,6.39,6.39,6.32,6.36,148120.0
2021-11-01,6.36,6.39,6.35,6.39,422960.0
2021-11-02,6.33,6.33,6.3,6.31,910870.0
2021-11-03,6.31,6.32,6.26,6.28,314790.0
2021-11-04,6.34,6.36,6.32,6.33,398280.0
2021-11-05,6.31,6.32,6.29,6.31,232410.0
2021-11-08,6.32,6.36,6.31,6.36,301620.0
2021-11-09,6.35,6.36,6.32,6.32,394640.0
2021-11-10,6.32,6.34,6.3,6.32,402230.0
2021-11-11,6.38,6.41,6.36,6.41,249580.0
2021-11-12,6.39,6.42,6.38,6.42,852760.0
2021-11-15,6.38,6.39,6.34,6.38,419910.0
2021-11-16,6.37,6.37,6.31,6.34,356910.0
2021-11-17,6.36,6.38,6.35,6.36,769030.0
2021-11-18,6.34,6.34,6.26,6.3,535830.0
2021-11-19,6.39,6.4,6.34,6.37,385170.0
2021-11-22,6.43,6.46,6.42,6.43,389050.0
2021-11-23,6.44,6.44,6.39,6.41,216130.0
2021-11-24,6.41,6.42,6.39,6.41,88810.0
2021-11-25,6.41,6.42,6.38,6.39,383260.0
2021-11-26,6.34,6.37,6.32,6.33,227190.0
2021-11-29,6.39,6.39,6.33,6.34,366840.0
2021-11-30,6.4,6.4,6.33,6.36,208510.0
2021-12-01,6.36,6.41,6.34,6.41,759550.0
2021-12-02,6.38,6.42,6.36,6.39,251210.0
2021-12-03,6.46,6.49,6.41,6.42,897400.0
2021-12-06,6.43,6.49,6.41,6.47,1260000.0
2021-12-07,6.45,6.46,6.43,6.46,1450000.0
2021-12-08,6.57,6.62,6.55,6.61,1140000.0
2021-12-09,6.66,6.66,6.57,6.61,898380.0
2021-12-10,6.59,6.61,6.57,6.61,144190.0
2021-12-13,6.64,6.65,6.58,6.61,264740.0
2021-12-14,6.58,6.59,6.55,6.56,131160.0
2021-12-15,6.55,6.55,6.51,6.51,1230000.0
2021-12-16,6.61,6.61,6.57,6.59,1920000.0
2021-12-17,6.46,6.47,6.41,6.47,220950.0
2021-12-20,6.37,6.41,6.34,6.39,230580.0
2021-12-21,6.42,6.44,6.39,6.43,472340.0
2021-12-22,6.44,6.47,6.42,6.47,250320.0
2021-12-23,6.5,6.52,6.47,6.5,251070.0
2021-12-24,6.49,6.49,6.41,6.49,366380.0
2021-12-29,6.38,6.43,6.37,6.39,157630.0
2021-12-30,6.47,6.48,6.42,6.47,304890.0
2021-12-31,6.43,6.5,6.43,6.49,400700.0
2022-01-04,6.44,6.44,6.41,6.42,629070.0
2022-01-05,6.36,6.38,6.32,6.37,362830.0
2022-01-06,6.3,6.3,6.28,6.3,301010.0
2022-01-07,6.27,6.28,6.25,6.27,916060.0
2022-01-10,6.28,6.3,6.26,6.28,477220.0
2022-01-11,6.25,6.26,6.22,6.25,285870.0
2022-01-12,6.32,6.34,6.3,6.34,483820.0
2022-01-13,6.19,6.22,6.19,6.21,600960.0
2022-01-14,6.19,6.2,6.16,6.17,222570.0
2022-01-17,6.24,6.25,6.23,6.24,135380.0
2022-01-18,6.26,6.3,6.25,6.3,165220.0
2022-01-19,6.25,6.3,6.23,6.27,278450.0
2022-01-20,6.25,6.34,6.25,6.32,617120.0
2022-01-21,6.22,6.26,6.22,6.24,430910.0
2022-01-24,6.25,6.26,6.17,6.19,538730.0
2022-01-25,6.11,6.11,6.06,6.1,501340.0
2022-01-26,6.12,6.18,6.12,6.16,1300000.0
2022-01-27,5.99,6.03,5.95,6.02,189560.0
2022-01-28,5.89,5.91,5.85,5.91,2320000.0
2022-01-31,5.88,5.93,5.88,5.91,568920.0
2022-02-01,5.98,5.99,5.95,5.96,213510.0
2022-02-02,6.01,6.03,5.98,5.98,4260000.0
2022-02-03,5.98,6.0,5.95,5.97,371180.0
2022-02-04,5.99,6.01,5.96,5.99,835500.0
2022-02-07,6.01,6.01,5.98,5.99,291280.0
2022-02-08,5.96,6.01,5.95,5.99,217680.0
2022-02-09,6.04,6.08,6.04,6.08,1900000.0
2022-02-10,6.03,6.07,6.02,6.05,825720.0
2022-02-11,5.98,6.0,5.96,5.98,157100.0
2022-02-14,5.9,5.93,5.89,5.92,444450.0
2022-02-15,6.0,6.05,6.0,6.04,543090.0
2022-02-16,6.05,6.06,6.02,6.03,188400.0
2022-02-17,6.05,6.07,6.04,6.05,400510.0
2022-02-18,6.1,6.1,6.07,6.07,226590.0
2022-02-21,6.07,6.09,6.05,6.07,152250.0
2022-02-22,6.01,6.04,6.0,6.03,836680.0
2022-02-23,6.07,6.1,6.06,6.07,177760.0
2022-02-24,5.92,5.98,5.89,5.9,576160.0
2022-02-25,6.0,6.05,5.99,6.05,223720.0
2022-02-28,6.05,6.11,6.03,6.09,335240.0
2022-03-01,6.06,6.11,6.02,6.06,606490.0
2022-03-02,6.04,6.07,6.01,6.06,248130.0
2022-03-03,6.03,6.03,5.96,5.97,146980.0
2022-03-04,5.93,5.93,5.87,5.89,230110.0
2022-03-07,5.74,5.78,5.7,5.71,726450.0
2022-03-08,5.58,5.63,5.56,5.58,562630.0
2022-03-09,5.53,5.61,5.52,5.61,1200000.0
2022-03-10,5.63,5.65,5.59,5.59,742970.0
2022-03-11,5.69,5.69,5.58,5.59,298580.0
2022-03-14,5.43,5.43,5.35,5.39,506780.0
2022-03-15,5.15,5.24,5.08,5.18,1660000.0
2022-03-16,5.51,5.7,5.5,5.67,2540000.0
2022-03-17,5.55,5.56,5.49,5.53,195580.0
2022-03-18,5.55,5.63,5.51,5.63,295070.0
2022-03-21,5.57,5.6,5.53,5.56,1450000.0
2022-03-22,5.57,5.59,5.53,5.57,1350000.0
2022-03-23,5.54,5.57,5.51,5.56,385390.0
2022-03-24,5.51,5.55,5.51,5.53,337850.0
2022-03-25,5.45,5.45,5.42,5.45,978260.0
2022-03-28,5.4,5.41,5.38,5.39,198190.0
2022-03-29,5.36,5.43,5.36,5.41,223100.0
2022-03-30,5.52,5.56,5.52,5.55,387660.0
2022-03-31,5.51,5.53,5.47,5.49,744460.0
2022-04-01,5.57,5.61,5.55,5.56,1020000.0
2022-04-04,5.55,5.59,5.53,5.59,650860.0
2022-04-05,5.57,5.61,5.55,5.55,298510.0
2022-04-06,5.52,5.53,5.49,5.5,120950.0
2022-04-07,5.48,5.48,5.44,5.44,227190.0
2022-04-08,5.5,5.51,5.47,5.48,136300.0
2022-04-11,5.32,5.34,5.29,5.32,705340.0
2022-04-12,5.41,5.43,5.38,5.42,336690.0
2022-04-13,5.36,5.39,5.34,5.39,190020.0
2022-04-14,5.4,5.43,5.39,5.41,151080.0
2022-04-19,5.37,5.37,5.29,5.32,743670.0
2022-04-20,5.24,5.24,5.2,5.21,229840.0
2022-04-21,5.1,5.11,5.07,5.07,135680.0
2022-04-22,5.1,5.1,5.02,5.04,1720000.0
2022-04-25,4.75,4.77,4.69,4.73,850310.0
2022-04-26,4.74,4.74,4.67,4.68,480950.0
2022-04-27,4.85,4.88,4.83,4.86,923320.0
2022-04-28,4.85,4.87,4.8,4.82,1210000.0
2022-04-29,4.99,5.01,4.94,4.96,642840.0
2022-05-03,4.93,4.95,4.92,4.95,1950000.0
2022-05-04,4.92,4.94,4.9,4.91,684320.0
2022-05-05,4.96,4.98,4.84,4.86,784700.0
2022-05-06,4.79,4.83,4.77,4.8,902570.0
2022-05-09,4.7,4.74,4.69,4.7,407180.0
2022-05-10,4.78,4.8,4.75,4.76,650100.0
2022-05-11,4.87,4.9,4.85,4.9,1090000.0
2022-05-12,4.81,4.84,4.77,4.83,603880.0
2022-05-13,4.86,4.88,4.84,4.87,254670.0
2022-05-16,4.83,4.85,4.81,4.84,466090.0
2022-05-17,4.93,4.96,4.91,4.92,551910.0
2022-05-18,4.89,4.91,4.87,4.87,2550000.0
2022-05-19,4.89,4.97,4.88,4.96,631330.0
2022-05-20,5.09,5.09,5.04,5.05,204880.0
2022-05-23,5.06,5.09,5.04,5.08,362660.0
2022-05-24,4.93,4.95,4.92,4.92,643670.0
2022-05-25,4.95,4.96,4.91,4.93,544770.0
2022-05-26,4.91,4.96,4.91,4.94,283120.0
2022-05-27,4.94,4.99,4.92,4.97,565490.0
2022-05-30,5.04,5.05,5.02,5.04,261060.0
2022-05-31,5.13,5.14,5.1,5.11,463360.0
2022-06-01,5.11,5.14,5.07,5.07,437510.0
2022-06-06,5.26,5.29,5.24,5.25,379930.0
2022-06-07,5.27,5.3,5.25,5.29,1080000.0
2022-06-08,5.3,5.31,5.27,5.31,334730.0
2022-06-09,5.25,5.32,5.21,5.22,1210000.0
2022-06-10,5.33,5.33,5.24,5.25,192360.0
2022-06-13,5.21,5.22,5.14,5.16,367640.0
2022-06-14,5.26,5.27,5.2,5.26,1290000.0
2022-06-15,5.35,5.38,5.33,5.37,903030.0
2022-06-16,5.34,5.34,5.27,5.3,852950.0
2022-06-17,5.39,5.43,5.37,5.4,2130000.0
2022-06-20,5.45,5.47,5.44,5.45,1060000.0
2022-06-21,5.41,5.45,5.41,5.45,2780000.0
2022-06-22,5.34,5.39,5.33,5.38,879920.0
2022-06-23,5.45,5.48,5.43,5.47,725700.0
2022-06-24,5.5,5.56,5.49,5.55,12160000.0
2022-06-27,5.59,5.61,5.58,5.59,2320000.0
2022-06-28,5.65,5.66,5.61,5.61,3050000.0
2022-06-29,5.54,5.58,5.53,5.54,1760000.0
2022-06-30,5.61,5.65,5.61,5.64,604590.0
2022-07-01,5.6,5.65,5.59,5.64,2100000.0
2022-07-04,5.67,5.68,5.64,5.66,1800000.0
2022-07-05,5.66,5.66,5.57,5.59,1090000.0
2022-07-06,5.56,5.57,5.53,5.54,1470000.0
2022-07-07,5.57,5.64,5.55,5.63,3200000.0
2022-07-08,5.55,5.61,5.55,5.59,5400000.0
2022-07-11,5.47,5.48,5.44,5.46,644380.0
2022-07-12,5.39,5.41,5.36,5.4,1010000.0
2022-07-13,5.4,5.43,5.36,5.41,3730000.0
2022-07-14,5.41,5.41,5.33,5.38,423570.0
2022-07-15,5.32,5.32,5.28,5.3,4190000.000000001
2022-07-18,5.4,5.43,5.36,5.4,238070.0
2022-07-19,5.36,5.41,5.36,5.41,1190000.0
2022-07-20,5.4,5.41,5.38,5.39,68260.0
2022-07-21,5.33,5.35,5.32,5.33,311720.0
2022-07-22,5.33,5.34,5.31,5.31,106450.0
2022-07-25,5.28,5.32,5.28,5.31,215530.0
2022-07-26,5.35,5.36,5.32,5.32,760390.0
2022-07-27,5.32,5.35,5.32,5.33,59690.0
2022-07-28,5.34,5.34,5.3,5.32,35250.0
2022-07-29,5.27,5.28,5.21,5.23,9580000.0
2022-08-01,5.26,5.28,5.21,5.23,57160.0
2022-08-02,5.17,5.17,5.13,5.16,29040.0
2022-08-03,5.1,5.13,5.1,5.13,103050.0
2022-08-04,5.13,5.17,5.13,5.16,441400.0
2022-08-05,5.22,5.24,5.18,5.2,399880.0
2022-08-08,5.22,5.24,5.2,5.23,553080.0
2022-08-09,5.23,5.24,5.22,5.24,658060.0
2022-08-10,5.16,5.24,5.16,5.24,854470.0
2022-08-11,5.31,5.33,5.29,5.32,594410.0
2022-08-12,5.31,5.32,5.27,5.3,892480.0
2022-08-15,5.27,5.28,5.26,5.27,1410000.0
2022-08-16,5.23,5.26,5.23,5.26,1000000.0
2022-08-17,5.29,5.31,5.27,5.28,2230000.0
2022-08-18,5.24,5.26,5.24,5.26,113050.0
2022-08-19,5.2,5.22,5.16,5.17,200600.0
2022-08-22,5.22,5.22,5.18,5.19,132080.0
2022-08-23,5.18,5.23,5.17,5.22,890620.0
2022-08-24,5.1,5.11,5.08,5.12,231430.0
2022-08-25,5.14,5.17,5.14,5.16,94120.0
2022-08-26,5.13,5.16,5.1,5.11,81260.0
2022-08-30,5.05,5.07,5.0,5.01,475940.0
2022-08-31,5.03,5.05,5.01,5.01,1200000.0
2022-09-01,5.02,5.02,4.98,4.99,376020.0
2022-09-02,4.96,4.99,4.95,4.97,1880000.0
2022-09-05,4.95,4.95,4.92,4.94,830560.0
2022-09-06,4.97,4.99,4.94,4.95,90640.0
2022-09-07,4.99,5.0,4.96,4.97,1100000.0
2022-09-08,4.98,4.98,4.96,4.98,82180.0
2022-09-09,5.05,5.07,5.05,5.05,657200.0
2022-09-12,5.02,5.07,5.02,5.07,37780.0
2022-09-13,5.09,5.09,5.0,5.01,2920000.0
2022-09-14,5.0,5.01,4.98,5.0,355930.0
2022-09-15,4.99,4.99,4.88,4.89,1040000.0
2022-09-16,4.78,4.79,4.75,4.77,750750.0
2022-09-20,4.78,4.79,4.76,4.77,914330.0
2022-09-21,4.72,4.75,4.7,4.73,421540.0
2022-09-22,4.67,4.7,4.66,4.68,1000000.0
2022-09-23,4.63,4.64,4.59,4.59,182980.0
2022-09-26,4.59,4.61,4.58,4.6,954660.0
2022-09-27,4.64,4.66,4.63,4.63,183340.0
2022-09-28,4.56,4.58,4.52,4.58,517500.0
2022-09-29,4.57,4.62,4.54,4.6,651210.0
2022-09-30,4.59,4.61,4.56,4.57,497600.0
2022-10-03,4.51,4.59,4.51,4.57,379970.0
2022-10-04,4.63,4.72,4.63,4.73,298250.0
2022-10-05,4.85,4.85,4.73,4.74,294880.0
2022-10-06,4.85,4.85,4.71,4.73,107010.0
2022-10-07,4.67,4.7,4.64,4.65,286140.0
2022-10-10,4.48,4.48,4.44,4.44,171320.0
2022-10-11,4.43,4.46,4.43,4.46,264790.0
2022-10-12,4.5,4.52,4.46,4.47,2880000.0
2022-10-13,4.47,4.5,4.4,4.5,325480.0
2022-10-14,4.57,4.6,4.54,4.55,462930.0
2022-10-17,4.55,4.62,4.55,4.62,94320.0
2022-10-18,4.6,4.6,4.54,4.55,618380.0
2022-10-19,4.5,4.5,4.44,4.44,210210.0
2022-10-20,4.45,4.51,4.45,4.51,3800000.0
2022-10-21,4.44,4.46,4.41,4.46,171720.0
2022-10-24,4.34,4.34,4.24,4.27,441800.0
2022-10-25,4.28,4.3,4.24,4.29,2050000.0
2022-10-26,4.34,4.43,4.34,4.42,1120000.0
2022-10-27,4.31,4.33,4.29,4.32,2210000.0
2022-10-28,4.21,4.22,4.19,4.2,82060.0
2022-10-31,4.13,4.14,4.11,4.12,1110000.0
2022-11-01,4.27,4.29,4.24,4.24,731220.0
2022-11-02,4.34,4.36,4.28,4.3,772580.0
2022-11-03,4.26,4.32,4.26,4.31,543380.0
2022-11-04,4.46,4.58,4.46,4.55,232760.0
2022-11-07,4.49,4.54,4.49,4.52,458970.0
2022-11-08,4.47,4.51,4.45,4.51,344640.0
2022-11-09,4.45,4.45,4.4,4.41,341550.0
2022-11-10,4.4,4.55,4.38,4.54,481190.0
2022-11-11,4.64,4.69,4.6,4.66,1620000.0
2022-11-14,4.68,4.68,4.63,4.64,561820.0
2022-11-15,4.76,4.78,4.74,4.77,270260.0
2022-11-16,4.71,4.71,4.65,4.66,182900.0
2022-11-17,4.64,4.64,4.56,4.6,361190.0
2022-11-18,4.62,4.64,4.61,4.62,778220.0
2022-11-21,4.57,4.57,4.54,4.54,996690.0
2022-11-22,4.56,4.58,4.56,4.57,518820.00000000006
2022-11-23,4.55,4.57,4.55,4.55,271070.0
2022-11-24,4.54,4.56,4.53,4.54,285620.0
2022-11-25,4.53,4.55,4.51,4.52,101070.0
2022-11-28,4.48,4.5,4.45,4.49,208450.0
2022-11-29,4.61,4.66,4.61,4.66,211400.0
2022-11-30,4.69,4.75,4.66,4.73,247170.0
2022-12-01,4.71,4.78,4.71,4.73,233210.0
2022-12-02,4.73,4.78,4.67,4.79,662420.0
2022-12-05,4.87,4.87,4.82,4.83,1670000.0
2022-12-06,4.88,4.88,4.85,4.88,446900.0
2022-12-07,4.83,4.87,4.82,4.84,384050.0
2022-12-08,4.89,4.9,4.87,4.88,979090.0
2022-12-09,4.92,4.93,4.9,4.91,3850000.0
2022-12-12,4.85,4.86,4.82,4.82,662490.0
2022-12-13,4.83,4.9,4.8,4.87,2030000.0
2022-12-14,4.85,4.87,4.85,4.87,3270000.0
2022-12-15,4.84,4.88,4.81,4.82,990810.0
2022-12-16,4.81,4.83,4.8,4.83,627210.0
2022-12-19,4.79,4.79,4.73,4.74,328060.0
2022-12-20,4.69,4.71,4.68,4.7,238650.0
2022-12-21,4.7,4.71,4.67,4.68,778880.0
2022-12-22,4.68,4.68,4.63,4.64,405960.0
2022-12-23,4.66,4.66,4.61,4.66,795440.0
2022-12-28,4.74,4.77,4.7,4.71,228540.0
2022-12-29,4.73,4.76,4.71,4.75,7800000.0
2022-12-30,4.76,4.8,4.75,4.79,354270.0
2023-01-03,4.81,4.84,4.8,4.82,196300.0
2023-01-04,4.84,4.86,4.82,4.86,464440.0
2023-01-05,4.92,4.94,4.91,4.92,412240.0
2023-01-06,4.97,5.02,4.95,5.0,1550000.0
2023-01-09,5.05,5.09,5.03,5.08,583270.0
2023-01-10,5.05,5.07,5.05,5.06,5940000.0
2023-01-11,5.06,5.08,5.04,5.08,609790.0
2023-01-12,5.08,5.12,5.07,5.11,954790.0
2023-01-13,5.18,5.18,5.15,5.18,1950000.0
2023-01-16,5.25,5.26,5.22,5.23,1030000.0
2023-01-17,5.2,5.22,5.19,5.21,1060000.0
2023-01-18,5.2,5.24,5.18,5.2,8570000.0
2023-01-19,5.2,5.22,5.18,5.22,3180000.0
2023-01-20,5.25,5.26,5.23,5.26,2070000.0
2023-01-23,5.33,5.34,5.31,5.32,1130000.0
2023-01-24,5.32,5.32,5.28,5.31,439100.0
2023-01-25,5.33,5.34,5.3,5.31,313270.0
2023-01-26,5.39,5.42,5.38,5.39,1420000.0
2023-01-27,5.42,5.42,5.36,5.38,586370.0
2023-01-30,5.27,5.32,5.26,5.31,850150.0
2023-01-31,5.25,5.27,5.22,5.26,819440.0
2023-02-01,5.28,5.32,5.28,5.3,1050000.0
2023-02-02,5.29,5.3,5.24,5.25,933900.0
2023-02-03,5.22,5.24,5.15,5.16,9840000.0
2023-02-06,5.12,5.12,5.07,5.11,15440000.0
2023-02-07,5.14,5.14,5.11,5.13,936880.0
2023-02-08,5.12,5.12,5.07,5.07,133080.0
2023-02-09,5.17,5.21,5.17,5.18,1680000.0
2023-02-10,5.14,5.15,5.1,5.12,1510000.0
2023-02-13,5.16,5.19,5.16,5.18,171870.0
2023-02-14,5.18,5.21,5.14,5.16,135860.0
2023-02-15,5.13,5.14,5.11,5.12,1190000.0
2023-02-16,5.07,5.08,5.04,5.07,1340000.0
2023-02-17,4.99,4.99,4.95,4.98,668490.0
2023-02-20,5.13,5.14,5.11,5.14,135210.0
2023-02-21,5.12,5.12,5.1,5.11,2420000.0
2023-02-22,5.07,5.09,5.06,5.07,662730.0
2023-02-23,5.07,5.08,5.05,5.05,80350.0
2023-02-24,4.98,4.99,4.9,4.91,1650000.0
2023-02-27,4.95,4.98,4.94,4.96,319090.0
2023-02-28,4.97,5.0,4.96,4.99,3240000.0
2023-03-01,5.09,5.12,5.09,5.09,2080000.0
2023-03-02,5.06,5.09,5.04,5.08,1090000.0
2023-03-03,5.07,5.09,5.07,5.09,1010000.0
2023-03-06,5.05,5.05,5.03,5.04,180310.0
2023-03-07,4.98,4.98,4.9,4.91,5060000.0
2023-03-08,4.9,4.94,4.9,4.93,1810000.0
2023-03-09,4.89,4.9,4.86,4.86,1220000.0
2023-03-10,4.83,4.9,4.83,4.89,945140.0
2023-03-13,4.91,4.97,4.89,4.95,804120.0
2023-03-14,4.92,4.95,4.9,4.94,1270000.0
2023-03-15,4.91,4.91,4.84,4.84,1170000.0
2023-03-16,4.84,4.86,4.83,4.86,184790.0
2023-03-17,4.88,4.89,4.83,4.85,603730.0
2023-03-20,4.84,4.88,4.84,4.86,1120000.0
2023-03-21,4.91,4.92,4.89,4.89,554830.0
2023-03-22,4.91,4.93,4.89,4.91,78260.0
2023-03-23,5.01,5.03,4.98,5.01,717570.0
2023-03-24,4.98,4.98,4.92,4.95,536450.0
2023-03-27,4.93,4.95,4.91,4.91,1460000.0
2023-03-28,4.93,4.95,4.91,4.95,1710000.0
2023-03-29,4.91,4.93,4.9,4.93,1280000.0
2023-03-30,4.96,4.99,4.96,4.98,1170000.0
2023-03-31,4.99,5.0,4.97,4.98,1730000.0
2023-04-03,5.01,5.03,4.99,5.01,1900000.0
2023-04-04,5.01,5.04,5.01,5.03,197580.0
2023-04-05,5.06,5.07,5.01,5.01,1090000.0
2023-04-06,5.01,5.03,5.0,5.02,606370.0
2023-04-11,5.0,5.02,4.99,5.01,319180.0
2023-04-12,4.99,5.01,4.97,4.97,937450.0
2023-04-13,4.99,5.01,4.98,5.0,1210000.0
2023-04-14,5.03,5.04,4.98,4.99,2690000.0
2023-04-17,5.07,5.09,5.04,5.04,257800.0
2023-04-18,5.09,5.09,5.07,5.07,1020000.0
2023-04-19,5.03,5.03,5.0,5.02,456480.0
2023-04-20,5.0,5.01,4.98,5.01,1490000.0
2023-04-21,4.89,4.9,4.86,4.87,1410000.0
2023-04-24,4.81,4.85,4.8,4.82,1040000.0
2023-04-25,4.79,4.79,4.76,4.76,2090000.0
2023-04-26,4.81,4.82,4.78,4.8,1040000.0
2023-04-27,4.84,4.84,4.82,4.83,267550.0
2023-04-28,4.88,5.01,4.83,4.89,366360.0
2023-05-02,4.84,4.86,4.82,4.82,615350.0
2023-05-03,4.82,4.85,4.82,4.84,910490.0
2023-05-04,4.9,4.9,4.86,4.87,114950.0
2023-05-05,4.88,4.88,4.84,4.87,45940.0
2023-05-09,4.87,4.88,4.86,4.88,500630.0
2023-05-10,4.83,4.85,4.82,4.83,468560.0
2023-05-11,4.82,4.83,4.8,4.8,122990.0
2023-05-12,4.75,4.76,4.7,4.71,604850.0
2023-05-15,4.81,4.83,4.8,4.82,3360000.0
2023-05-16,4.79,4.8,4.68,4.76,559610.0
2023-05-17,4.74,4.77,4.7,4.72,346450.0
2023-05-18,4.73,4.74,4.68,4.68,777980.0
2023-05-19,4.68,4.72,4.68,4.7,323110.0
2023-05-22,4.72,4.74,4.71,4.71,124190.0
2023-05-23,4.65,4.65,4.63,4.64,198720.0
2023-05-24,4.59,4.6,4.55,4.56,1680000.0
2023-05-25,4.55,4.57,4.53,4.53,253910.0
2023-05-26,4.56,4.59,4.56,4.58,1720000.0
2023-05-30,4.48,4.58,4.48,4.53,1340000.0
2023-05-31,4.48,4.5,4.47,4.47,827110.0
2023-06-01,4.48,4.53,4.47,4.52,3060000.0
2023-06-02,4.56,4.61,4.56,4.6,416480.0
2023-06-05,4.53,4.54,4.52,4.53,2180000.0
2023-06-06,4.47,4.5,4.47,4.5,1850000.0
2023-06-07,4.45,4.5,4.45,4.47,1070000.0
2023-06-08,4.46,4.51,4.46,4.5,139170.0
2023-06-09,4.51,4.51,4.49,4.5,550550.0
2023-06-12,4.5,4.52,4.5,4.51,742920.0
2023-06-13,4.52,4.54,4.52,4.52,73190.0
2023-06-14,4.52,4.57,4.52,4.57,2500000.0
2023-06-15,4.61,4.64,4.59,4.63,1530000.0
2023-06-16,4.66,4.68,4.64,4.65,4120000.0
2023-06-19,4.63,4.63,4.61,4.62,659680.0
2023-06-20,4.59,4.63,4.54,4.55,263260.0
2023-06-21,4.51,4.52,4.5,4.51,391490.0
2023-06-22,4.5,4.5,4.48,4.49,226260.0
2023-06-23,4.45,4.45,4.43,4.44,190800.0
2023-06-26,4.43,4.43,4.4,4.4,718490.0
2023-06-27,4.48,4.48,4.46,4.47,468220.0
2023-06-28,4.46,4.46,4.43,4.44,512020.0
2023-06-29,4.42,4.44,4.41,4.43,3280000.0
2023-06-30,4.46,4.48,4.44,4.46,595420.0
2023-07-03,4.51,4.53,4.51,4.51,993620.0
2023-07-04,4.55,4.56,4.55,4.55,112710.0
2023-07-05,4.5,4.52,4.49,4.5,1840000.0
2023-07-06,4.47,4.48,4.43,4.44,749800.0
2023-07-07,4.46,4.5,4.45,4.49,563570.0
2023-07-10,4.49,4.51,4.49,4.51,222990.0
2023-07-11,4.54,4.55,4.52,4.52,37960.0
2023-07-12,4.51,4.56,4.51,4.56,640140.0
2023-07-13,4.6,4.63,4.59,4.62,985800.0
2023-07-14,4.62,4.63,4.59,4.6,532520.0
2023-07-17,4.55,4.57,4.54,4.56,2400000.0
2023-07-18,4.56,4.56,4.53,4.53,11510000.0
2023-07-19,4.53,4.53,4.5,4.52,3910000.0
2023-07-20,4.51,4.53,4.5,4.5,238750.0
2023-07-21,4.53,4.53,4.5,4.5,96320.0
2023-07-24,4.5,4.56,4.48,4.56,676600.0
2023-07-25,4.64,4.68,4.64,4.65,407450.0
2023-07-26,4.64,4.66,4.62,4.65,3480000.0
2023-07-27,4.64,4.65,4.58,4.61,1140000.0
2023-07-28,4.72,4.76,4.72,4.76,2220000.0
2023-07-31,4.75,4.76,4.73,4.75,551480.0
2023-08-01,4.72,4.73,4.68,4.68,1560000.0
2023-08-02,4.67,4.68,4.64,4.64,2420000.0
2023-08-03,4.69,4.75,4.68,4.75,494210.0
2023-08-04,4.73,4.75,4.71,4.73,161900.0
2023-08-07,4.69,4.69,4.65,4.66,190280.0
2023-08-08,4.66,4.66,4.6,4.62,601510.0
2023-08-09,4.64,4.66,4.61,4.62,487860.0
2023-08-10,4.65,4.67,4.64,4.64,1550000.0
2023-08-11,4.53,4.53,4.48,4.48,1010000.0
2023-08-14,4.47,4.49,4.45,4.47,7740000.0
2023-08-15,4.45,4.45,4.41,4.42,8570000.0
2023-08-16,4.41,4.42,4.34,4.38,4020000.0
2023-08-17,4.42,4.44,4.4,4.41,313560.0
2023-08-18,4.35,4.38,4.34,4.36,440890.0
2023-08-21,4.3,4.34,4.29,4.32,350710.0
2023-08-22,4.33,4.36,4.31,4.31,1060000.0
2023-08-23,4.28,4.3,4.26,4.29,590580.0
2023-08-24,4.32,4.32,4.28,4.28,393270.0
2023-08-25,4.28,4.3,4.27,4.28,379710.0
2023-08-29,4.36,4.41,4.36,4.41,1620000.0
2023-08-30,4.39,4.4,4.36,4.39,806830.0
2023-08-31,4.35,4.39,4.34,4.36,226470.0
2023-09-01,4.39,4.44,4.39,4.43,2230000.0
2023-09-04,4.45,4.46,4.45,4.46,2500000.0
2023-09-05,4.41,4.42,4.4,4.41,867960.0
2023-09-06,4.4,4.43,4.38,4.39,1440000.0
2023-09-07,4.33,4.33,4.28,4.3,2340000.0
2023-09-08,4.29,4.3,4.28,4.29,107690.0
2023-09-11,4.36,4.38,4.35,4.36,524760.0
2023-09-12,4.36,4.36,4.34,4.36,84380.0
2023-09-13,4.33,4.35,4.33,4.35,564330.0
2023-09-14,4.33,4.34,4.32,4.34,531410.0
2023-09-15,4.32,4.32,4.28,4.29,514940.00000000006
2023-09-18,4.32,4.33,4.31,4.32,619250.0
2023-09-19,4.31,4.32,4.3,4.3,243470.0
2023-09-20,4.28,4.31,4.28,4.3,1400000.0
2023-09-21,4.24,4.25,4.23,4.24,245450.0
2023-09-22,4.32,4.35,4.31,4.33,594090.0
2023-09-25,4.29,4.3,4.28,4.29,96230.0
2023-09-26,4.28,4.28,4.26,4.26,3260000.0
2023-09-27,4.27,4.28,4.27,4.28,696400.0
2023-09-28,4.27,4.28,4.25,4.27,673510.0
2023-09-29,4.34,4.35,4.29,4.29,604080.0
2023-10-02,4.29,4.31,4.26,4.28,435550.0
2023-10-03,4.24,4.24,4.21,4.22,934630.0
2023-10-04,4.17,4.22,4.17,4.2,929300.0
2023-10-05,4.2,4.22,4.2,4.2,838300.0
2023-10-06,4.23,4.27,4.22,4.27,2260000.0
2023-10-09,4.25,4.27,4.25,4.26,628380.0
2023-10-10,4.24,4.28,4.23,4.27,216870.0
2023-10-11,4.24,4.3,4.23,4.29,2410000.0
2023-10-12,4.29,4.29,4.24,4.24,605840.0
2023-10-13,4.23,4.23,4.2,4.22,419530.0
2023-10-16,4.2,4.21,4.18,4.21,304680.0
2023-10-17,4.2,4.2,4.17,4.2,319600.0
2023-10-18,4.17,4.17,4.13,4.13,109730.0
2023-10-19,4.07,4.08,4.06,4.08,1410000.0
2023-10-20,4.05,4.05,4.03,4.04,201230.0
2023-10-23,4.16,4.16,3.98,4.0,113310.0
2023-10-24,4.02,4.08,4.01,4.08,723480.0
2023-10-25,4.04,4.05,4.02,4.05,1400000.0
2023-10-26,4.05,4.08,4.05,4.07,667930.0
2023-10-27,4.11,4.13,4.07,4.09,3510000.0
2023-10-30,4.14,4.16,4.14,4.14,487760.0
2023-10-31,4.13,4.14,4.1,4.11,2390000.0
2023-11-01,4.12,4.14,4.11,4.13,194830.0
2023-11-02,4.11,4.13,4.1,4.13,1300000.0
2023-11-03,4.16,4.18,4.13,4.17,968260.0
2023-11-06,4.22,4.23,4.21,4.22,4020000.0
2023-11-07,4.2,4.21,4.18,4.21,1310000.0
2023-11-08,4.2,4.21,4.19,4.2,1600000.0
2023-11-09,4.2,4.21,4.19,4.2,384770.0
2023-11-10,4.16,4.17,4.15,4.16,382020.0
2023-11-13,4.18,4.2,4.18,4.2,1550000.0
2023-11-14,4.17,4.25,4.16,4.25,841250.0
2023-11-15,4.24,4.28,4.24,4.28,3490000.0
2023-11-16,4.18,4.2,4.17,4.18,18700000.0
2023-11-17,4.19,4.25,4.19,4.22,10600000.0
2023-11-20,4.24,4.28,4.24,4.28,761420.0
2023-11-21,4.28,4.28,4.25,4.25,349030.0
2023-11-22,4.23,4.23,4.2,4.21,329140.0
2023-11-23,4.28,4.28,4.26,4.26,349520.0
2023-11-24,4.21,4.23,4.2,4.22,3120000.0
2023-11-27,4.19,4.2,4.18,4.18,182920.0
2023-11-28,4.19,4.21,4.19,4.2,2180000.0
2023-11-29,4.18,4.19,4.17,4.17,956970.0
2023-11-30,4.18,4.19,4.16,4.17,1310000.0
2023-12-01,4.15,4.16,4.11,4.16,425200.0
2023-12-04,4.14,4.15,4.12,4.13,996690.0
2023-12-05,4.06,4.08,4.05,4.05,127600.0
2023-12-06,4.07,4.07,4.04,4.05,796960.0
2023-12-07,4.06,4.06,4.05,4.06,252880.0
2023-12-08,4.06,4.07,4.04,4.05,145380.0
2023-12-11,4.07,4.1,4.07,4.1,376020.0
2023-12-12,4.1,4.1,4.07,4.07,100390.0
2023-12-13,4.03,4.05,4.02,4.03,225740.0
2023-12-14,4.03,4.08,4.03,4.08,363930.0
2023-12-15,4.05,4.05,4.01,4.02,500100.0
2023-12-18,4.0,4.01,3.98,3.98,426640.0
2023-12-19,3.98,4.04,3.97,4.03,540870.0
2023-12-20,3.97,3.99,3.94,3.95,2250000.0
2023-12-21,3.99,4.02,3.98,4.0,961770.0
2023-12-22,3.99,4.01,3.99,4.01,152850.0
2023-12-27,3.99,4.0,3.99,4.0,505740.0
2023-12-28,4.1,4.12,4.1,4.11,96370.0
2023-12-29,4.11,4.13,4.11,4.11,108890.0
2024-01-02,4.07,4.08,4.03,4.05,566230.0
2024-01-03,4.04,4.06,4.03,4.04,4750000.0
2024-01-04,4.01,4.01,3.99,3.99,82730.0
2024-01-05,3.96,3.99,3.96,3.97,279790.0
2024-01-08,3.92,3.92,3.9,3.92,491720.0
2024-01-09,3.92,3.92,3.89,3.9,228900.0
2024-01-10,3.91,3.92,3.88,3.89,133980.0
2024-01-11,3.92,3.93,3.9,3.9,391110.0
2024-01-12,3.92,3.92,3.9,3.91,350990.0
2024-01-15,3.9,3.9,3.88,3.89,130240.0
2024-01-16,3.9,3.91,3.89,3.89,217070.0
2024-01-17,3.81,3.81,3.79,3.79,1030000.0
2024-01-18,3.85,3.86,3.84,3.84,789470.0
2024-01-19,3.85,3.86,3.84,3.85,668120.0
2024-01-22,3.83,3.83,3.75,3.76,509290.0
2024-01-23,3.8,3.84,3.8,3.83,1430000.0
2024-01-24,3.88,3.96,3.88,3.95,1620000.0
2024-01-25,3.95,3.96,3.93,3.93,702590.0
2024-01-26,3.92,3.94,3.92,3.94,193110.0
2024-01-29,3.89,3.9,3.86,3.86,390470.0
2024-01-30,3.82,3.82,3.79,3.79,168100.0
2024-01-31,3.77,3.8,3.75,3.78,254480.0
2024-02-01,3.77,3.77,3.75,3.77,849230.0
2024-02-02,3.71,3.72,3.66,3.66,728880.0
2024-02-05,3.69,3.7,3.67,3.68,582770.0
2024-02-06,3.87,3.89,3.86,3.89,924050.0
2024-02-07,3.92,3.96,3.91,3.94,1390000.0
2024-02-08,3.94,3.98,3.93,3.93,721740.0
2024-02-09,3.92,3.94,3.91,3.92,258560.0
2024-02-12,3.93,3.97,3.93,3.96,267830.0
2024-02-13,4.0,4.01,3.96,3.96,14420000.0
2024-02-14,3.96,3.97,3.94,3.94,785460.0
2024-02-15,3.95,3.98,3.95,3.97,847120.0
2024-02-16,4.02,4.04,4.0,4.03,665530.0
2024-02-19,3.99,4.0,3.98,3.99,2230000.0
2024-02-20,3.99,4.02,3.99,4.0,6720000.0
2024-02-21,4.02,4.08,4.02,4.07,5020000.0
2024-02-22,4.09,4.12,4.08,4.09,6310000.0
2024-02-23,4.11,4.12,4.09,4.11,2840000.0
2024-02-26,4.17,4.17,4.05,4.07,104330.0
2024-02-27,4.15,4.15,4.09,4.13,213240.0
2024-02-28,4.06,4.07,4.05,4.05,4230000.0
2024-02-29,4.09,4.14,4.09,4.12,5130000.0
2024-03-01,4.15,4.17,4.14,4.15,4070000.000000001
2024-03-04,4.16,4.18,4.15,4.16,301400.0
2024-03-05,4.18,4.2,4.18,4.18,633200.0
2024-03-06,4.18,4.2,4.17,4.19,473700.0
2024-03-07,4.15,4.17,4.14,4.16,2100000.0
2024-03-08,4.18,4.19,4.17,4.18,1080000.0
2024-03-11,4.24,4.27,4.24,4.27,1510000.0
2024-03-12,4.27,4.27,4.24,4.25,216670.0
2024-03-13,4.23,4.24,4.22,4.22,305690.0
2024-03-14,4.21,4.22,4.19,4.2,146760.0
2024-03-15,4.22,4.24,4.22,4.22,692040.0
2024-03-18,4.27,4.27,4.26,4.26,489730.0
2024-03-19,4.24,4.26,4.22,4.24,559870.0
2024-03-20,4.24,4.25,4.24,4.24,654760.0
2024-03-21,4.25,4.25,4.21,4.22,174160.0
2024-03-22,4.17,4.17,4.15,4.16,292190.0
2024-03-25,4.15,4.16,4.13,4.14,466830.0
2024-03-26,4.15,4.16,4.14,4.14,239600.0
2024-03-27,4.09,4.1,4.08,4.09,225990.0
2024-03-28,4.12,4.14,4.11,4.12,635560.0
2024-04-02,4.18,4.2,4.17,4.2,3000000.0
2024-04-03,4.18,4.2,4.14,4.19,312300.0
2024-04-04,4.21,4.21,4.2,4.2,2000000.0
2024-04-05,4.18,4.18,4.16,4.16,2290000.0
2024-04-08,4.15,4.15,4.13,4.14,2250000.0
2024-04-09,4.14,4.15,4.13,4.14,1150000.0
2024-04-10,4.12,4.12,4.06,4.07,968040.0
2024-04-11,4.1,4.11,4.08,4.09,921720.0
2024-04-12,4.08,4.08,4.04,4.05,31850000.0
2024-04-15,4.14,4.17,4.14,4.15,392720.0
2024-04-16,4.11,4.11,4.09,4.1,796170.0
2024-04-17,4.16,4.19,4.16,4.17,287980.0
2024-04-18,4.18,4.19,4.18,4.19,1190000.0
2024-04-19,4.15,4.17,4.14,4.17,726810.0
2024-04-22,4.15,4.15,4.14,4.14,2650000.0
2024-04-23,4.12,4.12,4.1,4.11,5490000.0
2024-04-24,4.11,4.13,4.11,4.11,213970.0
2024-04-25,4.14,4.14,4.11,4.13,56470.0
2024-04-26,4.21,4.21,4.2,4.2,233660.0
2024-04-29,4.26,4.28,4.26,4.28,441210.0
2024-04-30,4.24,4.25,4.22,4.22,1460000.0
2024-05-01,4.26,4.26,4.21,4.23,62650.0
2024-05-02,4.23,4.32,4.23,4.31,6710000.0
2024-05-03,4.36,4.38,4.34,4.36,2300000.0
2024-05-06,4.32,4.33,4.32,4.33,5420000.0
2024-05-07,4.33,4.34,4.31,4.32,1050000.0
2024-05-08,4.28,4.28,4.26,4.28,99560.0
2024-05-09,4.32,4.35,4.32,4.34,241770.0
2024-05-10,4.33,4.34,4.32,4.33,1880000.0
2024-05-13,4.32,4.34,4.3,4.32,1220000.0
2024-05-14,4.31,4.32,4.29,4.31,1740000.0
2024-05-15,4.29,4.31,4.28,4.31,439120.0
2024-05-16,4.3,4.31,4.29,4.3,1410000.0
2024-05-17,4.35,4.38,4.35,4.38,4890000.0
2024-05-20,4.36,4.36,4.34,4.34,152830.0
2024-05-21,4.32,4.34,4.32,4.32,322580.0
2024-05-22,4.33,4.34,4.32,4.32,2470000.0
2024-05-23,4.28,4.28,4.25,4.26,4000000.0
2024-05-24,4.23,4.23,4.22,4.22,2510000.0
2024-05-27,4.26,4.26,4.26,4.26,12940.0
2024-05-28,4.24,4.24,4.22,4.22,2210000.0
2024-05-29,4.24,4.24,4.21,4.22,736660.0
2024-05-30,4.2,4.23,4.2,4.23,163960.0
2024-05-31,4.22,4.22,4.18,4.18,184090.0
2024-06-03,4.2,4.21,4.18,4.19,1420000.0
2024-06-04,4.26,4.26,4.23,4.24,2970000.0
2024-06-05,4.23,4.23,4.22,4.22,362900.0
2024-06-06,4.22,4.23,4.21,4.21,198450.0
2024-06-07,4.21,4.21,4.18,4.18,667880.0
2024-06-10,4.18,4.18,4.17,4.18,148510.0
2024-06-11,4.16,4.16,4.14,4.14,493680.0
2024-06-12,4.16,4.18,4.15,4.18,214970.0
2024-06-13,4.15,4.16,4.14,4.13,333820.0
2024-06-14,4.16,4.17,4.14,4.15,1770000.0
2024-06-17,4.16,4.16,4.13,4.15,142090.0
2024-06-18,4.16,4.17,4.16,4.17,438880.0
2024-06-19,4.14,4.16,4.14,4.14,1000000.0
2024-06-20,4.11,4.12,4.09,4.1,219610.0
2024-06-21,4.1,4.1,4.08,4.08,796190.0
2024-06-24,4.06,4.1,4.06,4.08,487350.0
2024-06-25,4.05,4.07,4.03,4.03,466540.0
2024-06-26,4.07,4.07,4.04,4.05,6600000.0
2024-06-27,4.03,4.04,4.03,4.02,95250.0
2024-06-28,4.05,4.05,4.03,4.04,654840.0
2024-07-01,4.06,4.09,4.05,4.06,553410.0
2024-07-02,4.05,4.06,4.05,4.06,93400.0
2024-07-03,4.05,4.06,4.04,4.05,3380000.0
2024-07-04,4.02,4.02,4.01,4.01,48800.0
2024-07-05,4.01,4.01,3.99,4.0,581110.0
2024-07-08,3.98,3.99,3.97,3.98,146170.0
2024-07-09,4.03,4.04,4.02,4.03,501870.0
2024-07-10,4.01,4.03,4.01,4.02,203880.0
2024-07-11,4.07,4.11,4.07,4.09,467760.0
2024-07-12,4.08,4.1,4.08,4.09,470960.0
2024-07-15,4.09,4.09,4.07,4.08,557300.0
2024-07-16,4.1,4.11,4.09,4.1,675580.0
2024-07-17,4.11,4.13,4.11,4.11,3920000.0
2024-07-18,4.13,4.14,4.11,4.11,716490.0
2024-07-19,4.12,4.15,4.12,4.14,808490.0
2024-07-22,4.11,4.12,4.1,4.1,373170.0
2024-07-23,4.03,4.03,4.01,4.02,303090.0
2024-07-24,4.0,4.01,3.99,4.01,219010.0
2024-07-25,3.99,4.01,3.99,4.0,152260.0
2024-07-26,4.0,4.01,4.0,4.01,630840.0
2024-07-29,3.99,3.99,3.96,3.97,294990.0
2024-07-30,3.95,3.96,3.94,3.94,8020000.0
2024-07-31,4.06,4.08,4.06,4.07,434490.0
2024-08-01,4.04,4.04,4.02,4.02,3180000.0
2024-08-02,4.02,4.05,4.01,4.05,714980.0
2024-08-05,4.01,4.04,4.0,4.04,447670.0
2024-08-06,3.99,4.0,3.98,3.99,455970.0
2024-08-07,3.99,3.99,3.97,3.99,239750.0
2024-08-08,4.0,4.01,3.99,4.0,270080.0
2024-08-09,3.98,3.99,3.97,3.98,254080.0
2024-08-12,3.99,4.0,3.97,3.98,1010000.0
2024-08-13,3.98,4.0,3.98,4.0,376590.0
2024-08-14,3.97,3.98,3.96,3.97,214430.0
2024-08-15,3.99,4.01,3.98,3.99,97960.0
2024-08-16,3.98,4.0,3.98,3.99,311520.0
2024-08-19,4.02,4.04,4.01,4.04,309630.0
2024-08-20,3.99,4.0,3.98,3.98,5580000.0
2024-08-21,3.98,3.99,3.98,3.99,1720000.0
2024-08-22,3.97,3.97,3.95,3.95,355820.0
2024-08-23,3.98,4.0,3.95,4.0,257980.00000000003
2024-08-27,3.94,3.96,3.94,3.96,5260000.0
2024-08-28,3.93,3.94,3.92,3.92,1030000.0
2024-08-29,3.93,3.95,3.93,3.94,1590000.0
2024-08-30,4.01,4.02,3.98,3.98,522500.0
2024-09-02,3.93,3.93,3.9,3.91,592540.0
2024-09-03,3.92,3.93,3.92,3.92,293880.0
2024-09-04,3.91,3.92,3.9,3.92,639310.0
2024-09-05,3.91,3.95,3.91,3.92,1310000.0
2024-09-06,3.92,3.95,3.88,3.89,56010.0
2024-09-09,3.84,3.85,3.83,3.84,239840.0
2024-09-10,3.84,3.84,3.82,3.82,46030.0
2024-09-11,3.82,3.84,3.82,3.83,183150.0
2024-09-12,3.81,3.81,3.8,3.8,3860000.0
2024-09-13,3.8,3.81,3.79,3.8,8080000.0
2024-09-16,3.83,3.83,3.81,3.81,567110.0
2024-09-17,3.83,3.84,3.83,3.83,386070.0
2024-09-18,3.82,3.83,3.82,3.83,68000.0
2024-09-19,3.87,3.88,3.86,3.86,756370.0
2024-09-20,3.88,3.88,3.87,3.87,834490.0
2024-09-23,3.9,3.92,3.89,3.92,643760.0
2024-09-24,4.08,4.22,4.08,4.21,7620000.0
2024-09-25,4.16,4.2,4.14,4.17,3480000.0
2024-09-26,4.26,4.56,4.26,4.53,17140000.0
2024-09-27,4.44,4.75,4.44,4.57,17750000.0
2024-09-30,4.97,4.98,4.82,4.84,4590000.0
2024-10-01,4.8,4.89,4.8,4.89,1060000.0
2024-10-02,5.17,5.36,5.16,5.26,6690000.0
2024-10-03,5.29,5.32,5.18,5.28,1670000.0
2024-10-04,5.36,5.45,5.36,5.44,2310000.0
2024-10-07,5.6,5.73,5.58,5.68,6010000.0
2024-10-08,5.15,5.19,4.92,5.14,9800000.0
2024-10-09,4.9,4.9,4.66,4.82,6650000.0
2024-10-10,4.78,4.88,4.78,4.83,508370.0
2024-10-11,4.71,4.89,4.66,4.89,6050000.0
2024-10-14,4.77,4.85,4.72,4.77,1930000.0
2024-10-15,4.77,4.77,4.56,4.56,909580.0
2024-10-16,4.56,4.61,4.55,4.61,907620.0
2024-10-17,4.52,4.53,4.44,4.46,1370000.0
2024-10-18,4.7,4.75,4.69,4.71,321910.0
2024-10-21,4.68,4.7,4.59,4.66,3510000.0
2024-10-22,4.72,4.76,4.7,4.74,2500000.0
2024-10-23,4.74,4.75,4.71,4.72,1100000.0
2024-10-24,4.69,4.7,4.67,4.67,1390000.0
2024-10-25,4.71,4.75,4.71,4.73,1200000.0
2024-10-28,4.76,4.76,4.71,4.75,4060000.0
2024-10-29,4.68,4.78,4.68,4.73,1290000.0
2024-10-30,4.67,4.68,4.63,4.67,274930.0
2024-10-31,4.67,4.68,4.65,4.66,223060.0
2024-11-01,4.68,4.71,4.67,4.69,212260.0
2024-11-04,4.76,4.78,4.75,4.77,95780.0
2024-11-05,4.9,4.91,4.88,4.91,1270000.0
2024-11-06,4.81,4.86,4.74,4.81,894140.0
2024-11-07,4.88,5.05,4.88,5.05,1650000.0
2024-11-08,4.91,4.92,4.75,4.78,789500.0
2024-11-11,4.88,4.91,4.87,4.87,1200000.0
2024-11-12,4.83,4.83,4.77,4.79,201880.0
2024-11-13,4.85,4.88,4.83,4.84,2160000.0
2024-11-14,4.73,4.76,4.73,4.74,422190.0
2024-11-15,4.75,4.75,4.66,4.68,2730000.0
2024-11-18,4.64,4.67,4.63,4.67,2050000.0
2024-11-19,4.68,4.69,4.66,4.68,1020000.0
2024-11-20,4.71,4.71,4.68,4.69,786650.0
2024-11-21,4.71,4.75,4.68,4.7,2870000.0
2024-11-22,4.55,4.55,4.52,4.53,2460000.0
2024-11-25,4.51,4.52,4.5,4.51,2260000.0
2024-11-26,4.51,4.52,4.5,4.51,178780.0
2024-11-27,4.6,4.63,4.59,4.62,2940000.0
2024-11-28,4.73,4.73,4.54,4.56,303850.0
2024-11-29,4.61,4.65,4.61,4.65,254790.0
2024-12-02,4.64,4.64,4.63,4.64,9720000.0
2024-12-03,4.64,4.65,4.63,4.65,434520.0
2024-12-04,4.65,4.65,4.59,4.59,133240.0
2024-12-05,4.61,4.63,4.6,4.63,316760.0
2024-12-06,4.68,4.69,4.66,4.67,662990.0
2024-12-09,4.86,5.04,4.86,5.03,564380.0
2024-12-10,4.69,4.75,4.69,4.71,438890.0
2024-12-11,4.7,4.72,4.68,4.68,436260.0
2024-12-12,4.75,4.76,4.65,4.69,1330000.0
2024-12-13,4.63,4.64,4.61,4.61,372970.0
2024-12-16,4.59,4.61,4.58,4.59,153110.0
2024-12-17,4.62,4.64,4.61,4.63,1700000.0
2024-12-18,4.63,4.64,4.62,4.62,313940.0
2024-12-19,4.6,4.63,4.6,4.61,1400000.0
2024-12-20,4.6,4.62,4.58,4.61,1110000.0
2024-12-23,4.6,4.61,4.58,4.59,96940.0
2024-12-24,4.65,4.66,4.65,4.66,191160.0
2024-12-27,4.67,4.67,4.65,4.65,44890.0
2024-12-30,4.67,4.67,4.65,4.66,663170.0
2024-12-31,4.57,4.6,4.55,4.57,743190.0
2025-01-02,4.45,4.45,4.42,4.44,466300.0
2025-01-03,4.39,4.39,4.37,4.39,1120000.0
2025-01-06,4.38,4.47,4.37,4.39,705280.0
2025-01-07,4.42,4.44,4.41,4.41,863630.0
2025-01-08,4.4,4.41,4.37,4.39,221470.0
2025-01-09,4.39,4.39,4.37,4.37,1000000.0
2025-01-10,4.33,4.34,4.3,4.3,317230.0
2025-01-13,4.33,4.33,4.3,4.3,1700000.0
2025-01-14,4.43,4.44,4.42,4.42,878400.0
2025-01-15,4.4,4.43,4.39,4.41,463280.0
2025-01-16,4.5,4.5,4.41,4.41,783860.0
2025-01-17,4.43,4.48,4.41,4.46,365850.0
2025-01-20,4.47,4.55,4.46,4.54,1270000.0
2025-01-21,4.49,4.5,4.46,4.5,4540000.0
2025-01-22,4.45,4.5,4.44,4.47,848330.0
2025-01-23,4.47,4.48,4.46,4.47,1100000.0
2025-01-24,4.51,4.55,4.51,4.55,500230.0
2025-01-27,4.51,4.55,4.49,4.54,363380.0
2025-01-28,4.51,4.52,4.49,4.49,264600.0
2025-01-29,4.57,4.57,4.52,4.54,571080.0
2025-01-30,4.53,4.55,4.49,4.55,366600.0
2025-01-31,4.57,4.58,4.52,4.53,189900.0
2025-02-03,4.53,4.53,4.41,4.47,429570.0
2025-02-04,4.51,4.55,4.5,4.55,213990.0
2025-02-05,4.44,4.47,4.44,4.47,4230000.0
2025-02-06,4.51,4.51,4.49,4.51,132000.0
2025-02-07,4.58,4.59,4.55,4.56,2560000.0
2025-02-10,4.57,4.57,4.55,4.57,72420.0
2025-02-11,4.53,4.56,4.53,4.55,6370000.0
2025-02-12,4.58,4.59,4.57,4.59,759160.0
2025-02-13,4.56,4.59,4.55,4.59,1300000.0
2025-02-14,4.67,4.68,4.66,4.67,727530.0
2025-02-17,4.63,4.64,4.62,4.64,283420.0
2025-02-18,4.6,4.6,4.58,4.59,371690.0
2025-02-19,4.64,4.64,4.6,4.6,333480.0
2025-02-20,4.61,4.66,4.61,4.64,4190000.000000001
2025-02-21,4.69,4.72,4.68,4.71,1080000.0
2025-02-24,4.67,4.68,4.64,4.64,1020000.0
2025-02-25,4.61,4.64,4.61,4.64,606100.0
2025-02-26,4.66,4.68,4.66,4.68,908950.0
2025-02-27,4.66,4.7,4.64,4.65,918130.0
2025-02-28,4.58,4.58,4.56,4.58,1100000.0
2025-03-03,4.56,4.58,4.55,4.57,59440.0
2025-03-04,4.55,4.56,4.54,4.55,1010000.0
2025-03-05,4.59,4.62,4.59,4.6,1330000.0
2025-03-06,4.66,4.68,4.65,4.67,486230.0
2025-03-07,4.64,4.67,4.64,4.64,128800.0
2025-03-10,4.63,4.63,4.6,4.6,303170.0
2025-03-11,4.65,4.67,4.64,4.65,913300.0
2025-03-12,4.65,4.65,4.63,4.65,527900.0
2025-03-13,4.62,4.65,4.62,4.64,426880.0
2025-03-14,4.75,4.78,4.75,4.77,574210.0
2025-03-17,4.73,4.78,4.73,4.77,1810000.0
2025-03-18,4.75,4.75,4.73,4.75,849860.0
2025-03-19,4.74,4.76,4.73,4.74,560070.0
2025-03-20,4.7,4.7,4.66,4.67,793830.0
2025-03-21,4.62,4.63,4.6,4.61,1170000.0
2025-03-24,4.65,4.65,4.62,4.63,325760.0
2025-03-25,4.62,4.65,4.62,4.64,699100.0
2025-03-26,4.62,4.62,4.61,4.62,551280.0
2025-03-27,4.63,4.65,4.62,4.64,130940.0
2025-03-28,4.6,4.61,4.59,4.59,237460.0
2025-03-31,4.58,4.59,4.56,4.57,166230.0
2025-04-01,4.57,4.58,4.55,4.57,234300.0
2025-04-02,4.57,4.57,4.56,4.57,131310.0
2025-04-03,4.51,4.52,4.49,4.5,1200000.0
2025-04-04,4.48,4.5,4.25,4.35,1530000.0
2025-04-07,4.07,4.22,4.0,4.09,1180000.0
2025-04-08,4.17,4.24,4.15,4.15,2290000.0
2025-04-09,4.24,4.31,4.18,4.23,1350000.0
2025-04-10,4.33,4.37,4.3,4.35,398720.0
2025-04-11,4.38,4.41,4.35,4.37,2250000.0
2025-04-14,4.4,4.43,4.39,4.41,715100.0
2025-04-15,4.41,4.41,4.38,4.38,11550000.0
2025-04-16,4.4,4.45,4.39,4.44,520150.0
2025-04-17,4.42,4.44,4.41,4.41,1190000.0
2025-04-22,4.45,4.46,4.44,4.46,728610.0
2025-04-23,4.46,4.49,4.45,4.48,504200.0
2025-04-24,4.46,4.48,4.46,4.47,494540.0
2025-04-25,4.47,4.47,4.45,4.46,447500.0
2025-04-28,4.44,4.46,4.43,4.45,611770.0
2025-04-29,4.45,4.46,4.43,4.45,227220.0
2025-04-30,4.54,4.54,4.43,4.43,308350.0
2025-05-01,4.44,4.46,4.42,4.43,54290.0
2025-05-02,4.5,4.53,4.5,4.52,504260.0
2025-05-06,4.52,4.56,4.5,4.56,357800.0
2025-05-07,4.54,4.54,4.52,4.53,749580.0
2025-05-08,4.55,4.56,4.55,4.56,884510.0
2025-05-09,4.55,4.57,4.55,4.57,76780.0
2025-05-12,4.64,4.69,4.55,4.66,204590.0
2025-05-13,4.64,4.65,4.62,4.65,182150.0
2025-05-14,4.68,4.69,4.68,4.69,309160.0
2025-05-15,4.64,4.65,4.63,4.63,1290000.0
2025-05-16,4.7,4.7,4.61,4.62,501480.0
2025-05-19,4.6,4.61,4.59,4.61,128430.0
2025-05-20,4.62,4.63,4.62,4.63,428040.0
2025-05-21,4.64,4.66,4.64,4.66,276710.0
2025-05-22,4.65,4.65,4.63,4.63,112640.0
2025-05-23,4.61,4.63,4.6,4.63,79280.0
2025-05-27,4.57,4.57,4.55,4.56,905860.0
2025-05-28,4.62,4.62,4.55,4.55,68020.0
2025-05-29,4.58,4.59,4.58,4.58,265380.0
2025-05-30,4.57,4.58,4.54,4.55,171680.0
2025-06-02,4.51,4.54,4.51,4.53,319640.0
2025-06-03,4.58,4.58,4.56,4.57,238930.0
2025-06-04,4.6,4.61,4.59,4.61,245940.0
2025-06-05,4.61,4.65,4.61,4.63,442820.0
2025-06-06,4.62,4.62,4.6,4.61,136170.0
2025-06-09,4.64,4.64,4.62,4.64,207660.0
2025-06-10,4.59,4.61,4.59,4.59,540130.0
2025-06-11,4.64,4.64,4.62,4.63,1110000.0
2025-06-12,4.64,4.65,4.62,4.65,1280000.0
2025-06-13,4.61,4.62,4.59,4.61,1170000.0
2025-06-16,4.7,4.7,4.62,4.64,675410.0
2025-06-17,4.62,4.62,4.61,4.61,672070.0
2025-06-18,4.61,4.63,4.6,4.6,149280.0
2025-06-19,4.57,4.58,4.57,4.57,127390.0
2025-06-20,4.59,4.6,4.58,4.59,68930.0
2025-06-23,4.59,4.61,4.59,4.6,164320.0
2025-06-24,4.66,4.68,4.66,4.68,104350.0
2025-06-25,4.74,4.74,4.72,4.73,922130.0
2025-06-26,4.73,4.74,4.72,4.72,47950.0
2025-06-27,4.69,4.69,4.68,4.69,1210000.0
2025-06-30,4.71,4.71,4.7,4.71,1190000.0
2025-07-01,4.72,4.73,4.71,4.72,273850.0
2025-07-02,4.73,4.73,4.7,4.72,634770.0
2025-07-03,4.76,4.78,4.74,4.76,90820.0
2025-07-04,4.78,4.79,4.77,4.77,600950.0
2025-07-07,4.74,4.75,4.74,4.75,185330.0
2025-07-08,4.79,4.8,4.78,4.78,843190.0
2025-07-09,4.78,4.79,4.78,4.78,337170.0
2025-07-10,4.81,4.82,4.8,4.81,146700.0
2025-07-11,4.82,4.82,4.81,4.81,486950.0
2025-07-14,4.82,4.84,4.82,4.82,697120.0
2025-07-15,4.82,4.83,4.8,4.8,688910.0
2025-07-16,4.8,4.8,4.78,4.8,140410.0
2025-07-17,4.83,4.84,4.82,4.83,40840.0
2025-07-18,4.87,4.89,4.87,4.89,274290.0
2025-07-21,4.91,4.92,4.9,4.92,461680.0
2025-07-22,4.96,4.97,4.95,4.97,218980.0
2025-07-23,4.97,4.98,4.96,4.98,194970.0
2025-07-24,5.01,5.01,5.0,5.0,1550000.0
2025-07-25,4.98,4.99,4.97,4.97,490570.0
2025-07-28,5.0,5.0,4.97,4.98,619680.0
2025-07-29,5.0,5.01,4.99,4.99,188520.0
2025-07-30,5.0,5.01,4.98,4.98,1540000.0
2025-07-31,4.91,4.91,4.88,4.89,414720.0
2025-08-01,4.87,4.87,4.84,4.86,1620000.0
2025-08-04,4.9,4.92,4.9,4.91,1760000.0
2025-08-05,4.94,4.95,4.94,4.95,627520.0
2025-08-06,4.96,4.96,4.95,4.96,524310.0
2025-08-07,4.97,4.98,4.96,4.96,230490.0
2025-08-08,4.97,4.97,4.96,4.97,168030.0
2025-08-11,4.99,4.99,4.97,4.98,1810000.0
2025-08-12,5.01,5.03,5.0,5.03,231250.0
2025-08-13,5.06,5.09,5.06,5.09,951210.0
2025-08-14,5.06,5.08,5.03,5.03,1500000.0
2025-08-15,5.09,5.1,5.08,5.09,692460.0
2025-08-18,5.14,5.14,5.11,5.14,371280.0
2025-08-19,5.13,5.13,5.11,5.11,699280.0
2025-08-20,5.18,5.21,5.18,5.2,1410000.0
2025-08-21,5.2,5.22,5.2,5.22,8490000.0
2025-08-22,5.3,5.36,5.3,5.36,1670000.0
2025-08-26,5.41,5.43,5.41,5.41,1910000.0
2025-08-27,5.34,5.34,5.3,5.31,1500000.0
2025-08-28,5.42,5.45,5.41,5.45,8320000.0
2025-08-29,5.49,5.51,5.49,5.51,3010000.0
2025-09-01,5.51,5.52,5.49,5.5,795480.0
2025-09-02,5.47,5.49,5.42,5.46,7730000.0
2025-09-03,5.41,5.43,5.41,5.42,1060000.0
2025-09-04,5.3,5.31,5.29,5.3,1470000.0
2025-09-05,5.43,5.45,5.43,5.43,3000000.0
2025-09-08,5.44,5.45,5.43,5.44,230280.0
2025-09-09,5.42,5.44,5.42,5.43,557310.0
2025-09-10,5.43,5.44,5.41,5.41,1190000.0
2025-09-11,5.56,5.59,5.56,5.59,1390000.0
2025-09-12,5.54,5.55,5.53,5.53,1430000.0
2025-09-15,5.55,5.58,5.55,5.57,3870000.0
2025-09-16,5.55,5.56,5.54,5.55,2360000.0
2025-09-17,5.59,5.61,5.58,5.59,879700.0
2025-09-18,5.52,5.53,5.51,5.51,2090000.0
2025-09-19,5.51,5.53,5.5,5.52,1120000.0
2025-09-22,5.53,5.55,5.52,5.54,3500000.0
2025-09-23,5.52,5.54,5.51,5.54,1190000.0
2025-09-24,5.57,5.57,5.55,5.55,857950.0
2025-09-25,5.6,5.61,5.58,5.59,1500000.0
2025-09-26,5.53,5.53,5.51,5.53,843360.0
2025-09-29,5.63,5.64,5.61,5.63,439070.0
2025-09-30,5.65,5.66,5.64,5.66,1000000.0
2025-10-01,5.65,5.68,5.65,5.68,182960.0
2025-10-02,5.72,5.73,5.69,5.7,660710.0
2025-10-03,5.67,5.68,5.66,5.66,474070.0
2025-10-06,5.65,5.66,5.64,5.66,129270.0
2025-10-07,5.66,5.67,5.64,5.64,91490.0
2025-10-08,5.61,5.63,5.61,5.63,146080.0
2025-10-09,5.72,5.73,5.69,5.69,976720.0
2025-10-10,5.62,5.64,5.42,5.45,737000.0
2025-10-13,5.59,5.61,5.57,5.61,277260.0
2025-10-14,5.51,5.54,5.49,5.54,206170.0
2025-10-15,5.61,5.63,5.59,5.61,583150.0
2025-10-16,5.62,5.64,5.62,5.64,210390.0
2025-10-17,5.49,5.53,5.47,5.53,1350000.0
2025-10-20,5.51,5.53,5.51,5.53,1100000.0
2025-10-21,5.61,5.61,5.58,5.59,514000.0
2025-10-22,5.59,5.59,5.57,5.57,524920.0
2025-10-23,5.6,5.63,5.59,5.62,620110.0
2025-10-24,5.67,5.69,5.66,5.68,1250000.0
2025-10-27,5.74,5.77,5.74,5.77,358650.0
2025-10-28,5.74,5.76,5.74,5.76,877790.0
2025-10-29,5.8,5.83,5.8,5.83,836310.0
2025-10-30,5.76,5.77,5.75,5.77,156740.0
2025-10-31,5.67,5.67,5.65,5.67,444830.0
2025-11-03,5.68,5.69,5.66,5.68,1320000.0
2025-11-04,5.63,5.63,5.61,5.63,745430.0
2025-11-05,5.63,5.66,5.62,5.65,2280000.0
2025-11-06,5.71,5.74,5.71,5.71,135760.0
2025-11-07,5.72,5.72,5.67,5.69,957910.0
2025-11-10,5.74,5.75,5.72,5.72,239820.0
2025-11-11,5.69,5.7,5.68,5.69,298810.0
2025-11-12,5.68,5.68,5.67,5.68,107510.0
2025-11-13,5.8,5.8,5.73,5.73,438600.0
2025-11-14,5.65,5.66,5.63,5.66,898250.0
2025-11-17,5.61,5.63,5.6,5.61,760220.0
2025-11-18,5.57,5.59,5.57,5.59,232680.0
2025-11-19,5.64,5.64,5.57,5.61,281420.0
2025-11-20,5.57,5.59,5.55,5.56,379570.0
2025-11-21,5.4,5.43,5.39,5.42,3190000.0
2025-11-24,5.42,5.44,5.41,5.44,1320000.0
2025-11-25,5.49,5.52,5.49,5.51,401120.0
2025-11-26,5.51,5.53,5.5,5.53,533190.0
2025-11-27,5.52,5.53,5.51,5.53,336910.0
2025-11-28,5.54,5.58,5.54,5.58,255010.0
2025-12-01,5.6,5.63,5.6,5.62,732840.0
2025-12-02,5.58,5.58,5.56,5.56,673660.0
2025-12-03,5.55,5.56,5.53,5.55,500010.0
2025-12-04,5.57,5.57,5.55,5.57,514940.00000000006
2025-12-05,5.6,5.63,5.6,5.62,523170.0
2025-12-08,5.66,5.66,5.64,5.64,630870.0
2025-12-09,5.75,5.75,5.61299991607666,5.635000228881836,2874718.0
2025-12-10,5.619999885559082,5.635000228881836,5.617499828338623,5.622499942779541,233995.0
2025-12-11,5.585000038146973,5.614999771118164,5.582499980926514,5.614999771118164,930310.0
2025-12-12,5.639999866485596,5.652500152587891,5.610000133514404,5.612500190734863,238721.0
2025-12-15,5.599999904632568,5.610000133514404,5.59250020980835,5.602499961853027,8607333.0
2025-12-16,5.550000190734863,5.557499885559082,5.534999847412109,5.545000076293945,354782.0
2025-12-17,5.627500057220459,5.647500038146973,5.622499942779541,5.622499942779541,372498.0
2025-12-18,5.610000133514404,5.637919902801514,5.610000133514404,5.637499809265137,1849660.0
2025-12-19,5.659999847412109,5.659999847412109,5.637499809265137,5.652500152587891,1217963.0
2025-12-22,5.695000171661377,5.712500095367432,5.6875,5.712500095367432,958514.0
2025-12-23,5.739999771118164,5.739999771118164,5.715000152587891,5.715000152587891,803223.0
2025-12-24,5.752500057220459,5.760000228881836,5.739999771118164,5.739999771118164,951661.0
2025-12-29,5.757500171661377,5.764999866485596,5.742499828338623,5.744999885559082,467026.0
2025-12-30,5.800000190734863,5.800000190734863,5.770699977874756,5.787499904632568,218184.0
2025-12-31,5.75,5.78249979019165,5.747499942779541,5.768750190734863,15035.0
2026-01-02,5.800000190734863,5.849999904632568,5.800000190734863,5.837500095367432,682805.0
2026-01-05,5.857500076293945,5.872499942779541,5.84499979019165,5.872499942779541,956471.0
2026-01-06,5.965000152587891,5.977499961853027,5.949999809265137,5.962500095367432,663679.0
2026-01-07,5.954999923706055,5.960000038146973,5.927499771118164,5.942500114440918,1669420.0
2026-01-08,5.914999961853027,5.927499771118164,5.90749979019165,5.920000076293945,1551497.0
2026-01-09,5.949999809265137,6.0,5.945000171661377,5.977499961853027,3758806.0
2026-01-12,6.014999866485596,6.042500019073486,6.010000228881836,6.042500019073486,1512554.0
2026-01-13,5.962500095367432,5.985000133514404,5.952499866485596,5.977499961853027,2388193.0
2026-01-14,5.957499980926514,5.960000038146973,5.932499885559082,5.947500228881836,3352990.0
2026-01-15,5.957499980926514,5.997499942779541,5.954999923706055,5.997499942779541,3278000.0
2026-01-16,5.957499980926514,5.960000038146973,5.925000190734863,5.934999942779541,2492321.0
2026-01-19,5.957499980926514,5.977499961853027,5.952499866485596,5.977499961853027,2636170.0
2026-01-20,5.952499866485596,5.960000038146973,5.927499771118164,5.945000171661377,3730791.0
2026-01-21,5.949999809265137,5.987500190734863,5.947500228881836,5.982500076293945,2145845.0
2026-01-22,5.954999923706055,5.987400054931641,5.947500228881836,5.977499961853027,13902512.0
2026-01-23,5.940000057220459,5.954999923706055,5.932499885559082,5.954999923706055,1221393.0
2026-01-26,5.96750020980835,5.991799831390381,5.957499980926514,5.974999904632568,727833.0
2026-01-27,5.949999809265137,5.974999904632568,5.9375,5.972499847412109,3707479.0
2026-01-28,5.992499828338623,5.997499942779541,5.952499866485596,5.952499866485596,453934.0
2026-01-29,6.03249979019165,6.039999961853027,5.977499961853027,5.985000133514404,754680.0
2026-01-30,5.925000190734863,5.945000171661377,5.90749979019165,5.929999828338623,1137437.0
2026-02-02,5.807499885559082,5.84499979019165,5.792500019073486,5.827499866485596,926261.0
2026-02-03,5.882500171661377,5.887499809265137,5.864999771118164,5.885000228881836,772344.0
2026-02-04,5.942500114440918,5.947500228881836,5.912499904632568,5.925000190734863,1395930.0
2026-02-05,5.892499923706055,5.902500152587891,5.862500190734863,5.887499809265137,951336.0
2026-02-06,5.862500190734863,5.920000076293945,5.852499961853027,5.917500019073486,2945933.0
2026-02-09,5.96999979019165,6.005000114440918,5.954999923706055,6.002500057220459,1297385.0
2026-02-10,5.987500190734863,5.997499942779541,5.974999904632568,5.997499942779541,456878.0
2026-02-11,5.997499942779541,5.997499942779541,5.957499980926514,5.977499961853027,1607820.0
2026-02-12,6.012499809265137,6.014999866485596,5.962500095367432,5.972499847412109,536806.0
2026-02-13,5.90749979019165,5.940000057220459,5.900000095367432,5.940000057220459,189598.0
2026-02-16,5.985000133514404,6.045000076293945,5.96999979019165,5.989999771118164,116127.0
2026-02-17,5.972499847412109,5.977499961853027,5.940000057220459,5.972499847412109,225402.0
2026-02-18,5.977499961853027,6.014999866485596,5.977499961853027,6.014999866485596,472988.0
2026-02-19,5.997499942779541,6.012499809265137,5.954999923706055,5.982500076293945,103871.0
2026-02-20,5.932499885559082,5.99429988861084,5.920000076293945,5.987500190734863,2053109.0
2026-02-23,6.03000020980835,6.037499904632568,6.005000114440918,6.017499923706055,375294.0
2026-02-24,6.002500057220459,6.017499923706055,5.977499961853027,6.014999866485596,1795761.0
2026-02-25,6.042500019073486,6.070000171661377,6.037499904632568,6.070000171661377,645360.0
2026-02-26,6.077499866485596,6.077499866485596,6.03000020980835,6.042500019073486,1368626.0
2026-02-27,6.087500095367432,6.090000152587891,6.039999961853027,6.057499885559082,1430834.0
2026-03-02,6.050000190734863,6.050000190734863,6.007500171661377,6.019999980926514,3339473.0
2026-03-03,5.947500228881836,5.947500228881836,5.760000228881836,5.8125,2608455.0
2026-03-04,5.840000152587891,5.914999961853027,5.840000152587891,5.90749979019165,1687068.0
2026-03-05,5.932499885559082,5.965000152587891,5.880000114440918,5.880000114440918,1178762.0
2026-03-06,5.940000057220459,5.947500228881836,5.849999904632568,5.887499809265137,3671932.0
2026-03-09,5.862500190734863,5.894999980926514,5.835000038146973,5.887499809265137,1550118.0
2026-03-10,5.992499828338623,6.019999980926514,5.96999979019165,6.0,753209.0
2026-03-11,6.017499923706055,6.03000020980835,5.991700172424316,6.012499809265137,541319.0
2026-03-12,5.987500190734863,6.010000228881836,5.949999809265137,5.962500095367432,546790.0
2026-03-13,5.9375,5.980000019073486,5.917500019073486,5.940000057220459,924473.0
2026-03-16,5.929999828338623,5.947500228881836,5.90500020980835,5.925000190734863,1401981.0
2026-03-17,5.920000076293945,5.9375,5.889999866485596,5.920000076293945,280550.0
2026-03-18,5.914999961853027,5.927499771118164,5.857500076293945,5.862500190734863,555044.0
2026-03-19,5.784999847412109,5.807499885559082,5.764999866485596,5.789999961853027,1522044.0
2026-03-20,5.775000095367432,5.78000020980835,5.710000038146973,5.715000152587891,3284893.0
2026-03-23,5.572500228881836,5.695000171661377,5.537499904632568,5.619999885559082,936981.0
2026-03-24,5.637499809265137,5.65749979019165,5.610000133514404,5.639999866485596,1434595.0
2026-03-25,5.739999771118164,5.755000114440918,5.722499847412109,5.75,628341.0
2026-03-26,5.650000095367432,5.659999847412109,5.627500057220459,5.642499923706055,994100.0
2026-03-27,5.672500133514404,5.679999828338623,5.637499809265137,5.637499809265137,2611383.0
2026-03-30,5.662499904632568,5.684999942779541,5.652500152587891,5.677499771118164,1357088.0
2026-03-31,5.630000114440918,5.677499771118164,5.619999885559082,5.670000076293945,111278.0
2026-04-01,5.75,5.752500057220459,5.71750020980835,5.737500190734863,436623.0
2026-04-02,5.667500019073486,5.715000152587891,5.647500038146973,5.6875,751376.0
2026-04-07,5.800000190734863,5.800000190734863,5.602499961853027,5.627500057220459,572363.0
2026-04-08,5.872499942779541,5.90749979019165,5.855000019073486,5.897500038146973,23929689.0
2026-04-09,5.840000152587891,5.852499961853027,5.815000057220459,5.852499961853027,1183871.0
2026-04-10,5.90749979019165,5.942500114440918,5.9028000831604,5.927499771118164,800903.0
2026-04-13,5.9375,5.954999923706055,5.917500019073486,5.947500228881836,1316138.0
2026-04-14,6.014999866485596,6.065000057220459,6.014999866485596,6.0625,2157613.0
2026-04-15,6.012499809265137,6.03249979019165,5.989999771118164,6.027500152587891,8553951.0
2026-04-16,6.070000171661377,6.079999923706055,6.037499904632568,6.0625,16920593.0
2026-04-17,6.042500019073486,6.105000019073486,6.034999847412109,6.105000019073486,690977.0
2026-04-20,6.097499847412109,6.112500190734863,6.079999923706055,6.105000019073486,1927674.0
2026-04-21,6.110000133514404,6.114999771118164,6.057499885559082,6.057499885559082,210465.0
2026-04-22,6.090000152587891,6.144999980926514,6.090000152587891,6.137499809265137,3783519.0
2026-04-23,6.110000133514404,6.139999866485596,6.099999904632568,6.137499809265137,819046.0
2026-04-24,6.09250020980835,6.105000019073486,6.067500114440918,6.09250020980835,362726.0
2026-04-27,6.099999904632568,6.122499942779541,6.087500095367432,6.102499961853027,1762282.0
2026-04-28,6.074999809265137,6.077499866485596,6.037499904632568,6.050000190734863,963111.0
2026-04-29,6.110000133514404,6.142499923706055,6.090000152587891,6.105000019073486,1870723.0
2026-04-30,6.127500057220459,6.194699764251709,6.122499942779541,6.170000076293945,754600.0
2026-05-01,6.199999809265137,6.239999771118164,6.177499771118164,6.210000038146973,217561.0
2026-05-05,6.195000171661377,6.215000152587891,6.184999942779541,6.210000038146973,425512.0
2026-05-06,6.260000228881836,6.327499866485596,6.260000228881836,6.324999809265137,493992.0
2026-05-07,6.3125,6.322500228881836,6.284999847412109,6.292500019073486,277672.0
2026-05-08,6.267499923706055,6.297500133514404,6.267499923706055,6.287499904632568,1318890.0
2026-05-11,6.397500038146973,6.434999942779541,6.387499809265137,6.429999828338623,477071.0
2026-05-12,6.375,6.402500152587891,6.364999771118164,6.372499942779541,2972618.0
2026-05-13,6.452499866485596,6.502500057220459,6.427000045776367,6.5,648096.0
2026-05-14,6.355000019073486,6.355000019073486,6.315000057220459,6.34250020980835,1843159.0
2026-05-15,6.232500076293945,6.25,6.210000038146973,6.21999979019165,624673.0
2026-05-18,6.210000038146973,6.247499942779541,6.195000171661377,6.199999809265137,18048380.0
2026-05-19,6.239999771118164,6.242499828338623,6.15749979019165,6.167500019073486,39064062.0
2026-05-20,6.21999979019165,6.252500057220459,6.212500095367432,6.252500057220459,15146553.0
2026-05-21,6.117499828338623,6.159999847412109,6.102499961853027,6.15749979019165,8224567.0
2026-05-22,6.207499980926514,6.21750020980835,6.162499904632568,6.195000171661377,2093034.0
2026-05-26,6.335000038146973,6.355000019073486,6.3125,6.327499866485596,2082558.0
2026-05-27,6.275000095367432,6.302499771118164,6.275000095367432,6.297500133514404,944758.0
2026-05-28,6.289999961853027,6.320000171661377,6.269999980926514,6.315000057220459,1368833.0
2026-05-29,6.292500019073486,6.307499885559082,6.269999980926514,6.304999828338623,1099971.0
2026-06-01,6.287499904632568,6.300000190734863,6.167500019073486,6.199999809265137,958942.0
2026-06-02,6.297500133514404,6.320000171661377,6.222499847412109,6.320000171661377,2309426.0
2026-06-03,6.322500228881836,6.337500095367432,6.300000190734863,6.300000190734863,595863.0
2026-06-04,6.269999980926514,6.272500038146973,6.247499942779541,6.272500038146973,1226812.0
2026-06-05,6.142499923706055,6.159999847412109,6.110000133514404,6.117499828338623,2110991.0
2026-06-08,6.014999866485596,6.03000020980835,5.992499828338623,6.014999866485596,611902.0
2026-06-09,6.119999885559082,6.15749979019165,6.077499866485596,6.082499980926514,1558410.0
2026-06-10,6.072500228881836,6.085000038146973,6.039999961853027,6.072500228881836,1114848.0
2026-06-11,6.052499771118164,6.067500114440918,6.037499904632568,6.052499771118164,616336.0
2026-06-12,6.175000190734863,6.184299945831299,6.139999866485596,6.182499885559082,1985911.0
2026-06-15,6.317500114440918,6.332200050354004,6.307499885559082,6.317500114440918,339642.0
2026-06-16,6.287499904632568,6.322500228881836,6.28249979019165,6.309999942779541,1795022.0
2026-06-17,6.385000228881836,6.385000228881836,6.3394999504089355,6.360000133514404,2670017.0
2026-06-18,6.397500038146973,6.402500152587891,6.360000133514404,6.364999771118164,718812.0
2026-06-19,6.369999885559082,6.380000114440918,6.352499961853027,6.380000114440918,77662.0
2026-06-22,6.512499809265137,6.537499904632568,6.502500057220459,6.527500152587891,1381184.0
2026-06-23,6.34250020980835,6.367499828338623,6.322500228881836,6.349999904632568,815486.0
2026-06-24,6.367499828338623,6.367499828338623,6.307499885559082,6.34499979019165,825742.0
2026-06-25,6.447500228881836,6.497499942779541,6.442500114440918,6.474999904632568,1399066.0
2026-06-26,6.300000190734863,6.337500095367432,6.244999885559082,6.337500095367432,2721778.0
