Date,Open,High,Low,Close,Volume
2010-09-16,95.53,95.53,95.53,95.53,
2010-09-17,95.97,95.97,95.97,95.97,
2010-09-21,97.17,97.17,97.17,97.17,
2010-09-22,96.64,96.64,96.64,96.64,
2010-09-23,96.91,96.91,96.91,96.91,
2010-09-24,97.84,97.84,97.84,97.84,
2010-09-27,97.72,97.72,97.72,97.72,
2010-09-28,97.67,97.67,97.67,97.67,
2010-09-29,97.69,97.69,97.69,97.69,
2010-09-30,97.17,97.17,97.17,97.17,
2010-10-01,97.42,97.42,97.42,97.42,
2010-10-04,97.01,97.01,97.01,97.01,
2010-10-05,98.85,98.85,98.85,98.55,0.0
2010-10-06,99.12,99.12,99.12,99.12,
2010-10-07,98.92,98.92,98.92,98.92,
2010-10-08,99.34,99.34,99.34,99.34,
2010-10-11,99.56,99.56,99.56,99.56,
2010-10-12,99.42,99.42,99.42,99.42,
2010-10-13,100.74,100.74,100.74,100.74,
2010-10-14,100.32,100.32,100.32,100.32,
2010-10-15,100.48,100.48,100.48,100.48,
2010-10-18,100.67,100.67,100.67,100.67,
2010-10-19,100.23,100.23,100.23,100.23,
2010-10-20,100.7,100.7,100.7,100.7,
2010-10-21,101.18,101.18,101.18,101.18,
2010-10-22,100.9,100.9,100.9,100.9,
2010-10-25,101.67,101.67,101.67,101.67,
2010-10-26,101.37,101.37,101.37,101.21,260.0
2010-10-27,100.2,100.2,100.2,100.2,
2010-10-28,100.96,100.96,100.96,100.96,
2010-10-29,100.84,100.84,100.84,100.84,
2010-11-01,101.54,101.54,101.52,101.48,50000.0
2010-11-02,101.49,101.92,101.49,101.73,117500.0
2010-11-03,102.2,102.2,101.45,101.61,87500.0
2010-11-04,103.05,103.34,103.02,103.81,20010.0
2010-11-05,104.34,104.34,104.34,104.34,
2010-11-08,104.44,104.44,104.19,104.19,57000.0
2010-11-09,104.54,104.56,104.38,104.38,75000.0
2010-11-10,103.31,103.31,103.31,103.31,
2010-11-11,103.16,103.16,103.16,103.16,
2010-11-12,102.73,102.73,102.73,102.73,
2010-11-15,102.84,102.84,102.84,102.84,
2010-11-16,100.75,100.75,100.75,100.75,
2010-11-17,100.96,100.96,100.96,100.96,
2010-11-18,102.46,102.46,102.46,102.46,
2010-11-19,102.05,102.14,102.05,102.13,31110.0
2010-11-22,103.03,103.03,101.82,101.86,40000.0
2010-11-23,101.74,101.96,100.55,100.55,75800.0
2010-11-24,102.18,102.18,102.18,102.18,
2010-11-25,102.71,102.71,102.71,102.71,10010.0
2010-11-26,101.73,101.73,101.73,101.73,
2010-11-29,101.12,101.12,100.7,100.7,10000.0
2010-11-30,100.84,100.84,100.84,100.84,
2010-12-01,102.7,102.7,102.7,102.7,
2010-12-02,104.22,104.22,104.22,104.22,
2010-12-03,104.12,104.12,104.12,104.12,
2010-12-06,104.48,104.48,104.48,104.48,
2010-12-07,105.14,105.14,105.14,105.14,
2010-12-08,104.6,104.6,104.6,104.6,
2010-12-09,105.11,105.11,105.11,105.11,
2010-12-10,105.63,105.63,105.63,105.63,
2010-12-13,106.4,106.4,106.4,106.4,
2010-12-14,106.58,106.58,106.58,106.51,890.0
2010-12-15,106.23,106.23,106.23,106.23,
2010-12-16,106.16,106.16,106.16,106.16,
2010-12-17,106.23,106.23,106.23,106.23,
2010-12-20,106.38,106.38,106.38,106.38,
2010-12-21,107.18,107.18,107.18,107.18,
2010-12-22,107.43,107.43,107.43,107.51,15090.0
2010-12-23,107.55,107.55,107.55,107.55,
2010-12-24,107.56,107.56,107.56,107.56,
2010-12-29,107.88,107.88,107.88,107.88,
2010-12-30,107.57,107.57,107.57,107.57,
2010-12-31,107.54,107.54,107.54,107.54,
2011-01-04,109.12,109.12,108.62,108.46,18160.0
2011-01-05,108.01,108.01,108.01,109.05,50.0
2011-01-06,109.15,109.52,108.86,108.94,1280.0
2011-01-07,109.05,109.11,108.74,108.41,1040.0
2011-01-10,108.43,108.43,108.14,108.28,530.0
2011-01-11,108.13,109.09,108.13,109.24,1180.0
2011-01-12,109.1,109.73,109.1,110.05,5680.0
2011-01-13,109.85,109.85,109.85,110.1,200.0
2011-01-14,109.82,109.82,109.82,110.16,310.0
2011-01-17,110.24,110.24,110.24,110.24,
2011-01-18,110.73,110.73,110.73,110.73,
2011-01-19,111.12,111.12,110.33,110.14,230.0
2011-01-20,109.15,109.15,109.15,108.9,50.0
2011-01-21,110.06,110.06,110.06,110.06,
2011-01-24,110.38,110.38,110.38,110.38,
2011-01-25,110.07,110.07,110.07,109.85,200.0
2011-01-26,110.83,110.83,110.83,110.83,
2011-01-27,110.8,110.8,110.8,110.8,
2011-01-28,109.93,109.93,109.93,109.93,
2011-01-31,109.78,109.78,109.78,109.78,
2011-02-01,111.46,111.46,111.46,111.46,
2011-02-02,111.76,111.76,111.76,111.77,50.0
2011-02-03,111.14,111.14,111.14,111.38,50.0
2011-02-04,112.04,112.04,112.04,111.84,430.0
2011-02-07,113.19,113.19,113.19,113.21,100.0
2011-02-08,113.19,113.19,113.19,113.19,
2011-02-09,113.21,113.23,113.21,112.99,6000.0
2011-02-10,113.18,113.18,113.18,113.18,
2011-02-11,113.64,113.64,113.64,113.64,
2011-02-14,113.93,114.0,113.93,113.94,200.0
2011-02-15,113.89,113.89,113.89,113.89,
2011-02-16,115.1,115.1,115.1,114.42,180.0
2011-02-17,114.74,114.74,114.74,114.74,
2011-02-18,114.88,114.88,114.88,115.08,180.0
2011-02-21,114.17,114.17,114.17,114.17,
2011-02-22,114.24,114.24,114.24,113.93,5010.0
2011-02-23,112.49,112.49,112.49,112.49,
2011-02-24,112.11,112.11,112.11,112.11,
2011-02-25,112.77,112.77,112.77,112.77,
2011-02-28,113.27,113.27,113.27,113.69,5010.0
2011-03-01,113.28,113.28,113.28,113.28,
2011-03-02,112.31,112.31,112.31,112.31,
2011-03-03,113.41,113.41,113.41,113.75,5010.0
2011-03-04,113.36,113.36,113.36,113.36,
2011-03-07,112.61,112.61,112.61,112.61,
2011-03-08,112.38,112.38,112.38,113.42,5010.0
2011-03-09,112.93,112.93,112.93,112.93,
2011-03-10,111.64,111.64,111.64,111.64,
2011-03-11,110.55,110.55,110.55,111.29,90.0
2011-03-14,110.59,110.59,110.59,110.59,
2011-03-15,109.0,109.0,109.0,109.92,90.0
2011-03-16,109.94,109.94,108.89,108.78,5070.0
2011-03-17,109.48,109.48,109.34,109.5,8060.000000000001
2011-03-18,110.66,110.66,110.66,110.25,300.0
2011-03-21,111.62,111.62,111.62,111.62,
2011-03-22,111.47,111.47,111.47,111.28,5000.0
2011-03-23,110.97,110.97,110.97,110.97,
2011-03-24,111.72,111.72,111.72,112.38,5000.0
2011-03-25,113.19,113.19,113.19,113.19,
2011-03-28,113.06,113.06,113.06,113.06,
2011-03-29,112.92,112.92,112.92,112.92,
2011-03-30,113.85,114.0,113.85,113.92,10010.0
2011-03-31,113.91,113.91,113.91,113.91,
2011-04-01,114.8,114.8,114.8,114.8,
2011-04-04,114.35,114.53,114.35,114.49,15000.0
2011-04-05,114.06,114.06,114.06,114.61,5010.0
2011-04-06,114.61,114.61,114.61,114.58,5000.0
2011-04-07,114.37,114.37,114.37,114.37,
2011-04-08,114.84,114.84,114.84,114.38,50.0
2011-04-11,114.33,114.33,114.33,114.33,
2011-04-12,112.61,112.61,112.61,112.61,
2011-04-13,112.98,112.98,112.98,112.98,
2011-04-14,112.42,112.42,112.42,112.42,
2011-04-15,113.32,113.32,113.32,113.32,
2011-04-18,111.7,111.7,111.7,111.52,5010.0
2011-04-19,112.06,112.06,112.06,112.06,
2011-04-20,114.36,114.36,114.36,114.36,
2011-04-21,114.78,114.78,114.78,114.78,
2011-04-26,115.71,115.71,115.71,115.71,
2011-04-27,115.69,115.69,115.69,115.69,
2011-04-28,116.36,116.36,116.07,116.69,330.0
2011-05-03,116.77,116.77,116.77,116.77,
2011-05-04,116.56,116.56,116.56,115.53,1450.0
2011-05-05,115.19,115.19,115.19,115.06,5000.0
2011-05-06,115.2,116.21,115.2,116.36,10050.0
2011-05-09,115.27,115.27,115.27,115.27,
2011-05-10,116.15,116.15,116.15,116.19,300.0
2011-05-11,116.16,116.16,116.16,116.14,5010.0
2011-05-12,115.22,115.22,115.22,115.22,
2011-05-13,116.39,116.39,116.15,115.31,10010.0
2011-05-16,114.53,114.53,114.53,115.32,40.0
2011-05-17,114.42,114.42,114.08,113.7,10010.0
2011-05-18,114.78,114.78,114.78,114.78,
2011-05-19,115.72,115.72,115.72,115.13,3000.0
2011-05-20,114.67,114.67,114.5,114.8,8000.0
2011-05-23,113.28,113.28,113.28,113.28,
2011-05-24,113.39,113.39,113.39,113.39,
2011-05-25,113.38,113.38,113.38,113.51,3000.0
2011-05-26,113.31,113.31,113.31,113.42,3000.0
2011-05-27,114.75,114.75,114.75,114.75,
2011-05-31,115.7,115.7,115.7,115.17,17000.0
2011-06-01,114.69,114.69,114.69,114.69,
2011-06-02,113.01,113.21,112.87,112.75,9140.0
2011-06-03,112.22,112.22,112.22,112.22,
2011-06-06,111.59,111.59,111.59,111.59,
2011-06-07,111.26,111.26,111.26,111.26,
2011-06-08,110.37,110.37,110.37,110.37,
2011-06-09,110.94,110.94,110.94,110.94,
2011-06-10,109.64,109.64,109.64,109.64,
2011-06-13,109.74,109.74,109.74,109.74,
2011-06-14,110.86,110.86,110.86,110.86,
2011-06-15,110.07,110.07,110.07,110.07,
2011-06-16,109.45,109.45,109.45,109.64,3000.0
2011-06-17,109.97,110.1,109.97,110.06,3080.0
2011-06-20,109.23,109.23,109.23,110.06,3000.0
2011-06-21,111.52,111.52,111.52,111.52,
2011-06-22,111.06,111.69,111.06,111.75,3650.0
2011-06-23,109.0,109.0,109.0,109.21,3000.0
2011-06-24,111.14,111.25,111.14,109.73,750.0
2011-06-27,109.64,109.64,109.64,109.89,8010.0
2011-06-28,109.94,111.32,109.94,111.2,6000.0
2011-06-29,112.48,112.48,112.31,112.6,10020.0
2011-06-30,113.72,113.72,113.72,113.72,
2011-07-01,114.47,114.47,114.47,114.79,5010.0
2011-07-04,115.34,115.34,115.34,115.34,
2011-07-05,115.16,115.16,115.16,115.16,
2011-07-06,115.17,115.17,115.17,115.17,
2011-07-07,116.45,116.45,116.45,116.45,
2011-07-08,115.09,115.09,115.09,115.09,
2011-07-11,114.11,114.11,114.11,114.11,
2011-07-12,112.86,113.48,112.86,113.86,5500.0
2011-07-13,114.54,114.83,114.54,114.82,3400.0
2011-07-14,113.81,113.81,113.81,113.81,
2011-07-15,113.13,113.13,113.13,113.28,2000.0
2011-07-18,112.23,112.23,112.23,112.23,
2011-07-19,113.63,113.63,113.63,113.63,
2011-07-20,114.44,114.44,114.44,114.44,
2011-07-21,115.64,115.64,115.64,115.64,
2011-07-22,115.71,115.71,115.71,115.7,1160.0
2011-07-25,115.66,115.66,115.66,115.66,
2011-07-26,115.2,115.2,115.2,115.2,
2011-07-27,114.39,114.39,114.28,113.75,10180.0
2011-07-28,113.47,113.47,113.47,113.47,
2011-07-29,111.85,111.85,111.85,112.11,5010.0
2011-08-01,112.72,112.92,112.72,110.73,5710.0
2011-08-02,109.91,109.91,109.91,109.81,5010.0
2011-08-03,108.4,108.4,108.4,107.64,5010.0
2011-08-04,108.44,108.44,106.22,105.7,10000.0
2011-08-05,103.19,103.19,103.17,102.51,10010.0
2011-08-08,101.81,101.81,100.87,100.28,15020.0
2011-08-09,99.03,99.03,99.03,99.03,
2011-08-10,97.28,97.28,97.28,97.28,
2011-08-11,97.97,97.97,97.97,99.56,5010.0
2011-08-12,101.75,101.75,101.75,101.75,
2011-08-15,102.75,102.75,102.75,102.75,
2011-08-16,103.31,103.31,103.23,103.31,10020.0
2011-08-17,103.57,103.57,103.57,103.57,
2011-08-18,101.55,101.55,101.55,98.63,5010.0
2011-08-19,98.25,98.25,98.25,98.25,
2011-08-22,97.57,97.57,97.57,97.57,
2011-08-23,98.36,98.36,98.36,98.36,
2011-08-24,100.16,100.16,100.16,100.16,
2011-08-25,101.19,101.19,101.19,100.87,70.0
2011-08-26,100.69,100.69,100.69,100.69,
2011-08-30,104.38,104.38,104.38,104.38,
2011-08-31,105.61,105.61,105.61,105.61,
2011-09-01,105.36,105.36,105.36,105.36,
2011-09-02,102.36,102.36,102.36,102.36,
2011-09-05,98.92,98.92,98.9,98.9,10010.0
2011-09-06,102.92,102.92,102.92,99.42,0.0
2011-09-07,102.8,102.8,102.8,102.8,
2011-09-08,103.7,103.7,103.7,103.7,
2011-09-09,102.28,102.28,102.28,100.35,400.0
2011-09-12,99.22,99.22,99.22,99.22,
2011-09-13,100.76,100.76,100.76,100.61,100.0
2011-09-14,101.81,101.81,101.81,101.81,
2011-09-15,103.11,103.11,103.11,103.53,5000.0
2011-09-16,104.42,104.42,104.42,104.42,
2011-09-19,103.22,103.22,103.22,103.22,
2011-09-20,105.44,105.44,105.44,105.44,
2011-09-21,103.36,103.36,103.36,103.36,
2011-09-22,97.74,97.74,97.74,97.74,
2011-09-23,96.95,96.95,96.95,98.47,500.0
2011-09-26,99.12,99.12,99.12,99.12,
2011-09-27,102.89,102.89,102.89,102.89,
2011-09-28,101.57,101.57,101.57,101.57,
2011-09-29,100.64,100.64,100.64,100.64,
2011-09-30,99.36,99.36,99.36,99.36,
2011-10-03,97.69,97.69,97.69,97.69,
2011-10-04,94.24,94.5,94.24,94.58,10010.0
2011-10-05,97.67,97.67,97.67,97.67,900.0
2011-10-06,99.86,99.86,99.86,99.86,
2011-10-07,101.39,101.39,101.39,100.73,110.0
2011-10-10,101.42,102.26,101.42,102.94,3000.0
2011-10-11,103.33,103.33,103.33,103.33,
2011-10-12,104.48,104.48,104.48,105.02,5000.0
2011-10-13,103.3,103.3,103.3,103.3,
2011-10-14,105.0,105.0,105.0,104.96,1000.0
2011-10-17,104.98,104.98,104.98,104.98,
2011-10-18,104.19,104.19,104.19,104.19,
2011-10-19,106.24,106.24,106.24,106.23,20.0
2011-10-20,104.38,104.38,104.38,104.38,
2011-10-21,106.97,106.97,106.97,106.97,
2011-10-24,107.38,107.38,107.38,108.52,110.0
2011-10-25,107.25,107.25,107.25,107.25,
2011-10-26,106.25,106.25,106.25,106.25,
2011-10-27,110.03,110.03,110.03,110.03,
2011-10-28,111.28,111.28,111.28,111.28,
2011-10-31,110.3,110.3,110.3,109.44,500.0
2011-11-01,105.55,105.55,105.55,105.55,
2011-11-02,107.25,107.25,107.25,107.25,
2011-11-03,106.18,108.1,106.18,108.34,12010.0
2011-11-04,107.85,107.85,107.85,107.94,2610.0
2011-11-07,107.88,107.88,107.88,107.88,
2011-11-08,108.93,108.93,108.93,108.93,
2011-11-09,108.01,108.01,108.01,108.22,1500.0
2011-11-10,107.25,107.25,107.25,107.07,1000.0
2011-11-11,109.88,109.88,109.88,109.66,4010.0
2011-11-14,108.95,108.95,108.95,108.95,
2011-11-15,108.1,108.1,108.1,108.1,
2011-11-16,108.78,108.78,108.78,108.78,
2011-11-17,106.83,106.83,106.83,106.83,
2011-11-18,105.5,105.5,105.5,105.73,2000.0
2011-11-21,102.97,102.97,102.97,102.97,
2011-11-22,102.71,102.71,102.71,102.71,
2011-11-23,101.03,101.03,101.03,101.03,
2011-11-24,101.4,101.4,101.4,100.71,750.0
2011-11-25,101.42,101.42,101.42,101.42,
2011-11-28,103.75,103.75,103.75,103.77,2000.0
2011-11-29,104.15,104.15,104.15,104.15,
2011-11-30,107.38,107.38,107.38,107.38,
2011-12-01,107.81,107.81,107.81,107.81,
2011-12-02,109.03,109.03,109.03,108.9,4010.0
2011-12-05,109.61,109.61,109.58,109.69,50.0
2011-12-06,109.05,109.05,109.05,109.05,
2011-12-07,108.49,108.49,108.49,108.8,130.0
2011-12-08,108.06,108.06,108.06,108.06,
2011-12-09,108.78,108.78,108.78,108.78,
2011-12-12,108.18,108.18,108.18,107.08,430.0
2011-12-13,107.71,107.71,107.71,107.71,
2011-12-14,105.25,105.25,105.25,105.25,
2011-12-15,105.91,105.91,105.75,105.95,4080.0
2011-12-16,106.66,106.66,106.66,106.66,
2011-12-19,105.54,105.54,105.54,105.54,
2011-12-20,107.48,107.48,107.48,107.44,270.0
2011-12-21,107.18,107.18,107.18,107.18,
2011-12-22,108.58,108.58,108.58,108.58,
2011-12-23,109.68,109.68,109.68,109.68,
2011-12-28,110.35,110.35,110.35,108.89,430.0
2011-12-29,109.35,109.35,109.35,109.35,
2011-12-30,110.0,110.0,110.0,110.0,
2012-01-03,111.68,111.68,111.68,111.68,
2012-01-04,110.71,110.71,110.71,110.71,
2012-01-05,110.86,110.86,110.86,110.86,
2012-01-06,111.35,111.35,111.35,111.35,
2012-01-09,111.06,111.06,111.06,111.06,
2012-01-10,112.65,112.65,112.65,112.65,
2012-01-11,111.9,112.14,111.9,112.02,11320.0
2012-01-12,112.63,112.71,112.63,112.3,11840.0
2012-01-13,112.74,112.74,112.04,111.91,34900.0
2012-01-16,112.85,112.85,112.85,112.85,
2012-01-17,113.67,113.67,113.67,113.23,11000.0
2012-01-18,113.19,113.19,113.19,113.19,
2012-01-19,114.13,114.13,114.13,114.38,4010.0
2012-01-20,113.95,113.95,113.95,113.98,11200.0
2012-01-23,114.23,115.02,114.23,114.61,34550.0
2012-01-24,113.81,113.96,113.81,114.31,57000.0
2012-01-25,114.23,114.23,114.23,114.31,310.0
2012-01-26,115.33,115.33,115.33,115.33,
2012-01-27,114.59,114.59,114.59,114.59,
2012-01-30,113.76,113.76,113.76,113.76,
2012-01-31,113.86,113.86,113.86,113.86,
2012-02-01,115.1,115.1,115.1,115.47,9350.0
2012-02-02,115.53,115.53,115.53,115.53,
2012-02-03,116.72,116.72,116.72,116.94,850.0
2012-02-06,116.81,116.81,116.81,116.81,
2012-02-07,117.31,117.31,117.31,117.31,
2012-02-08,117.03,117.03,117.03,117.03,
2012-02-09,117.48,117.48,117.48,117.48,
2012-02-10,116.75,116.75,116.75,116.75,
2012-02-13,117.5,117.5,117.5,117.5,
2012-02-14,117.39,117.39,117.39,117.39,
2012-02-15,118.03,118.03,118.03,118.0,11000.0
2012-02-16,117.59,117.59,117.59,117.59,
2012-02-17,118.37,118.37,118.37,118.37,
2012-02-20,119.31,119.31,119.31,119.31,
2012-02-21,119.11,119.11,119.11,119.11,
2012-02-22,118.49,118.49,118.49,118.49,
2012-02-23,118.7,118.7,118.7,118.7,
2012-02-24,119.2,119.2,119.2,119.2,
2012-02-27,119.25,119.25,119.25,119.25,
2012-02-28,119.64,119.64,119.64,119.64,
2012-02-29,119.01,119.01,119.01,119.01,
2012-03-01,118.95,118.95,118.95,119.64,22000.0
2012-03-02,119.59,119.59,119.59,119.59,
2012-03-05,118.72,118.72,118.72,118.72,
2012-03-06,117.5,117.5,117.5,117.5,
2012-03-07,117.33,117.33,117.33,117.89,60000.0
2012-03-08,118.88,118.88,118.88,118.88,
2012-03-09,119.79,119.79,119.79,119.79,
2012-03-12,119.44,119.44,119.44,119.44,
2012-03-13,120.57,120.57,120.57,120.67,10800.0
2012-03-14,121.61,121.61,121.61,121.61,
2012-03-15,122.28,122.28,122.28,122.28,
2012-03-16,122.55,122.55,122.55,122.55,
2012-03-19,123.02,123.02,123.02,123.02,
2012-03-20,122.36,122.36,122.36,122.36,
2012-03-21,122.67,122.67,122.67,122.67,
2012-03-22,121.58,121.58,121.58,121.58,
2012-03-23,121.75,121.75,121.75,121.75,
2012-03-26,122.27,122.87,122.27,123.08,45210.0
2012-03-27,124.34,124.34,124.34,123.58,21400.0
2012-03-28,122.75,122.75,122.75,122.75,
2012-03-29,121.56,121.56,121.56,121.56,
2012-03-30,122.36,122.36,122.36,122.89,45000.0
2012-04-02,123.62,123.62,123.62,123.62,
2012-04-03,123.48,123.48,123.48,123.48,
2012-04-04,122.36,122.36,122.01,121.8,6000.0
2012-04-05,121.65,121.65,121.65,122.22,3990.0
2012-04-10,119.95,119.95,119.95,119.95,
2012-04-11,119.79,119.79,119.79,119.72,100.0
2012-04-12,120.75,120.75,120.75,120.75,
2012-04-13,120.1,120.1,120.1,120.1,
2012-04-16,119.61,119.61,119.61,119.61,
2012-04-17,121.17,121.17,121.17,121.17,
2012-04-18,121.52,121.52,121.52,120.97,43100.0
2012-04-19,121.0,121.0,121.0,121.0,
2012-04-20,120.84,121.06,120.84,121.0,5000.0
2012-04-23,118.96,118.96,118.96,118.96,
2012-04-24,119.71,119.71,119.71,120.09,270.0
2012-04-25,121.19,121.19,121.19,121.19,
2012-04-26,121.67,121.67,121.67,121.67,
2012-04-27,122.33,122.33,122.33,122.42,20.0
2012-04-30,122.04,122.04,122.04,122.04,
2012-05-01,122.01,122.01,122.01,123.39,2000.0
2012-05-02,122.77,122.77,122.77,122.19,4000.0
2012-05-03,122.35,122.35,122.35,122.35,
2012-05-04,120.06,120.06,120.06,120.06,
2012-05-08,118.0,118.0,118.0,118.03,500.0
2012-05-09,118.56,118.56,118.56,118.56,
2012-05-10,118.98,118.98,118.98,118.98,
2012-05-11,119.33,119.33,119.33,119.33,
2012-05-14,117.62,117.62,117.62,117.62,
2012-05-15,116.95,116.95,116.95,116.95,
2012-05-16,116.66,116.66,116.66,116.66,
2012-05-17,115.41,115.41,115.41,115.41,
2012-05-18,114.3,114.3,114.3,114.3,
2012-05-21,113.65,113.65,113.65,114.44,940.0
2012-05-22,115.37,115.37,115.37,116.14,590.0
2012-05-23,114.49,114.49,114.49,113.87,1050.0
2012-05-24,115.69,115.69,115.69,115.69,
2012-05-25,115.77,115.77,115.77,115.77,
2012-05-28,115.47,115.47,115.47,115.79,32000.0
2012-05-29,116.61,116.61,116.61,116.61,
2012-05-30,115.2,115.2,115.2,115.2,
2012-05-31,113.96,113.96,113.96,113.96,
2012-06-01,112.5,112.5,112.5,112.47,500.0
2012-06-06,113.04,113.04,113.04,114.58,130.0
2012-06-07,116.28,116.28,116.28,115.53,3000.0
2012-06-08,114.88,114.88,114.88,115.25,940.0
2012-06-11,117.72,117.72,116.06,115.75,4940.0
2012-06-12,115.56,115.56,115.56,115.56,
2012-06-13,115.97,115.97,115.97,115.97,
2012-06-14,116.22,116.22,116.22,116.22,
2012-06-15,117.15,117.15,117.15,117.15,
2012-06-18,117.56,117.56,117.56,117.56,
2012-06-19,118.25,118.25,118.25,118.93,500.0
2012-06-20,118.82,118.82,118.82,118.82,
2012-06-21,117.73,117.73,117.73,117.73,
2012-06-22,116.66,116.66,116.66,116.47,80.0
2012-06-25,115.07,115.07,115.07,115.07,
2012-06-26,115.08,115.08,115.08,115.08,
2012-06-27,116.48,116.48,116.48,116.48,
2012-06-28,115.59,115.59,115.59,115.59,
2012-06-29,118.77,118.77,118.77,118.77,
2012-07-02,119.56,119.56,119.56,118.97,420.0
2012-07-03,120.53,120.53,120.53,120.53,
2012-07-04,120.56,120.56,120.56,120.56,
2012-07-05,120.19,120.19,120.19,120.19,
2012-07-06,118.9,118.9,118.9,118.42,130.0
2012-07-09,118.41,118.41,118.41,118.41,
2012-07-10,118.82,118.82,118.82,118.41,3000.0
2012-07-11,117.55,117.55,117.55,117.55,
2012-07-12,116.67,116.67,116.67,116.67,
2012-07-13,118.48,118.48,118.48,118.48,
2012-07-16,118.97,118.97,118.97,118.97,
2012-07-17,118.39,118.39,118.39,118.39,
2012-07-18,120.2,120.2,120.2,120.2,
2012-07-19,120.77,120.77,120.77,120.77,
2012-07-20,120.04,120.04,120.04,120.04,
2012-07-23,117.99,117.99,117.99,117.99,
2012-07-24,117.82,117.82,117.82,117.82,
2012-07-25,117.11,117.11,117.11,117.11,
2012-07-26,117.18,117.18,117.18,118.81,130.0
2012-07-27,120.6,120.6,120.6,120.6,
2012-07-30,122.0,122.0,122.0,121.38,500.0
2012-07-31,121.62,121.62,121.62,121.62,
2012-08-01,121.2,121.2,121.2,121.2,
2012-08-02,121.12,121.12,121.12,119.72,580.0
2012-08-03,121.47,121.47,121.45,122.14,3000.0
2012-08-06,122.59,122.59,122.59,122.59,
2012-08-07,123.12,123.12,123.12,123.12,
2012-08-08,122.55,123.15,122.55,123.14,2250.0
2012-08-09,123.26,123.26,123.26,123.26,
2012-08-10,122.98,122.98,122.98,122.98,
2012-08-13,122.84,122.84,122.84,122.86,50.0
2012-08-14,123.66,123.66,123.66,123.66,
2012-08-15,123.37,123.37,123.37,123.37,
2012-08-16,123.92,123.92,123.92,123.92,
2012-08-17,124.39,124.39,124.39,124.39,
2012-08-20,124.21,124.21,124.21,124.21,
2012-08-21,125.0,125.0,125.0,125.0,500.0
2012-08-22,123.81,123.81,123.81,123.81,
2012-08-23,123.8,123.8,123.8,123.8,
2012-08-24,123.8,123.8,123.8,123.8,
2012-08-28,123.81,123.81,123.81,123.9,130.0
2012-08-29,123.73,123.73,123.73,123.73,
2012-08-30,123.18,123.18,123.18,123.18,
2012-08-31,124.0,124.0,124.0,124.0,
2012-09-03,123.72,123.72,123.72,123.94,10.0
2012-09-04,123.32,123.32,123.08,123.02,930.0
2012-09-05,123.67,123.67,123.67,123.67,
2012-09-06,124.04,125.87,124.03,125.63,1850.0
2012-09-07,126.28,126.28,126.28,126.28,
2012-09-10,126.4,126.4,126.4,126.4,
2012-09-11,126.48,126.48,126.48,126.48,
2012-09-12,126.42,126.42,126.42,126.42,
2012-09-13,126.55,126.55,126.55,126.61,91310.0
2012-09-14,129.6,129.6,129.6,129.22,700.0
2012-09-17,128.69,128.69,128.69,128.69,
2012-09-18,128.53,128.53,128.53,128.53,
2012-09-19,128.75,128.75,128.75,128.75,
2012-09-20,128.09,128.09,128.09,128.09,
2012-09-21,128.79,128.79,128.79,128.79,
2012-09-24,128.12,128.12,128.12,128.12,
2012-09-25,128.66,128.66,128.66,128.66,
2012-09-26,126.75,126.75,126.75,126.32,130.0
2012-09-27,126.56,126.56,126.56,126.56,
2012-09-28,126.33,126.33,126.33,126.33,
2012-10-01,127.45,128.1,127.45,128.01,200.0
2012-10-02,127.39,127.39,127.39,127.09,150.0
2012-10-03,127.78,127.78,127.78,127.78,
2012-10-04,128.26,128.26,128.26,128.26,
2012-10-05,129.17,129.17,129.17,129.17,
2012-10-08,128.1,128.1,128.1,128.1,
2012-10-09,127.89,127.89,127.89,127.1,30.0
2012-10-10,126.92,127.02,126.92,126.73,50.0
2012-10-11,126.91,126.91,126.91,126.91,
2012-10-12,125.91,125.91,125.91,125.91,
2012-10-15,126.14,126.14,126.14,126.14,
2012-10-16,128.01,128.01,128.01,128.01,
2012-10-17,128.35,128.35,128.35,128.56,70.0
2012-10-18,128.62,128.62,128.62,128.62,
2012-10-19,127.6,127.6,127.6,127.08,160.0
2012-10-22,125.83,125.83,125.83,125.83,
2012-10-23,124.95,124.95,124.62,124.34,34000.0
2012-10-24,124.64,124.64,124.64,124.64,
2012-10-25,124.15,124.15,124.15,124.15,
2012-10-26,124.16,124.16,124.16,124.16,
2012-10-29,124.03,124.03,124.03,124.03,
2012-10-30,124.72,124.72,124.72,124.72,
2012-10-31,125.24,125.24,123.81,123.9,15740.0
2012-11-01,125.73,125.73,125.73,125.73,
2012-11-02,125.7,125.7,125.7,125.64,1400.0
2012-11-05,124.57,124.57,124.57,124.57,
2012-11-06,125.27,125.27,125.27,125.44,1050.0
2012-11-07,122.73,122.73,122.73,122.73,
2012-11-08,123.2,123.2,123.2,122.78,1200.0
2012-11-09,122.11,122.11,122.11,122.11,
2012-11-12,121.63,121.63,121.63,121.63,
2012-11-13,121.08,121.08,121.08,122.39,100.0
2012-11-14,120.9,120.9,120.9,120.9,
2012-11-15,119.76,119.76,119.76,119.3,250.0
2012-11-16,118.58,118.58,118.58,118.58,
2012-11-19,120.91,121.88,120.91,121.94,710.0
2012-11-20,122.0,122.0,122.0,122.44,920.0
2012-11-21,122.62,122.62,122.62,122.62,
2012-11-22,123.06,123.06,123.06,123.06,
2012-11-23,123.91,123.91,123.91,123.91,
2012-11-26,123.88,123.88,123.88,123.48,1400.0
2012-11-27,124.0,124.0,124.0,124.0,
2012-11-28,123.65,123.65,123.65,123.65,
2012-11-29,125.13,125.13,125.13,125.13,
2012-11-30,125.25,125.25,125.25,124.87,1030.0
2012-12-03,125.0,125.0,125.0,125.0,
2012-12-04,124.14,124.14,124.14,124.14,
2012-12-05,124.15,124.15,124.15,124.08,41300.0
2012-12-06,124.81,124.81,124.81,124.81,
2012-12-07,125.0,125.0,125.0,125.0,
2012-12-10,125.53,125.53,125.53,125.53,
2012-12-11,126.37,126.37,126.37,126.64,950.0
2012-12-12,126.55,126.55,126.55,126.55,
2012-12-13,125.96,125.96,125.96,125.96,
2012-12-14,125.16,125.16,125.16,125.16,
2012-12-17,125.81,125.81,125.81,125.81,
2012-12-18,127.47,127.47,127.47,127.47,
2012-12-19,127.75,127.75,127.75,127.75,
2012-12-20,126.89,126.89,126.89,126.89,
2012-12-21,126.2,126.28,126.2,126.17,1020.0
2012-12-24,126.17,126.17,126.17,126.17,
2012-12-27,125.71,125.71,125.71,124.67,3000.0
2012-12-28,124.75,124.75,124.75,124.75,
2012-12-31,123.08,123.08,123.08,123.08,
2013-01-02,127.33,128.39,127.28,128.42,3160.0
2013-01-03,129.14,129.55,129.14,129.46,7000.0
2013-01-04,129.33,129.33,129.33,129.34,4000.0
2013-01-07,129.39,129.39,129.39,129.17,6000.0
2013-01-08,128.64,128.64,128.64,128.52,40.0
2013-01-09,129.44,129.44,129.44,129.44,
2013-01-10,129.47,129.47,129.47,129.47,
2013-01-11,129.9,129.9,129.9,129.9,
2013-01-14,129.96,129.96,129.96,129.96,
2013-01-15,129.82,129.82,129.82,129.82,
2013-01-16,130.17,130.17,130.04,130.31,40.0
2013-01-17,130.82,130.82,130.82,130.89,440.0
2013-01-18,130.81,130.81,130.81,130.81,
2013-01-21,131.72,131.72,131.72,131.72,
2013-01-22,131.33,131.33,131.33,131.39,10.0
2013-01-23,131.91,131.91,131.91,131.94,10.0
2013-01-24,132.72,132.72,132.72,132.91,40.0
2013-01-25,132.81,132.81,132.81,132.62,80.0
2013-01-28,132.88,132.88,132.88,132.88,
2013-01-29,133.25,133.25,133.25,133.25,
2013-01-30,133.32,133.32,133.32,133.32,
2013-01-31,132.67,132.67,132.67,132.67,
2013-02-01,133.71,133.71,133.71,133.71,
2013-02-04,132.82,132.82,132.82,132.82,
2013-02-05,133.67,133.67,133.67,133.67,
2013-02-06,133.46,133.46,133.46,133.81,2580.0
2013-02-07,133.01,133.01,133.01,133.01,
2013-02-08,134.31,134.31,134.31,134.31,
2013-02-11,134.37,134.37,134.37,134.37,
2013-02-12,134.49,134.49,134.49,134.49,
2013-02-13,134.59,134.59,134.59,134.59,
2013-02-14,134.27,134.56,134.27,134.69,1880.0
2013-02-15,134.91,134.91,134.91,134.91,
2013-02-18,134.81,134.81,134.81,134.81,
2013-02-19,134.96,134.96,134.96,135.48,5650.0
2013-02-20,135.5,135.5,135.5,135.24,110.0
2013-02-21,133.24,133.24,133.24,133.24,
2013-02-22,133.75,133.75,133.75,133.75,
2013-02-25,135.05,135.05,134.38,134.56,990.0
2013-02-26,131.92,131.92,131.92,131.92,
2013-02-27,133.84,133.84,133.84,133.84,
2013-02-28,134.83,134.83,134.83,134.83,
2013-03-01,134.32,134.32,134.32,134.32,
2013-03-04,134.69,134.69,134.69,134.69,
2013-03-05,136.72,136.72,136.72,136.72,
2013-03-06,136.71,136.71,136.71,136.71,
2013-03-07,137.06,137.06,137.06,137.06,
2013-03-08,137.3,137.3,137.3,137.34,20.0
2013-03-11,137.86,137.86,137.86,137.86,
2013-03-12,137.65,137.65,137.65,137.65,
2013-03-13,138.02,138.02,138.02,138.02,
2013-03-14,138.63,138.63,138.63,138.63,
2013-03-15,138.66,138.66,138.66,138.66,
2013-03-18,138.26,138.26,138.26,138.26,
2013-03-19,137.26,137.26,137.26,137.26,
2013-03-20,138.31,138.31,138.31,138.31,
2013-03-21,137.87,137.87,137.87,137.87,
2013-03-22,138.03,138.03,138.03,138.03,
2013-03-25,137.72,137.72,137.72,137.72,
2013-03-26,138.47,138.47,138.47,138.47,
2013-03-27,138.56,138.56,138.56,138.56,
2013-03-28,139.03,139.03,139.03,139.03,
2013-04-02,139.71,139.71,139.71,139.71,
2013-04-03,138.66,138.66,138.66,138.66,
2013-04-04,138.64,138.64,138.64,138.59,160.0
2013-04-05,137.38,137.38,137.38,137.38,
2013-04-08,137.95,137.95,137.95,137.95,
2013-04-09,139.03,139.27,139.03,138.92,20.0
2013-04-10,140.84,140.84,140.84,140.84,
2013-04-11,141.9,141.9,141.9,141.9,
2013-04-12,141.59,141.59,141.59,140.72,106080.0
2013-04-15,140.53,140.53,140.53,140.16,17500.0
2013-04-16,138.84,138.84,138.84,139.24,50.0
2013-04-17,137.79,137.79,137.79,137.79,
2013-04-18,137.43,137.43,137.43,137.43,
2013-04-19,137.96,137.96,137.96,137.96,
2013-04-22,137.99,137.99,137.99,137.92,40.0
2013-04-23,140.21,140.21,140.21,140.21,
2013-04-24,140.52,140.52,140.41,140.38,350.0
2013-04-25,141.21,141.21,141.21,141.21,
2013-04-26,140.83,140.83,140.83,140.53,60.0
2013-04-29,140.97,140.97,140.97,141.42,60.0
2013-04-30,141.5,141.5,141.5,141.5,
2013-05-01,141.45,141.45,141.45,141.45,
2013-05-02,141.94,141.94,141.94,141.94,
2013-05-03,143.68,143.68,143.68,143.68,
2013-05-07,143.78,144.18,143.78,144.15,160.0
2013-05-08,144.35,144.35,144.35,144.96,170.0
2013-05-09,144.96,145.04,144.96,145.02,3090.0
2013-05-10,144.93,144.93,144.93,144.89,500.0
2013-05-13,145.17,145.17,145.17,145.17,
2013-05-14,146.56,146.56,146.56,146.56,
2013-05-15,146.89,146.89,146.67,147.25,3300.0
2013-05-16,147.66,147.66,147.66,147.66,
2013-05-17,147.42,147.42,147.42,147.62,4320.0
2013-05-20,148.54,148.83,148.54,148.66,9250.0
2013-05-21,148.64,148.64,148.51,148.23,19940.0
2013-05-22,149.53,149.53,149.53,149.53,
2013-05-23,146.35,146.35,146.35,146.71,4780.0
2013-05-24,146.29,146.29,146.29,146.12,24520.0
2013-05-28,148.82,148.82,148.59,148.65,4600.0
2013-05-29,147.0,147.0,146.86,146.45,130.0
2013-05-30,147.53,147.56,147.53,147.58,30.0
2013-05-31,147.32,147.32,147.23,147.53,680.0
2013-06-03,145.04,145.78,145.04,144.65,220.0
2013-06-04,146.12,146.12,146.12,146.18,40.0
2013-06-05,144.12,144.12,144.12,144.12,
2013-06-06,143.54,143.54,143.54,143.54,
2013-06-07,144.69,146.1,144.47,146.31,1620.0
2013-06-10,146.77,146.77,146.77,146.61,90.0
2013-06-11,146.0,146.0,146.0,146.0,
2013-06-12,145.6,145.91,145.6,144.95,7370.0
2013-06-13,142.7,144.13,142.7,144.28,4870.0
2013-06-14,145.66,145.66,145.66,145.52,250.0
2013-06-17,146.5,146.75,146.5,146.62,300.0
2013-06-18,146.59,146.65,146.59,147.09,320.0
2013-06-19,147.07,147.07,147.07,147.09,10.0
2013-06-20,142.87,142.87,142.87,142.87,
2013-06-21,140.93,140.93,140.93,140.93,
2013-06-24,140.51,140.51,140.51,139.09,20.0
2013-06-25,140.93,140.93,140.9,141.25,10.0
2013-06-26,142.76,142.76,142.76,142.34,110.0
2013-06-27,143.08,143.08,143.08,143.99,110.0
2013-06-28,144.33,144.33,144.11,143.68,310.0
2013-07-01,144.82,144.82,144.82,144.82,
2013-07-02,143.46,144.6,143.46,144.68,3250.0
2013-07-03,143.41,143.44,143.29,143.8,60.0
2013-07-04,145.03,145.03,145.03,145.34,50.0
2013-07-05,144.41,144.41,144.41,144.41,
2013-07-08,146.24,146.55,146.24,146.37,750.0
2013-07-09,147.05,147.05,146.95,147.19,40.0
2013-07-10,147.0,147.0,147.0,147.0,
2013-07-11,149.17,149.17,148.91,149.06,110.0
2013-07-12,149.49,149.5,149.49,149.38,10.0
2013-07-15,149.84,150.12,149.78,150.0,12790.0
2013-07-16,150.4,150.4,150.4,149.52,30.0
2013-07-17,149.53,150.02,149.53,149.91,30.0
2013-07-18,150.9,150.9,150.9,150.9,
2013-07-19,150.27,150.45,150.03,150.71,26930.0
2013-07-22,151.11,151.11,151.11,151.38,50.0
2013-07-23,151.09,151.09,151.09,151.09,
2013-07-24,150.86,150.86,150.86,150.86,
2013-07-25,149.99,149.99,149.99,149.99,
2013-07-26,149.71,149.71,149.71,149.71,
2013-07-29,150.11,150.11,150.11,150.11,
2013-07-30,150.77,150.77,150.77,150.77,
2013-07-31,151.13,151.13,151.13,151.13,
2013-08-01,151.95,151.95,151.95,151.95,
2013-08-02,152.35,152.35,152.35,152.1,150.0
2013-08-05,152.55,152.55,152.5,152.5,80.0
2013-08-06,151.49,151.49,151.49,151.49,
2013-08-07,151.06,151.06,151.06,150.63,90.0
2013-08-08,151.1,151.1,151.1,151.1,
2013-08-09,150.71,150.71,150.71,150.71,
2013-08-12,151.0,151.0,151.0,151.0,
2013-08-13,150.76,150.76,150.76,150.76,
2013-08-14,150.9,150.9,150.9,150.9,
2013-08-15,148.87,148.87,148.87,148.82,120.0
2013-08-16,148.33,148.33,148.33,148.33,
2013-08-19,147.88,147.88,147.88,147.88,
2013-08-20,147.81,147.81,147.81,147.81,
2013-08-21,147.28,147.28,147.28,147.09,140.0
2013-08-22,147.01,147.86,147.01,147.6,320.0
2013-08-23,148.25,148.25,148.25,148.25,
2013-08-27,146.84,146.84,146.62,146.8,5850.0
2013-08-28,146.01,146.04,145.53,146.12,18210.0
2013-08-29,147.09,147.09,147.09,147.09,
2013-08-30,145.86,145.86,145.86,145.86,
2013-09-02,147.4,147.4,147.29,147.38,1790.0
2013-09-03,147.38,147.38,147.3,146.58,220.0
2013-09-04,146.67,147.21,146.67,147.5,3020.0
2013-09-05,147.97,147.97,147.97,147.97,
2013-09-06,148.41,148.41,148.41,148.41,
2013-09-09,148.69,148.69,148.69,148.69,
2013-09-10,150.36,150.46,150.36,150.48,540.0
2013-09-11,150.48,150.48,150.48,150.5,270.0
2013-09-12,151.06,151.06,151.06,150.94,1810.0
2013-09-13,150.99,150.99,150.99,150.99,
2013-09-16,152.9,152.9,152.69,152.35,1810.0
2013-09-17,151.83,151.83,151.83,152.41,40.0
2013-09-18,152.34,152.34,152.34,152.34,
2013-09-19,154.31,154.31,154.31,154.31,
2013-09-20,154.23,154.23,154.23,153.79,1510.0
2013-09-23,152.05,152.05,152.05,152.05,
2013-09-24,152.44,152.44,152.44,152.44,
2013-09-25,152.0,152.0,151.81,152.17,220.0
2013-09-26,151.66,152.35,151.66,151.77,2070.0
2013-09-27,151.43,151.43,151.43,151.34,180.0
2013-09-30,150.32,150.32,150.32,150.6,2350.0
2013-10-01,151.02,151.02,150.75,151.53,2370.0
2013-10-02,150.75,150.75,150.75,151.07,30.0
2013-10-03,150.13,150.13,150.13,150.13,
2013-10-04,150.67,150.67,150.67,150.67,
2013-10-07,150.59,150.59,150.59,150.59,
2013-10-08,149.35,149.35,149.35,149.35,
2013-10-09,148.88,148.88,148.88,147.6,20580.0
2013-10-10,149.35,150.4,149.35,150.52,210.0
2013-10-11,151.72,151.72,151.72,151.72,
2013-10-14,151.91,151.91,151.91,151.91,
2013-10-15,153.21,153.21,153.21,153.21,
2013-10-16,152.6,152.6,152.6,153.94,10.0
2013-10-17,153.94,153.94,153.94,154.4,50.0
2013-10-18,155.82,155.82,155.82,155.82,
2013-10-21,156.19,156.19,156.19,156.24,50.0
2013-10-22,157.59,157.59,157.59,156.79,5000.0
2013-10-23,156.6,156.6,156.6,156.3,950.0
2013-10-24,157.0,157.0,157.0,156.97,5600.0
2013-10-25,156.93,156.93,156.93,157.29,0.0
2013-10-28,157.91,157.91,157.91,157.91,
2013-10-29,158.39,158.39,158.28,158.59,530.0
2013-10-30,158.75,158.75,158.75,158.4,40.0
2013-10-31,157.99,157.99,157.99,158.02,10.0
2013-11-01,157.3,157.3,157.3,157.3,
2013-11-04,158.13,158.13,158.13,157.99,500.0
2013-11-05,158.32,158.32,158.32,157.94,110.0
2013-11-06,158.63,158.63,158.63,158.53,1000.0
2013-11-07,158.43,158.46,158.4,157.74,900.0
2013-11-08,156.96,157.11,156.96,157.81,460.0
2013-11-11,158.95,158.95,158.86,158.87,3100.0
2013-11-12,158.69,158.69,158.69,158.69,
2013-11-13,158.43,158.43,158.43,158.43,
2013-11-14,160.54,160.54,160.54,160.54,
2013-11-15,160.97,160.97,160.97,160.97,
2013-11-18,161.59,161.59,161.59,161.59,
2013-11-19,160.76,160.76,160.76,160.76,
2013-11-20,160.85,160.85,160.85,160.85,
2013-11-21,160.94,160.94,160.94,160.94,
2013-11-22,161.46,161.46,161.46,161.46,
2013-11-25,162.13,162.13,162.13,162.13,
2013-11-26,161.91,161.91,161.91,161.91,
2013-11-27,162.3,162.3,162.3,162.3,
2013-11-28,162.49,162.49,162.49,162.49,
2013-11-29,162.66,162.66,162.66,162.66,
2013-12-02,162.17,162.17,162.17,162.17,
2013-12-03,161.38,161.38,161.38,161.08,100.0
2013-12-04,161.19,161.19,161.19,161.19,
2013-12-05,160.9,160.9,160.44,160.45,10.0
2013-12-06,161.72,161.72,161.72,161.72,
2013-12-09,162.66,162.66,162.66,162.66,
2013-12-10,162.36,162.78,162.19,162.13,4640.0
2013-12-11,160.95,160.95,160.95,160.95,
2013-12-12,159.7,159.7,159.7,159.7,
2013-12-13,159.45,159.45,159.45,159.45,
2013-12-16,160.28,160.28,160.28,160.72,0.0
2013-12-17,160.24,160.24,160.24,159.7,10.0
2013-12-18,160.25,160.25,160.22,160.13,20.0
2013-12-19,161.92,161.92,161.92,162.34,140.0
2013-12-20,162.8,162.8,162.73,163.44,3870.0
2013-12-23,164.37,164.37,164.37,164.37,
2013-12-24,164.29,164.29,164.29,164.29,
2013-12-27,164.3,164.3,164.3,165.62,30.0
2013-12-30,165.43,165.43,165.43,165.5,70.0
2013-12-31,165.55,165.55,165.55,165.55,
2014-01-02,165.9,165.9,165.9,165.18,450.0
2014-01-03,165.13,165.13,165.13,164.71,4600.0
2014-01-06,164.75,164.75,164.75,164.15,140.0
2014-01-07,164.77,164.77,164.77,165.28,140.0
2014-01-08,165.16,165.16,165.16,165.16,
2014-01-09,164.81,164.81,164.81,164.81,
2014-01-10,164.93,164.93,164.93,164.93,
2014-01-13,165.28,165.28,165.28,165.52,350.0
2014-01-14,164.54,164.54,164.54,164.82,160.0
2014-01-15,165.85,165.85,165.85,166.1,180.0
2014-01-16,165.93,165.95,165.93,165.72,200.0
2014-01-17,165.87,165.87,165.87,165.87,
2014-01-20,165.55,165.55,165.55,165.55,
2014-01-21,165.06,165.06,165.06,165.06,
2014-01-22,165.73,165.73,165.73,165.73,
2014-01-23,164.45,164.45,164.45,164.45,
2014-01-24,164.56,164.58,164.24,162.03,3650.0
2014-01-27,160.55,160.55,160.55,160.55,
2014-01-28,160.63,160.63,160.63,160.84,2200.0
2014-01-29,162.06,162.06,159.93,160.62,160.0
2014-01-30,161.11,161.11,161.11,161.11,
2014-01-31,160.57,160.57,160.23,160.76,250.0
2014-02-03,158.28,158.28,158.28,158.28,
2014-02-04,157.58,157.58,157.58,157.58,
2014-02-05,156.72,156.72,156.72,157.27,350.0
2014-02-06,159.1,159.1,159.1,159.1,
2014-02-07,160.57,160.57,160.57,160.57,
2014-02-10,161.53,161.53,161.53,161.53,
2014-02-11,163.22,163.22,163.22,163.22,
2014-02-12,163.74,163.74,163.74,163.74,
2014-02-13,164.25,164.25,164.25,164.25,
2014-02-14,165.15,165.15,165.15,165.15,
2014-02-17,165.75,165.75,165.75,165.75,
2014-02-18,165.97,165.97,165.97,165.97,
2014-02-19,166.13,166.13,166.13,166.13,
2014-02-20,165.24,165.24,165.24,165.24,
2014-02-21,166.19,166.19,166.19,166.19,
2014-02-24,167.16,167.16,167.16,167.16,
2014-02-25,166.41,166.41,166.21,166.96,960.0
2014-02-26,166.91,166.91,166.91,166.91,
2014-02-27,166.82,166.82,166.82,166.82,
2014-02-28,167.04,167.14,167.04,168.0,340.0
2014-03-03,166.04,166.04,166.04,166.04,
2014-03-04,168.66,168.66,168.66,168.66,
2014-03-05,168.97,168.97,168.97,168.81,3020.0
2014-03-06,169.56,169.56,169.56,169.56,
2014-03-07,168.99,168.99,168.99,168.99,
2014-03-10,168.93,168.93,168.93,168.93,
2014-03-11,169.16,169.44,169.16,168.78,280.0
2014-03-12,168.18,168.18,168.18,168.18,
2014-03-13,168.84,168.94,168.84,167.43,140.0
2014-03-14,167.01,167.01,166.38,166.56,9200.0
2014-03-17,167.78,167.78,167.78,167.78,
2014-03-18,168.61,168.61,168.61,168.61,
2014-03-19,168.91,168.91,168.91,168.79,390.0
2014-03-20,168.8,168.8,168.8,168.8,
2014-03-21,169.6,169.6,169.6,169.6,
2014-03-24,168.85,168.85,167.05,167.05,1490.0
2014-03-25,167.56,167.56,167.56,167.56,
2014-03-26,169.05,169.2,168.77,168.59,13430.0
2014-03-27,166.84,166.84,166.84,166.84,
2014-03-28,168.05,168.05,168.05,168.05,
2014-03-31,168.65,168.65,168.65,168.65,
2014-04-01,169.58,169.58,169.58,169.58,
2014-04-02,170.55,170.55,170.55,170.55,
2014-04-03,170.45,170.45,170.45,170.45,
2014-04-04,170.2,170.2,170.2,170.2,
2014-04-07,167.81,167.91,167.81,167.34,30.0
2014-04-08,166.23,166.23,165.99,167.13,6200.0
2014-04-09,167.52,167.52,167.52,167.52,
2014-04-10,167.54,167.54,167.54,167.54,
2014-04-11,165.34,165.34,165.34,165.34,10.0
2014-04-14,165.35,165.35,165.35,165.35,
2014-04-15,165.24,165.86,165.24,165.06,2230.0
2014-04-16,167.48,167.48,167.33,167.38,960.0
2014-04-17,167.7,168.45,167.7,168.35,343510.0
2014-04-22,169.2,169.2,168.97,169.88,3360.0
2014-04-23,169.43,169.43,169.43,169.43,
2014-04-24,170.2,170.47,170.2,169.95,1290.0
2014-04-25,168.66,168.66,168.66,168.55,35480.0
2014-04-28,168.53,168.53,168.53,168.53,
2014-04-29,169.63,169.63,169.63,169.63,
2014-04-30,169.49,170.02,169.39,169.56,45800.0
2014-05-01,170.28,170.28,170.28,170.28,
2014-05-02,170.27,170.27,170.21,169.95,4200.0
2014-05-06,169.59,169.59,169.59,169.52,8700.0
2014-05-07,169.19,169.19,169.19,168.75,180.0
2014-05-08,170.46,170.46,170.46,170.46,
2014-05-09,169.52,169.52,169.52,169.03,200000.0
2014-05-12,170.84,170.84,170.84,171.05,230.0
2014-05-13,171.76,171.8,171.71,171.65,4370.0
2014-05-14,171.49,171.51,171.49,171.18,700.0
2014-05-15,168.61,168.61,168.61,168.61,
2014-05-16,168.91,168.91,168.91,169.22,1170.0
2014-05-19,169.7,169.7,169.7,170.35,70.0
2014-05-20,170.25,170.25,170.25,170.04,0.0
2014-05-21,169.99,169.99,169.44,170.22,5430.0
2014-05-22,170.94,171.03,170.83,171.38,17720.0
2014-05-23,171.5,171.5,171.36,171.71,11900.0
2014-05-27,172.55,172.55,172.41,172.75,2080.0
2014-05-28,172.92,172.92,172.92,172.92,
2014-05-29,173.2,173.27,173.2,173.19,800.0
2014-05-30,173.51,173.51,173.5,173.77,22840.0
2014-06-02,174.23,174.26,173.75,174.2,13210.0
2014-06-03,173.99,173.99,173.82,173.88,2190.0
2014-06-04,174.49,174.49,174.49,174.49,
2014-06-05,174.54,174.54,174.54,175.01,50.0
2014-06-06,176.55,176.55,176.51,176.35,800.0
2014-06-09,176.8,176.8,176.8,176.93,10.0
2014-06-10,176.34,176.34,176.34,176.44,7900.0
2014-06-11,176.53,176.53,176.53,175.98,240.0
2014-06-12,176.29,176.29,175.88,175.63,1350.0
2014-06-13,175.2,175.2,175.2,175.28,7000.0
2014-06-16,175.3,175.3,175.3,175.13,500.0
2014-06-17,175.95,175.95,175.95,175.45,1620.0
2014-06-18,175.82,175.98,175.81,175.79,1230.0
2014-06-19,177.6,177.6,177.2,177.13,2560.0
2014-06-20,177.35,177.79,177.35,177.81,18530.0
2014-06-23,178.2,178.2,177.7,177.5,790.0
2014-06-24,177.51,177.53,177.47,178.23,21460.0
2014-06-25,176.93,176.93,176.83,177.15,1290.0
2014-06-26,177.53,177.53,176.9,176.9,1010.0
2014-06-27,177.04,177.41,176.94,177.32,850.0
2014-06-30,177.63,177.96,177.47,177.86,25410.0
2014-07-01,178.02,178.02,177.92,178.83,760.0
2014-07-02,178.97,178.97,178.97,178.97,
2014-07-03,179.65,179.65,179.65,179.65,
2014-07-04,179.83,179.83,179.72,179.66,1650.0
2014-07-07,179.15,179.15,179.15,179.15,
2014-07-08,178.18,178.18,178.18,177.75,130.0
2014-07-09,178.47,178.54,178.25,178.56,30030.0
2014-07-10,178.54,178.54,177.34,177.93,100.0
2014-07-11,178.47,178.47,177.86,177.86,8020.0
2014-07-14,179.5,179.5,179.5,179.5,
2014-07-15,179.1,179.1,179.1,178.91,7800.0
2014-07-16,179.6,179.89,179.34,179.4,690.0
2014-07-17,179.1,179.71,178.59,178.69,38150.0
2014-07-18,177.51,178.79,177.51,178.7,7440.0
2014-07-21,179.2,179.22,178.5,178.69,14570.0
2014-07-22,179.99,180.1,179.99,180.1,15010.0
2014-07-23,179.87,180.45,179.86,180.3,40270.0
2014-07-24,179.9,180.7,179.9,180.6,57000.0
2014-07-25,180.18,180.18,179.84,179.29,3220.0
2014-07-28,179.48,179.59,178.64,179.2,43460.0
2014-07-29,179.58,179.7,179.25,179.3,15770.0
2014-07-30,179.11,179.59,178.42,178.6,14670.0
2014-07-31,178.34,178.39,176.42,176.35,20890.0
2014-08-01,175.49,175.53,173.98,174.69,27050.0
2014-08-04,175.34,175.34,174.77,174.87,86790.0
2014-08-05,175.55,175.95,175.1,175.37,164990.0
2014-08-06,174.23,174.79,173.25,174.72,27470.0
2014-08-07,174.35,175.01,173.99,173.99,23060.0
2014-08-08,172.33,174.2,172.0,174.16,146050.0
2014-08-11,175.2,176.52,174.78,176.47,39870.0
2014-08-12,176.15,176.39,175.29,175.4,4660.0
2014-08-13,176.27,177.05,176.07,176.89,96560.0
2014-08-14,176.67,177.32,176.67,177.3,14070.0
2014-08-15,177.65,178.26,177.57,176.97,7890.0
2014-08-18,178.27,179.13,178.27,179.06,6740.0
2014-08-19,179.36,179.72,179.27,179.72,9760.0
2014-08-20,179.67,180.15,179.67,180.2,2930.0
2014-08-21,180.4,181.05,180.4,181.0,13940.0
2014-08-22,181.13,181.2,180.59,180.94,14230.0
2014-08-26,182.64,182.64,181.26,182.2,18270.0
2014-08-27,182.58,182.58,181.56,181.79,34640.0
2014-08-28,181.64,181.64,181.04,181.31,41750.0
2014-08-29,181.93,182.24,181.65,182.08,157500.0
2014-09-01,182.0,183.16,181.84,182.02,9570.0
2014-09-02,182.34,182.49,182.0,182.08,5470.0
2014-09-03,182.2,182.78,182.12,182.12,917660.0
2014-09-04,182.58,183.06,181.86,182.54,233800.0
2014-09-05,181.67,181.81,180.62,181.49,11740.0
2014-09-08,182.29,182.53,182.0,182.42,44870.0
2014-09-09,181.07,182.23,181.07,181.51,25740.0
2014-09-10,180.91,181.11,180.4,180.78,160030.0
2014-09-11,181.3,181.42,180.61,181.21,9970.0
2014-09-12,181.76,181.77,180.95,181.09,147680.0
2014-09-15,180.0,180.58,179.91,180.13,355610.0
2014-09-16,180.45,182.15,180.09,181.21,32870.0
2014-09-17,182.44,182.44,181.79,181.83,20340.0
2014-09-18,182.15,183.07,182.12,182.87,34050.0
2014-09-19,183.75,183.78,182.97,183.28,30770.0
2014-09-22,183.2,183.2,181.55,181.73,83220.0
2014-09-23,181.52,181.52,180.77,181.14,174430.0
2014-09-24,180.35,181.25,180.26,181.21,48460.0
2014-09-25,181.48,181.9,179.48,179.78,174780.0
2014-09-26,179.32,179.63,178.9,179.25,21450.0
2014-09-29,180.0,180.13,178.71,180.01,9400.0
2014-09-30,180.32,180.64,179.91,180.65,113790.0
2014-10-01,179.3,179.71,177.98,178.16,224870.0
2014-10-02,177.51,177.72,176.03,176.03,65900.0
2014-10-03,177.83,178.97,177.75,178.84,49490.0
2014-10-06,179.8,179.97,179.24,179.29,39710.0
2014-10-07,178.39,178.42,177.42,177.5,63170.0
2014-10-08,176.54,176.67,175.42,176.26,135420.0
2014-10-09,179.19,179.83,177.84,178.07,172450.0
2014-10-10,175.83,176.2,174.58,174.81,545150.0
2014-10-13,171.23,173.9,171.23,173.09,79980.0
2014-10-14,171.24,172.16,170.5,172.19,56810.0
2014-10-15,171.63,171.63,168.31,168.31,128350.0
2014-10-16,169.18,169.75,166.0,169.75,117070.0
2014-10-17,169.78,172.78,169.78,172.46,91270.0
2014-10-20,172.54,172.62,171.38,172.49,53710.0
2014-10-21,172.68,175.69,172.53,175.79,172480.0
2014-10-22,176.89,177.39,176.56,177.39,96540.0
2014-10-23,176.26,178.3,175.9,177.98,130100.0
2014-10-24,177.37,178.28,177.16,178.21,18280.0
2014-10-27,179.51,179.51,177.97,178.4,117390.0
2014-10-28,179.31,179.98,178.56,179.72,818290.0
2014-10-29,180.8,181.26,180.52,180.47,394520.0
2014-10-30,180.7,181.12,179.4,181.12,40220.0
2014-10-31,183.68,184.51,182.69,183.49,24720.0
2014-11-03,183.45,184.07,183.36,183.84,102780.0
2014-11-04,183.34,183.93,182.44,182.68,110210.0
2014-11-05,183.88,184.47,183.72,184.01,55270.0
2014-11-06,184.05,184.79,183.97,184.79,29180.0
2014-11-07,185.61,185.61,184.86,185.45,14490.0
2014-11-10,184.85,185.82,184.72,185.72,73490.0
2014-11-11,185.99,186.15,185.72,185.97,31460.0
2014-11-12,185.83,185.91,185.31,185.91,33570.0
2014-11-13,186.49,186.59,186.04,186.07,58000.0
2014-11-14,186.08,186.14,185.86,186.03,8440.0
2014-11-17,185.34,185.94,185.3,185.66,60960.0
2014-11-18,186.33,186.91,185.96,186.9,118940.0
2014-11-19,186.86,187.03,186.24,186.39,90350.0
2014-11-20,186.56,187.42,185.92,187.31,74330.0
2014-11-21,187.75,190.03,187.57,188.57,193140.0
2014-11-24,188.29,188.87,188.19,188.57,57230.0
2014-11-25,188.64,189.43,188.54,188.47,28980.0
2014-11-26,189.09,189.15,188.7,188.81,31060.0
2014-11-27,189.14,189.31,188.93,189.2,45550.0
2014-11-28,189.13,189.18,188.76,189.25,25280.0
2014-12-01,187.65,188.11,187.19,187.54,26040.0
2014-12-02,187.65,188.39,187.42,188.3,66300.0
2014-12-03,188.71,189.24,188.56,189.04,27300.0
2014-12-04,189.38,189.49,188.51,188.34,25690.0
2014-12-05,189.31,189.52,189.21,189.41,61350.0
2014-12-08,189.28,189.51,188.89,189.38,11660.0
2014-12-09,187.34,190.98,185.91,186.62,67010.0
2014-12-10,187.85,188.05,186.53,186.53,226080.0
2014-12-11,185.51,187.5,185.29,187.43,24720.0
2014-12-12,185.39,185.45,183.98,183.81,84540.0
2014-12-15,183.18,184.32,181.65,181.65,150030.0
2014-12-16,182.17,184.08,180.0,184.08,89940.0
2014-12-17,180.47,181.68,180.47,181.68,189010.0
2014-12-18,185.01,186.9,184.7,186.27,186410.0
2014-12-19,189.34,189.53,188.45,188.93,118360.0
2014-12-22,190.0,190.0,188.13,189.37,109620.0
2014-12-23,189.72,190.77,189.64,190.3,57460.0
2014-12-24,190.5,190.56,190.06,190.48,19750.0
2014-12-29,192.21,192.21,190.21,191.17,8700.0
2014-12-30,190.69,191.0,190.51,190.57,21610.0
2014-12-31,190.9,190.93,190.63,190.56,33890.0
2015-01-02,189.55,189.55,187.87,187.64,16230.0
2015-01-05,187.3,187.96,185.39,185.39,267800.0
2015-01-06,185.22,185.47,183.98,183.69,150560.0
2015-01-07,183.49,185.06,183.35,184.52,46420.0
2015-01-08,186.43,188.37,186.34,188.19,50750.0
2015-01-09,188.13,188.81,186.56,186.57,82070.0
2015-01-12,187.0,188.11,185.14,185.85,85530.0
2015-01-13,185.32,188.0,185.32,187.56,159480.0
2015-01-14,183.96,184.86,182.45,183.01,79930.0
2015-01-15,185.37,185.37,182.74,182.87,250900.0
2015-01-16,182.5,183.32,181.3,183.18,21360.0
2015-01-19,184.49,185.22,183.84,184.53,19220.0
2015-01-20,185.23,185.81,183.59,184.09,42310.0
2015-01-21,184.89,186.37,184.11,185.92,102410.0
2015-01-22,186.44,187.54,186.0,187.3,41710.0
2015-01-23,188.69,189.02,187.8,188.47,30750.0
2015-01-26,187.05,188.0,186.57,187.46,121820.0
2015-01-27,188.0,188.16,185.07,185.41,66550.0
2015-01-28,187.3,187.3,185.13,185.31,158410.0
2015-01-29,183.44,183.62,182.05,182.78,48820.0
2015-01-30,184.69,184.74,182.77,183.65,191300.0
2015-02-02,183.21,183.49,181.46,183.49,31800.0
2015-02-03,184.93,186.42,183.23,186.06,439180.0
2015-02-04,187.2,187.76,186.6,187.76,186650.0
2015-02-05,186.51,188.36,186.43,188.31,388070.0
2015-02-06,188.59,189.67,188.53,189.35,232380.0
2015-02-09,187.81,188.11,187.18,188.05,200090.0
2015-02-10,187.75,188.77,187.31,188.31,60150.0
2015-02-11,190.23,190.23,188.83,189.29,35160.0
2015-02-12,189.48,190.71,189.28,190.41,55080.0
2015-02-13,191.34,191.89,191.18,191.76,53930.0
2015-02-16,191.77,191.97,191.6,191.94,13660.0
2015-02-17,191.26,191.93,191.0,191.84,25570.0
2015-02-18,192.27,192.4,191.76,192.02,121290.0
2015-02-19,191.84,192.46,191.57,192.46,238370.0
2015-02-20,192.05,192.32,191.29,192.01,172340.0
2015-02-23,192.93,193.31,192.24,193.27,77050.0
2015-02-24,193.32,193.96,193.18,193.83,84320.0
2015-02-25,193.81,193.88,193.62,193.79,132030.0
2015-02-26,193.78,193.93,193.0,193.59,53430.0
2015-02-27,193.35,193.5,193.06,193.41,54040.0
2015-03-02,193.15,193.67,192.75,193.61,51650.0
2015-03-03,193.62,193.81,192.88,192.86,106070.0
2015-03-04,192.85,193.02,191.47,192.1,111900.0
2015-03-05,192.51,192.84,192.26,192.47,135480.0
2015-03-06,192.58,192.84,190.7,190.7,122510.0
2015-03-09,189.67,190.54,189.6,190.29,284260.0
2015-03-10,190.07,190.22,187.95,187.95,86780.0
2015-03-11,187.71,188.32,187.16,187.48,72890.0
2015-03-12,187.7,189.07,187.54,188.8,20770.0
2015-03-13,189.8,189.8,187.25,187.81,159350.0
2015-03-16,188.21,190.48,188.21,190.09,116070.0
2015-03-17,190.48,193.39,189.48,189.77,197890.0
2015-03-18,190.47,190.49,189.43,189.45,58770.0
2015-03-19,192.92,192.93,191.29,191.49,43460.0
2015-03-20,191.86,193.54,191.86,193.46,104680.0
2015-03-23,194.42,194.42,192.8,193.59,107200.0
2015-03-24,192.8,193.39,192.63,192.9,94950.0
2015-03-25,191.99,192.21,190.05,190.05,55660.0
2015-03-26,188.07,189.02,187.36,188.83,206530.0
2015-03-27,189.0,189.89,188.08,188.8,143730.0
2015-03-30,190.42,191.08,189.5,191.0,143660.0
2015-03-31,190.65,191.19,190.07,190.79,197520.0
2015-04-01,188.7,189.79,187.99,188.84,288350.0
2015-04-02,188.54,190.19,188.29,189.86,153540.0
2015-04-07,191.15,191.79,190.84,191.47,323680.0
2015-04-08,190.78,191.59,190.44,191.0,102550.0
2015-04-09,191.0,191.62,190.47,190.8,56480.0
2015-04-10,192.0,192.83,191.17,192.83,75930.0
2015-04-13,192.8,193.39,192.42,193.35,42610.0
2015-04-14,192.75,192.75,191.23,192.03,120740.0
2015-04-15,192.25,193.51,192.25,193.15,59670.0
2015-04-16,193.37,194.01,192.57,193.23,122760.0
2015-04-17,193.25,193.3,190.96,191.28,151060.0
2015-04-20,191.92,193.01,191.92,192.98,136500.0
2015-04-21,193.47,193.82,192.76,192.84,111860.0
2015-04-22,193.11,193.24,191.66,193.0,151880.0
2015-04-23,193.29,193.79,192.47,193.5,119090.0
2015-04-24,194.06,194.53,193.85,194.49,243350.0
2015-04-27,194.77,195.18,194.36,194.76,101520.0
2015-04-28,193.8,193.8,192.69,193.68,175270.0
2015-04-29,194.25,194.54,193.04,193.49,166830.0
2015-04-30,193.49,193.49,191.24,192.9,224020.0
2015-05-01,192.81,192.94,191.82,192.7,18200.0
2015-05-05,193.93,194.46,192.63,192.63,24050.0
2015-05-06,192.17,192.84,191.03,191.47,133320.0
2015-05-07,189.49,191.83,189.49,191.83,65920.0
2015-05-08,192.59,194.44,192.16,194.44,263220.0
2015-05-11,194.22,194.61,193.98,194.24,71650.0
2015-05-12,193.11,193.11,191.66,192.91,130290.0
2015-05-13,193.45,194.91,192.82,192.99,77660.0
2015-05-14,193.15,194.37,192.96,194.31,74000.0
2015-05-15,195.44,195.48,194.69,194.81,76620.0
2015-05-18,194.65,195.55,194.55,195.55,52150.0
2015-05-19,196.11,196.47,195.5,195.92,97180.0
2015-05-20,195.71,195.85,195.42,195.58,94820.0
2015-05-21,195.25,196.2,194.68,196.2,52960.0
2015-05-22,196.23,196.23,195.64,195.75,112590.0
2015-05-26,195.65,195.7,193.62,193.82,16920.0
2015-05-27,193.87,194.8,193.61,194.79,53970.0
2015-05-28,194.94,195.24,194.5,194.86,130690.0
2015-05-29,195.07,195.38,193.73,193.84,183650.0
2015-06-01,194.63,194.83,193.52,193.86,117140.0
2015-06-02,194.26,194.26,192.94,193.92,133470.0
2015-06-03,194.53,195.22,194.14,194.97,137450.0
2015-06-04,194.56,194.59,193.39,193.48,79920.0
2015-06-05,193.31,193.56,192.13,192.96,268780.0
2015-06-08,192.74,192.74,192.04,192.07,96240.0
2015-06-09,191.65,191.7,190.64,191.68,114160.0
2015-06-10,191.76,194.0,191.5,193.84,150580.0
2015-06-11,193.92,194.74,193.79,194.26,192230.0
2015-06-12,194.01,194.24,192.61,193.21,70810.0
2015-06-15,192.34,192.5,190.87,191.6,53150.0
2015-06-16,191.32,195.0,190.86,192.5,131540.0
2015-06-17,193.48,193.85,192.67,193.05,53710.0
2015-06-18,193.19,195.48,192.79,195.44,111530.0
2015-06-19,195.72,195.8,194.97,195.13,79250.0
2015-06-22,195.38,196.23,195.27,196.16,69590.0
2015-06-23,196.08,196.08,195.43,195.48,50290.0
2015-06-24,195.71,195.76,195.01,195.29,71210.0
2015-06-25,194.37,195.36,194.2,194.84,85180.0
2015-06-26,193.7,194.24,193.53,194.03,52340.0
2015-06-29,191.44,192.68,191.44,191.47,133660.0
2015-06-30,191.63,191.63,190.07,190.14,111530.0
2015-07-01,190.97,192.21,190.9,191.4,67790.0
2015-07-02,191.8,192.28,191.3,191.4,87280.0
2015-07-03,191.56,191.64,191.02,191.12,22210.0
2015-07-06,189.9,191.59,189.72,190.78,80270.0
2015-07-07,191.99,192.26,188.45,188.45,299090.0
2015-07-08,188.8,190.82,188.8,189.59,113580.0
2015-07-09,189.92,191.3,189.8,190.36,111200.0
2015-07-10,190.98,191.37,190.55,191.25,89990.0
2015-07-13,192.18,193.34,191.25,193.31,110830.0
2015-07-14,193.69,194.34,193.37,194.3,153500.0
2015-07-15,194.62,194.85,194.28,194.71,60340.0
2015-07-16,195.09,195.61,195.09,195.61,89610.0
2015-07-17,195.86,195.97,195.44,195.69,83190.0
2015-07-20,195.72,196.35,195.72,196.19,82480.0
2015-07-21,196.37,196.42,195.34,195.46,88130.0
2015-07-22,194.85,195.32,194.53,194.8,50180.0
2015-07-23,195.42,195.42,194.57,194.59,70330.0
2015-07-24,194.19,194.58,192.89,193.03,54850.0
2015-07-27,192.01,192.05,190.28,190.85,146560.0
2015-07-28,191.93,192.2,190.85,191.9,304320.0
2015-07-29,193.44,194.1,193.08,194.1,204060.0
2015-07-30,194.21,194.52,193.22,193.94,148430.0
2015-07-31,194.66,195.09,194.07,194.8,83320.0
2015-08-03,194.07,194.52,193.45,194.11,66690.0
2015-08-04,193.38,193.83,192.87,193.41,51900.0
2015-08-05,193.23,194.83,193.09,194.71,51230.0
2015-08-06,193.69,194.1,192.1,192.1,96440.0
2015-08-07,192.26,192.45,190.92,190.92,110250.0
2015-08-10,192.41,193.89,191.69,193.75,103360.0
2015-08-11,193.52,193.71,192.1,192.15,90060.0
2015-08-12,191.35,192.15,189.42,190.16,145380.0
2015-08-13,193.38,193.41,191.8,192.41,101740.0
2015-08-14,192.55,192.76,191.84,192.29,63300.0
2015-08-17,193.32,193.67,191.93,193.54,59220.0
2015-08-18,194.0,194.23,193.64,193.81,75070.0
2015-08-19,193.32,193.46,191.39,191.44,64360.0
2015-08-20,191.49,195.5,189.55,189.96,82800.0
2015-08-21,186.83,189.96,184.48,184.64,78140.0
2015-08-24,178.23,182.0,168.0,176.41,271270.0
2015-08-25,176.62,180.3,175.32,179.48,421960.0
2015-08-26,175.1,177.85,174.24,174.58,271990.0
2015-08-27,180.04,189.25,179.95,182.39,210130.0
2015-08-28,183.21,184.19,181.92,184.19,159210.0
2015-09-01,179.61,179.66,177.28,178.75,355660.0
2015-09-02,178.8,179.56,177.49,178.08,280670.0
2015-09-03,180.14,182.59,180.14,181.93,138080.0
2015-09-04,179.61,179.61,177.04,177.66,206560.0
2015-09-07,177.55,179.76,177.55,178.97,156340.0
2015-09-08,180.13,181.45,180.12,180.3,152960.0
2015-09-09,183.54,184.25,182.05,182.24,98640.0
2015-09-10,180.37,181.75,179.0,179.88,129050.0
2015-09-11,180.71,180.71,179.33,179.63,41760.0
2015-09-14,181.3,182.09,180.28,180.28,51760.0
2015-09-15,180.56,182.11,180.08,181.95,31100.0
2015-09-16,183.41,184.04,182.75,183.96,47230.0
2015-09-17,184.12,184.78,184.12,184.6,143730.0
2015-09-18,183.98,184.15,181.52,182.19,109520.0
2015-09-21,181.24,182.98,180.85,182.78,88000.0
2015-09-22,181.55,181.73,178.76,178.98,81300.0
2015-09-23,179.51,180.56,178.61,179.31,50060.0
2015-09-24,178.75,179.78,176.68,176.86,28410.0
2015-09-25,179.54,181.33,176.86,180.24,150010.0
2015-09-28,179.21,179.21,175.53,175.53,48930.0
2015-09-29,173.91,175.71,173.5,174.63,93240.0
2015-09-30,176.08,177.23,174.31,176.94,188350.0
2015-10-01,179.49,179.52,176.6,176.9,137130.0
2015-10-02,178.56,179.01,175.25,177.29,72220.0
2015-10-05,180.73,182.98,180.43,182.78,56520.0
2015-10-06,182.78,184.33,182.64,183.72,29000.0
2015-10-07,183.89,185.16,183.04,183.59,47950.0
2015-10-08,183.48,184.63,183.4,184.5,45780.0
2015-10-09,186.72,187.16,185.84,186.72,36530.0
2015-10-12,186.8,187.02,186.19,186.61,25960.0
2015-10-13,186.73,187.12,185.77,186.82,16350.000000000002
2015-10-14,185.36,186.06,177.03,184.76,62740.0
2015-10-15,185.72,185.91,185.16,185.6,89690.0
2015-10-16,187.44,188.0,187.23,187.77,52240.0
2015-10-19,188.19,188.36,187.25,188.13,58360.0
2015-10-20,188.26,188.81,187.66,188.35,73500.0
2015-10-21,188.32,188.85,187.75,188.5,66470.0
2015-10-22,187.26,189.46,187.04,189.31,144750.0
2015-10-23,190.88,192.65,190.75,191.31,77060.0
2015-10-26,191.7,193.79,191.2,191.69,20690.0
2015-10-27,191.51,191.74,190.86,190.89,43700.0
2015-10-28,191.6,192.93,191.45,192.48,48390.0
2015-10-29,193.18,193.55,192.62,193.49,59260.0
2015-10-30,194.17,194.34,193.14,193.6,54770.0
2015-11-02,193.25,194.03,191.76,193.78,646050.0
2015-11-03,194.92,195.04,190.93,195.04,145680.0
2015-11-04,195.38,196.04,194.43,194.43,108400.0
2015-11-05,194.91,195.6,193.68,194.17,70950.0
2015-11-06,194.54,194.98,193.12,193.56,101040.0
2015-11-09,194.28,194.29,191.94,191.93,119350.0
2015-11-10,192.7,192.86,191.9,192.39,119710.0
2015-11-11,193.08,193.87,192.35,192.75,104290.0
2015-11-12,192.9,192.9,190.86,190.95,84140.0
2015-11-13,190.3,190.3,187.91,188.38,86630.0
2015-11-16,187.55,188.61,187.2,187.71,173230.0
2015-11-17,190.33,191.55,190.12,191.41,85850.0
2015-11-18,189.91,192.27,189.87,191.91,81700.0
2015-11-19,194.17,194.17,193.07,193.4,69620.0
2015-11-20,193.72,194.56,193.28,194.15,43510.0
2015-11-23,194.0,194.4,193.48,194.23,37650.0
2015-11-24,193.79,193.79,192.0,193.09,239870.0
2015-11-25,193.71,194.34,193.47,193.96,88400.0
2015-11-26,194.47,194.9,193.82,194.68,33910.0
2015-11-27,193.94,194.25,193.52,194.12,109560.0
2015-11-30,193.87,194.58,193.5,193.57,126530.0
2015-12-01,194.25,194.73,193.68,194.26,183570.0
2015-12-02,195.55,196.12,194.59,194.59,151810.0
2015-12-03,193.86,194.65,191.97,192.18,226980.0
2015-12-04,191.6,192.9,190.29,192.58,108640.0
2015-12-07,193.61,195.31,191.9,191.97,153570.0
2015-12-08,192.72,192.98,190.54,191.37,98510.0
2015-12-09,191.88,192.92,190.54,191.97,118940.0
2015-12-10,190.22,191.97,190.0,190.86,101220.0
2015-12-11,190.47,190.94,187.85,187.99,62610.0
2015-12-14,187.05,188.56,185.5,185.5,129670.0
2015-12-15,187.87,190.44,187.87,189.95,154190.0
2015-12-16,190.62,191.37,190.2,190.13,92230.0
2015-12-17,192.11,193.37,190.3,190.44,273720.0
2015-12-18,187.64,189.23,187.54,188.0,131410.0
2015-12-21,186.79,188.03,186.62,186.62,88620.0
2015-12-22,188.72,188.72,187.56,188.22,79670.0
2015-12-23,189.85,191.25,188.22,191.22,127800.0
2015-12-24,191.46,191.61,191.19,191.61,44950.0
2015-12-29,191.27,192.99,191.27,192.96,96580.0
2015-12-30,193.25,193.26,192.44,192.76,67740.0
2015-12-31,191.8,191.94,191.72,191.53,10760.0
2016-01-04,187.83,188.06,184.98,185.42,286590.0
2016-01-05,187.83,187.94,186.07,187.29,203940.0
2016-01-06,186.32,187.29,184.14,186.03,395850.0
2016-01-07,182.21,183.72,180.39,183.05,351430.0
2016-01-08,182.4,183.35,179.98,179.98,301950.0
2016-01-11,178.54,180.02,177.95,178.03,153360.0
2016-01-12,178.08,181.04,177.79,178.94,189080.0
2016-01-13,181.06,181.71,179.64,180.2,265300.0
2016-01-14,177.13,178.19,174.88,177.32,67150.0
2016-01-15,177.26,177.41,172.39,174.76,130990.0
2016-01-18,174.94,176.24,174.48,174.77,106390.0
2016-01-19,177.49,178.0,174.77,175.96,96770.0
2016-01-20,172.1,172.92,169.77,170.44,218380.0
2016-01-21,172.36,174.97,170.09,174.3,249450.0
2016-01-22,175.84,177.41,173.86,176.6,177870.0
2016-01-25,177.35,177.35,175.81,176.29,188250.0
2016-01-26,173.42,176.76,173.1,176.32,164290.0
2016-01-27,176.07,177.45,175.62,177.17,64200.0
2016-01-28,176.27,177.39,174.07,175.26,658320.0
2016-01-29,177.83,178.38,175.26,178.21,452390.0
2016-02-01,179.94,179.94,178.44,179.76,257440.0
2016-02-02,179.57,179.6,177.61,178.24,195630.0
2016-02-03,177.71,178.41,174.74,175.77,263120.0
2016-02-04,179.13,179.32,176.66,177.8,110990.0
2016-02-05,177.71,178.69,175.11,175.49,151000.0
2016-02-08,175.8,175.94,170.65,171.28,205530.0
2016-02-09,172.42,173.36,170.64,172.52,293600.0
2016-02-10,173.06,175.29,172.45,173.65,450880.0
2016-02-11,171.57,171.65,168.48,169.18,292980.0
2016-02-12,171.37,173.09,171.22,173.0,354170.0
2016-02-15,175.4,176.4,175.13,175.82,74510.0
2016-02-16,176.54,176.58,174.77,175.13,414290.0
2016-02-17,175.93,179.37,175.89,179.37,107780.0
2016-02-18,179.95,180.49,178.63,178.89,219130.0
2016-02-19,178.96,179.52,177.33,178.77,144320.0
2016-02-22,180.33,181.4,180.27,181.06,440730.0
2016-02-23,180.28,180.84,179.23,179.35,241790.0
2016-02-24,179.0,179.21,176.49,176.75,151940.0
2016-02-25,179.8,180.71,176.75,180.22,78050.0
2016-02-26,182.84,183.87,180.0,182.22,106280.0
2016-02-29,180.19,182.2,180.0,182.2,123120.0
2016-03-01,180.6,183.1,180.6,183.1,63840.0
2016-03-02,184.62,184.98,183.7,184.54,101570.0
2016-03-03,185.18,185.44,184.5,184.5,118820.0
2016-03-04,185.9,187.02,185.42,186.8,80370.0
2016-03-07,185.9,186.6,185.4,186.6,99540.0
2016-03-08,185.53,186.15,184.67,185.25,142190.0
2016-03-09,185.3,186.05,184.82,185.6,91740.0
2016-03-10,185.67,187.4,184.36,184.36,159500.0
2016-03-11,187.3,188.22,187.11,188.22,144740.0
2016-03-14,188.4,188.76,187.96,188.51,251400.0
2016-03-15,187.72,188.53,187.21,187.7,680880.0
2016-03-16,188.4,188.58,187.44,188.3,275590.0
2016-03-17,189.97,190.4,188.16,190.4,242920.0
2016-03-18,190.5,191.57,190.21,191.26,392940.0
2016-03-21,190.5,191.65,190.48,191.24,125820.0
2016-03-22,190.8,191.61,190.38,191.6,208210.0
2016-03-23,191.51,191.78,190.32,190.82,98420.0
2016-03-24,189.75,189.93,188.78,189.24,224480.0
2016-03-29,189.18,190.65,189.18,189.95,109100.0
2016-03-30,192.3,193.48,192.22,192.95,56530.0
2016-03-31,192.4,193.0,192.01,192.76,320460.0
2016-04-01,191.79,192.65,190.91,192.65,406240.0
2016-04-04,193.59,194.2,193.01,193.2,71950.0
2016-04-05,191.91,192.09,190.91,191.38,222800.0
2016-04-06,191.86,192.17,190.83,192.17,217270.0
2016-04-07,193.01,193.08,190.98,191.2,220380.0
2016-04-08,191.64,192.45,191.56,191.87,283280.0
2016-04-11,191.18,192.71,190.71,191.9,394650.0
2016-04-12,191.16,192.3,190.6,192.25,184570.0
2016-04-13,193.09,194.13,193.05,194.09,158680.0
2016-04-14,194.2,194.89,194.01,194.84,160660.0
2016-04-15,194.56,194.6,194.19,194.5,210640.0
2016-04-18,193.11,195.34,193.07,195.23,156870.0
2016-04-19,195.99,196.64,195.99,196.22,72030.0
2016-04-20,195.78,196.78,195.54,196.73,103540.0
2016-04-21,196.87,197.02,195.94,196.17,182750.0
2016-04-22,195.62,195.64,194.54,194.9,388870.0
2016-04-25,195.32,195.43,194.21,194.54,64930.00000000001
2016-04-26,195.39,195.96,195.19,195.25,68860.0
2016-04-27,195.35,195.47,194.7,195.29,136930.0
2016-04-28,194.6,196.1,194.08,196.08,83310.0
2016-04-29,194.26,194.45,192.14,192.14,95100.0
2016-05-03,194.22,194.24,192.19,192.18,97920.0
2016-05-04,192.47,192.88,191.44,191.47,172400.0
2016-05-05,192.54,192.8,191.74,192.09,70890.0
2016-05-06,191.39,191.81,190.44,191.4,223810.0
2016-05-09,192.69,193.02,192.15,192.23,78950.0
2016-05-10,193.43,194.32,192.23,194.09,94830.0
2016-05-11,194.46,194.92,194.09,194.23,362630.0
2016-05-12,193.14,194.25,192.32,192.49,315790.0
2016-05-13,192.01,193.43,192.01,193.24,127610.0
2016-05-16,191.72,192.91,191.52,192.91,79390.0
2016-05-17,193.61,193.92,192.48,192.69,211040.0
2016-05-18,191.56,192.25,190.81,192.09,69930.0
2016-05-19,191.18,191.34,189.67,189.78,112300.0
2016-05-20,191.51,192.65,191.42,192.65,71330.0
2016-05-23,192.18,192.63,191.81,192.3,43710.0
2016-05-24,191.43,194.22,191.39,194.16,128990.0
2016-05-25,195.1,196.11,194.89,195.66,362390.0
2016-05-26,195.54,196.02,195.54,195.75,181320.0
2016-05-27,195.88,196.31,195.83,196.36,171400.0
2016-05-31,196.99,197.03,196.35,196.42,92150.0
2016-06-01,196.36,196.42,195.43,196.14,69830.0
2016-06-02,196.37,196.59,195.93,196.3,141280.0
2016-06-03,197.21,197.33,195.48,195.91,200010.0
2016-06-06,196.66,198.36,196.66,197.58,46990.0
2016-06-07,197.89,198.4,197.74,198.4,72070.0
2016-06-08,197.82,198.56,197.72,198.1,48740.0
2016-06-09,198.22,198.24,197.66,197.71,96150.0
2016-06-10,197.79,197.81,196.57,196.96,79460.0
2016-06-13,196.04,197.54,195.72,195.99,212540.0
2016-06-14,194.72,195.04,193.59,193.85,71650.0
2016-06-15,194.66,195.34,194.24,194.95,95280.0
2016-06-16,192.75,194.71,192.32,193.28,420640.0
2016-06-17,194.54,194.89,193.46,193.57,174400.0
2016-06-20,196.28,196.94,196.04,196.61,56120.0
2016-06-21,195.96,196.37,195.41,195.62,203070.0
2016-06-22,196.15,196.91,195.76,196.85,329190.0
2016-06-23,196.36,197.87,196.36,197.55,46710.0
2016-06-24,183.5,194.15,183.5,192.82,716010.0
2016-06-27,189.99,190.46,187.1,187.49,269510.0
2016-06-28,188.67,190.14,187.58,189.25,112480.0
2016-06-29,191.67,193.66,190.87,193.66,387090.0
2016-06-30,194.26,195.42,193.85,195.35,323070.0
2016-07-01,196.64,197.81,196.03,197.4,168050.0
2016-07-04,197.91,197.92,197.5,197.5,33420.0
2016-07-05,196.77,197.5,195.67,195.87,256670.00000000003
2016-07-06,195.39,196.29,194.68,195.87,219210.0
2016-07-07,197.23,197.93,196.89,197.13,153500.0
2016-07-08,196.75,199.39,196.75,199.38,141200.0
2016-07-11,200.35,200.86,200.07,200.83,278260.0
2016-07-12,200.97,201.97,200.9,201.97,163010.0
2016-07-13,201.85,202.53,201.66,201.66,85860.0
2016-07-14,202.91,203.7,202.91,203.24,92500.0
2016-07-15,202.7,203.73,202.63,202.85,139930.0
2016-07-18,203.28,203.54,202.76,203.33,497220.0
2016-07-19,203.05,204.84,202.52,203.05,317280.0
2016-07-20,203.66,206.5,203.31,204.26,161080.0
2016-07-21,204.19,204.19,203.69,203.94,197500.0
2016-07-22,203.28,203.71,203.11,203.6,225200.0
2016-07-25,203.97,204.22,203.06,203.26,186110.0
2016-07-26,203.61,203.89,202.84,203.12,66700.0
2016-07-27,203.95,204.2,203.27,203.32,60940.0
2016-07-28,203.66,204.13,202.87,202.94,302060.0
2016-07-29,203.5,204.17,203.11,204.17,168600.0
2016-08-01,204.85,204.95,203.71,204.36,188820.0
2016-08-02,204.11,204.16,202.05,202.32,287960.0
2016-08-03,202.55,202.91,202.09,202.76,48890.0
2016-08-04,203.14,204.01,202.83,203.34,96790.0
2016-08-05,203.59,204.97,201.15,204.96,129420.0
2016-08-08,205.0,205.52,204.84,204.97,395900.0
2016-08-09,204.83,205.6,204.77,205.43,296310.0
2016-08-10,204.86,205.43,204.4,204.45,371410.0
2016-08-11,205.04,205.47,204.58,205.42,58090.0
2016-08-12,205.42,205.62,205.01,205.49,62630.0
2016-08-15,205.5,206.23,205.46,206.22,71560.0
2016-08-16,205.61,205.79,205.05,205.13,42900.0
2016-08-17,205.24,205.3,204.06,204.07,32350.0
2016-08-18,206.78,206.78,204.93,205.55,81640.0
2016-08-19,205.61,205.61,204.58,205.23,197880.0
2016-08-22,205.09,205.64,204.7,204.84,49400.0
2016-08-23,205.51,206.31,205.51,206.07,231860.0
2016-08-24,205.47,205.96,205.18,205.32,93030.0
2016-08-25,204.75,205.32,204.27,204.87,127980.0
2016-08-26,204.73,205.74,204.54,205.56,27500.0
2016-08-30,205.28,205.45,200.25,204.6,307250.0
2016-08-31,204.7,204.84,203.88,204.08,122600.0
2016-09-01,204.79,204.94,203.11,203.44,126290.0
2016-09-02,204.16,205.62,203.92,205.06,56580.0
2016-09-05,205.35,205.48,204.89,204.93,32060.000000000004
2016-09-06,205.32,205.42,204.75,205.16,106680.0
2016-09-07,205.74,205.95,205.33,205.41,115820.0
2016-09-08,205.68,206.17,204.99,205.48,193690.0
2016-09-09,204.95,204.98,202.79,203.01,111150.0
2016-09-12,198.9,201.22,198.5,201.19,240940.0
2016-09-13,202.22,202.28,200.09,200.09,122210.0
2016-09-14,201.12,201.58,200.22,200.76,81990.0
2016-09-15,199.75,202.0,199.56,202.0,83880.0
2016-09-16,201.6,202.0,200.77,201.09,151310.0
2016-09-19,202.34,202.86,202.25,202.54,48760.0
2016-09-20,202.05,202.57,201.27,201.99,167040.0
2016-09-21,202.47,202.55,201.95,202.11,33970.0
2016-09-22,203.72,205.2,203.72,204.94,58660.0
2016-09-23,204.87,205.07,204.38,204.59,53120.0
2016-09-26,203.6,203.6,202.47,202.48,115590.0
2016-09-27,203.48,203.58,201.76,203.0,118870.0
2016-09-28,203.57,203.97,202.8,202.82,85550.0
2016-09-29,204.68,204.74,203.81,204.12,109600.0
2016-09-30,202.37,204.51,201.97,204.43,221450.0
2016-10-03,204.1,204.43,202.69,203.59,179100.0
2016-10-04,203.64,204.22,203.13,203.65,65019.99999999999
2016-10-05,202.76,203.77,202.6,203.7,130360.0
2016-10-06,203.71,203.79,202.72,203.13,50850.0
2016-10-07,203.48,204.07,202.87,202.88,266790.0
2016-10-10,203.41,204.57,203.26,204.39,264160.0
2016-10-11,203.69,203.89,201.82,201.93,35620.0
2016-10-12,201.72,201.92,201.09,201.71,45820.0
2016-10-13,200.34,200.48,198.91,200.48,63890.0
2016-10-14,200.92,202.58,200.92,201.6,207340.0
2016-10-17,200.54,201.22,200.36,200.85,103530.0
2016-10-18,201.55,202.27,201.38,201.87,364930.0
2016-10-19,201.63,202.45,201.22,202.33,188480.0
2016-10-20,202.34,202.5,201.15,201.53,419010.0
2016-10-21,201.74,201.92,200.88,201.44,179820.0
2016-10-24,202.37,203.15,202.37,202.87,54380.0
2016-10-25,202.99,203.29,202.02,202.31,231220.0
2016-10-26,201.78,202.35,201.0,202.31,1130000.0
2016-10-27,201.82,202.69,201.24,201.57,332410.0
2016-10-28,200.73,201.81,200.2,201.75,392830.0
2016-10-31,201.24,201.43,200.54,201.07,170620.0
2016-11-01,201.19,201.27,199.2,199.22,57950.0
2016-11-02,198.47,199.12,198.28,198.48,88190.0
2016-11-03,197.48,198.42,197.4,197.61,356140.0
2016-11-04,197.21,198.03,196.8,197.93,663590.0
2016-11-07,199.47,200.63,196.75,200.63,757670.0
2016-11-08,201.04,202.01,200.49,202.01,188090.0
2016-11-09,196.86,203.55,196.5,203.55,373190.0
2016-11-10,205.33,206.08,201.97,203.96,404460.0
2016-11-11,205.05,205.23,203.41,203.6,228910.0
2016-11-14,205.29,205.66,203.86,204.04,121700.0
2016-11-15,204.93,205.16,204.43,205.02,155830.0
2016-11-16,205.88,206.5,205.19,205.59,286120.0
2016-11-17,205.3,206.28,202.26,206.28,202920.0
2016-11-18,206.58,206.77,205.91,206.08,284350.0
2016-11-21,206.64,207.23,206.19,207.2,923760.0
2016-11-22,208.19,208.3,207.41,207.41,253590.0
2016-11-23,208.24,208.39,207.39,207.64,241930.0
2016-11-24,208.13,208.68,207.96,208.68,15530.0
2016-11-25,208.5,208.82,208.32,208.79,90800.0
2016-11-28,208.43,208.92,208.09,208.53,124590.0
2016-11-29,208.26,208.68,207.88,208.68,37210.0
2016-11-30,208.54,209.67,208.51,208.66,85420.0
2016-12-01,207.93,208.33,207.49,207.72,204550.0
2016-12-02,207.14,207.79,206.67,207.6,203270.0
2016-12-05,207.36,208.83,207.23,208.57,63750.0
2016-12-06,208.37,208.85,208.2,208.49,110100.0
2016-12-07,209.34,209.48,208.77,209.48,74100.0
2016-12-08,211.64,212.21,211.38,212.03,154450.0
2016-12-09,212.54,213.29,212.39,213.06,195310.0
2016-12-12,213.64,214.02,213.39,213.67,62070.0
2016-12-13,213.64,215.0,213.56,214.66,215900.0
2016-12-14,214.81,215.1,214.41,214.41,248830.0
2016-12-15,213.79,214.98,213.12,214.59,415040.0
2016-12-16,214.24,214.62,213.58,213.59,653450.0
2016-12-19,214.23,214.46,213.61,214.21,681660.0
2016-12-20,214.34,215.0,214.28,214.88,119920.0
2016-12-21,214.68,214.91,214.5,214.59,177460.0
2016-12-22,214.0,214.34,213.7,213.76,261830.0
2016-12-23,214.33,214.38,213.96,213.96,51400.0
2016-12-28,214.85,215.09,213.85,214.16,447020.0
2016-12-29,212.93,213.4,212.77,212.94,139890.0
2016-12-30,213.44,213.57,213.28,213.41,250060.0
2017-01-03,213.4,214.32,212.98,213.14,447820.0
2017-01-04,213.96,214.79,213.14,214.77,219920.0
2017-01-05,214.61,215.0,214.31,214.31,109160.0
2017-01-06,214.67,215.46,214.49,215.46,214290.0
2017-01-09,215.87,215.94,215.0,215.36,52670.0
2017-01-10,214.95,215.57,214.56,215.43,169400.0
2017-01-11,214.84,215.37,214.5,214.5,161910.0
2017-01-12,214.75,215.07,213.5,213.92,87850.0
2017-01-13,215.03,215.79,214.94,215.74,121080.0
2017-01-16,215.13,215.39,215.05,215.18,32900.0
2017-01-17,214.99,215.18,214.5,214.86,63530.0
2017-01-18,215.14,215.3,214.45,215.0,166780.0
2017-01-19,215.07,215.35,214.0,214.92,155860.0
2017-01-20,214.92,215.61,214.84,215.41,138590.0
2017-01-23,214.53,215.11,214.1,214.3,65260.00000000001
2017-01-24,214.68,215.24,214.54,215.2,56960.0
2017-01-25,216.32,217.55,216.19,217.22,129900.0
2017-01-26,218.14,218.19,217.58,217.71,101060.0
2017-01-27,217.99,217.99,217.13,217.3,1430000.0
2017-01-30,216.83,217.37,214.85,215.22,1240000.0
2017-01-31,215.49,215.88,214.82,214.82,115770.0
2017-02-01,216.15,216.89,215.7,215.7,91910.0
2017-02-02,215.19,216.38,215.12,216.12,92560.0
2017-02-03,216.17,217.78,216.06,217.55,67520.0
2017-02-06,217.56,217.85,217.02,217.43,51820.0
2017-02-07,217.1,217.89,217.06,217.51,146330.0
2017-02-08,217.4,217.54,216.67,217.41,53300.0
2017-02-09,217.53,218.97,217.45,218.97,128810.0
2017-02-10,219.25,219.52,218.89,219.27,36810.0
2017-02-13,219.85,220.73,219.76,220.62,160550.0
2017-02-14,220.73,220.96,220.37,220.75,263680.0
2017-02-15,221.94,222.39,221.38,222.3,1390000.0
2017-02-16,222.95,223.14,221.87,222.37,1620000.0
2017-02-17,222.53,222.53,221.89,222.18,152390.0
2017-02-20,223.52,223.52,223.09,223.49,42230.0
2017-02-21,223.12,224.42,223.12,223.93,70950.0
2017-02-22,224.26,224.4,223.67,224.11,70790.0
2017-02-23,224.12,224.73,223.49,223.97,455750.0
2017-02-24,224.06,224.32,223.18,223.71,498880.0
2017-02-27,224.92,225.04,224.11,224.69,44270.0
2017-02-28,224.77,224.88,224.45,224.64,228500.0
2017-03-01,224.86,227.18,224.86,227.18,214120.0
2017-03-02,227.18,227.43,222.1,226.43,346410.0
2017-03-03,225.63,226.18,225.39,225.75,122640.0
2017-03-06,225.37,225.67,224.8,225.04,56570.0
2017-03-07,225.44,225.53,224.83,224.93,278670.0
2017-03-08,224.39,225.26,224.37,224.9,329390.0
2017-03-09,224.62,225.03,224.13,224.8,301950.0
2017-03-10,225.38,225.99,224.95,225.14,123580.0
2017-03-13,225.28,225.48,225.01,225.21,34830.0
2017-03-14,225.51,225.51,224.13,224.42,173720.0
2017-03-15,225.3,225.72,225.05,225.72,100020.0
2017-03-16,227.21,227.21,225.88,226.34,171930.0
2017-03-17,226.1,226.51,225.95,226.27,309040.0
2017-03-20,225.65,226.09,225.52,225.81,99760.0
2017-03-21,226.15,226.25,223.4,223.85,137770.0
2017-03-22,221.3,223.37,221.24,222.99,211500.0
2017-03-23,223.18,224.16,222.8,224.11,118520.0
2017-03-24,223.14,223.78,222.83,223.37,66860.0
2017-03-27,220.95,222.25,220.68,222.25,82840.0
2017-03-28,222.91,223.48,222.15,223.44,182480.0
2017-03-29,224.09,224.53,223.63,224.27,128840.0
2017-03-30,224.59,225.24,224.03,225.11,78570.0
2017-03-31,224.53,225.11,224.43,225.06,109630.0
2017-04-03,224.98,224.98,223.17,223.29,201250.0
2017-04-04,223.79,224.23,223.32,224.16,65860.0
2017-04-05,224.05,226.0,224.02,225.49,102050.0
2017-04-06,223.06,224.45,222.88,224.38,109250.0
2017-04-07,223.52,224.47,223.41,224.09,187450.0
2017-04-10,224.3,225.0,223.83,224.16,117590.0
2017-04-11,223.69,224.14,222.25,222.7,863430.0
2017-04-12,223.85,224.34,222.7,223.08,129360.0
2017-04-13,223.07,223.37,222.18,223.22,197150.0
2017-04-18,223.5,223.51,221.48,222.61,93870.0
2017-04-19,222.95,223.7,222.94,223.53,140950.0
2017-04-20,222.51,223.43,222.46,223.43,114680.0
2017-04-21,224.34,224.39,223.54,223.77,263700.0
2017-04-24,225.82,226.44,225.4,225.5,247550.0
2017-04-25,226.08,227.37,225.89,227.16,292060.0
2017-04-26,227.22,228.08,226.98,228.07,185210.0
2017-04-27,227.18,227.43,226.79,226.99,201810.0
2017-04-28,227.25,227.62,226.86,226.94,91590.0
2017-05-02,227.4,227.58,227.04,227.23,160720.0
2017-05-03,227.08,227.14,226.45,226.85,171210.0
2017-05-04,227.48,227.88,227.02,227.38,255460.0
2017-05-05,227.03,227.89,227.03,227.59,132290.0
2017-05-08,228.25,228.48,227.8,227.97,668360.0
2017-05-09,228.23,228.71,228.14,228.4,107100.0
2017-05-10,227.74,228.3,227.55,228.25,354970.0
2017-05-11,228.13,228.41,226.75,227.37,560910.0
2017-05-12,227.53,227.99,227.26,227.67,149460.0
2017-05-15,228.23,228.94,227.74,228.83,491430.0
2017-05-16,228.57,229.09,228.15,228.51,832820.0
2017-05-17,227.15,228.64,225.62,225.98,189190.0
2017-05-18,225.54,225.63,223.54,225.4,553350.0
2017-05-19,225.35,227.09,225.2,227.0,103970.0
2017-05-22,227.27,227.89,226.77,227.8,221270.0
2017-05-23,227.69,228.57,227.69,228.57,84060.0
2017-05-24,228.43,228.84,228.4,228.78,150390.0
2017-05-25,229.85,230.37,229.45,230.19,152790.0
2017-05-26,230.09,230.31,229.66,230.21,200410.0
2017-05-30,229.87,230.09,229.59,229.99,192420.0
2017-05-31,230.09,230.43,229.2,229.4,206380.0
2017-06-01,230.0,230.53,229.89,230.49,158090.0
2017-06-02,232.17,232.39,231.61,232.06,150840.0
2017-06-05,232.28,232.56,232.18,232.25,139030.0
2017-06-06,231.78,232.13,231.45,231.94,113470.0
2017-06-07,231.86,232.17,231.55,231.74,1110000.0
2017-06-08,232.04,232.36,231.55,232.04,249640.0
2017-06-09,232.21,233.31,232.12,233.07,128490.0
2017-06-12,231.51,231.56,230.94,231.43,54840.0
2017-06-13,232.06,232.52,231.94,232.21,120640.0
2017-06-14,232.62,233.2,232.38,232.55,138310.0
2017-06-15,232.0,232.0,230.78,231.78,139610.0
2017-06-16,232.47,232.67,231.13,231.63,130300.0
2017-06-19,232.8,233.99,232.12,233.65,180190.0
2017-06-20,234.07,234.07,233.21,233.22,162460.0
2017-06-21,232.47,232.96,232.0,232.42,79060.0
2017-06-22,232.38,232.92,231.92,232.77,132060.0
2017-06-23,232.57,232.81,232.0,232.75,67110.0
2017-06-26,232.9,233.8,232.73,232.74,311010.0
2017-06-27,232.48,232.82,232.2,232.69,323220.0
2017-06-28,231.15,232.75,230.77,232.62,683290.0
2017-06-29,232.92,233.58,231.26,231.26,234620.0
2017-06-30,231.18,231.97,230.87,231.37,134700.0
2017-07-03,231.82,232.82,231.82,232.64,79220.0
2017-07-04,231.55,232.32,231.54,231.94,50530.0
2017-07-05,231.84,232.17,231.27,231.95,118650.0
2017-07-06,231.9,231.9,230.44,231.14,92820.0
2017-07-07,230.49,231.39,230.16,231.39,593110.0
2017-07-10,231.87,232.02,231.38,231.91,128240.0
2017-07-11,231.89,232.01,230.48,230.98,66360.0
2017-07-12,231.7,233.4,231.65,233.22,83930.0
2017-07-13,233.44,233.87,233.23,233.73,160790.0
2017-07-14,233.68,234.27,233.51,234.23,96770.0
2017-07-17,234.89,235.17,234.69,235.02,51570.0
2017-07-18,234.93,235.27,234.11,234.69,59720.0
2017-07-19,235.19,235.76,235.01,235.74,168140.0
2017-07-20,236.29,236.75,235.76,236.08,149170.0
2017-07-21,236.3,236.67,235.55,235.78,30440.0
2017-07-24,235.92,236.1,235.59,235.79,86500.0
2017-07-25,235.86,236.94,235.86,236.85,122040.0
2017-07-26,236.54,237.11,236.54,236.79,106460.0
2017-07-27,236.86,237.31,236.49,237.1,116510.0
2017-07-28,235.88,236.1,235.48,235.76,155350.0
2017-07-31,236.11,236.72,235.8,236.21,82600.0
2017-08-01,236.73,236.91,236.18,236.19,165780.0
2017-08-02,236.67,236.82,235.66,236.1,152010.0
2017-08-03,236.33,236.64,236.15,236.2,208020.0
2017-08-04,236.35,236.9,236.22,236.58,289600.0
2017-08-07,236.86,236.97,236.64,236.75,30410.0
2017-08-08,237.07,237.69,236.57,237.69,63540.0
2017-08-09,235.98,236.16,235.34,235.92,62650.0
2017-08-10,236.14,236.15,234.49,234.67,153130.0
2017-08-11,233.19,234.02,232.53,233.59,1220000.0
2017-08-14,234.3,236.01,233.41,235.87,225930.0
2017-08-15,236.26,236.38,235.58,235.91,156520.0
2017-08-16,235.96,236.64,235.96,236.43,116760.0
2017-08-17,235.96,236.21,234.48,234.83,156050.0
2017-08-18,232.5,232.85,231.6,232.65,210060.0
2017-08-21,232.04,232.41,231.24,232.13,150300.0
2017-08-22,232.31,234.15,232.31,234.03,228390.0
2017-08-23,234.41,234.55,233.51,234.14,146010.0
2017-08-24,233.8,234.38,233.15,233.15,44200.0
2017-08-25,233.76,234.83,233.5,233.83,155080.0
2017-08-29,232.59,233.69,231.82,233.55,783290.0
2017-08-30,234.1,234.85,234.0,234.68,280990.0
2017-08-31,235.24,236.4,235.24,235.98,186780.0
2017-09-01,236.7,237.3,236.55,237.04,217920.0
2017-09-04,235.89,236.42,235.84,236.26,31200.0
2017-09-05,236.46,236.6,235.81,235.89,51010.0
2017-09-06,235.59,236.11,235.45,235.72,111750.0
2017-09-07,236.02,236.42,235.56,235.84,358790.0
2017-09-08,236.02,236.1,235.46,236.09,59180.0
2017-09-11,236.9,237.92,236.87,237.84,224140.0
2017-09-12,238.24,239.01,238.24,238.65,237190.0
2017-09-13,238.79,239.19,238.6,238.95,74100.0
2017-09-14,238.91,239.35,238.6,239.16,49920.0
2017-09-15,239.03,239.36,238.68,239.27,374110.0
2017-09-18,239.49,240.29,239.49,240.22,191510.0
2017-09-19,239.88,240.29,239.81,240.16,103530.0
2017-09-20,240.06,240.38,240.02,240.25,223370.0
2017-09-21,240.02,240.28,239.38,239.89,329190.0
2017-09-22,239.32,239.6,239.22,239.31,114950.0
2017-09-25,239.51,239.69,238.59,238.98,89240.0
2017-09-26,239.23,239.83,239.1,239.12,212450.0
2017-09-27,239.67,240.27,239.2,239.41,101940.0
2017-09-28,239.2,240.35,239.2,240.28,1420000.0
2017-09-29,240.46,241.02,240.27,241.02,244410.0
2017-10-02,241.5,242.21,241.5,241.86,203190.0
2017-10-03,242.6,242.66,242.33,242.52,81560.0
2017-10-04,242.94,243.11,242.6,243.11,121290.0
2017-10-05,243.28,244.01,243.23,244.01,253170.0
2017-10-06,244.0,244.83,244.0,244.14,60740.0
2017-10-09,244.4,244.77,244.14,244.34,93540.0
2017-10-10,244.47,245.0,244.0,244.27,163570.0
2017-10-11,244.49,244.78,244.22,244.64,513510.0
2017-10-12,244.79,244.93,244.47,244.93,184190.0
2017-10-13,244.64,245.22,244.4,244.96,169690.0
2017-10-16,244.82,245.53,244.82,245.17,97110.0
2017-10-17,245.24,245.47,245.01,245.08,313880.0
2017-10-18,245.52,245.93,245.39,245.63,122390.0
2017-10-19,245.45,245.45,244.24,245.15,162620.0
2017-10-20,246.53,246.66,246.1,246.4,138090.0
2017-10-23,247.14,247.42,246.88,246.92,65700.0
2017-10-24,246.25,246.58,245.99,246.46,617760.0
2017-10-25,246.39,246.39,244.64,245.01,355900.0
2017-10-26,245.5,246.24,245.41,245.98,82230.0
2017-10-27,245.95,247.25,245.95,247.23,137340.0
2017-10-30,247.21,247.56,246.34,246.69,108680.0
2017-10-31,246.74,247.23,246.73,247.09,158890.0
2017-11-01,247.02,248.22,247.02,247.57,92900.0
2017-11-02,246.9,247.41,246.17,247.26,104900.0
2017-11-03,247.55,248.07,247.25,248.04,156890.0
2017-11-06,247.84,248.61,247.82,248.56,80850.0
2017-11-07,249.04,249.09,248.44,248.59,100770.0
2017-11-08,248.37,248.57,248.02,248.3,152730.0
2017-11-09,248.7,248.72,247.33,247.7,75110.0
2017-11-10,247.92,248.11,247.1,247.55,109880.0
2017-11-13,247.91,248.13,247.01,248.05,68630.0
2017-11-14,247.91,248.1,246.59,247.41,92160.0
2017-11-15,246.72,247.01,245.73,246.83,121840.0
2017-11-16,246.28,248.27,246.28,248.11,235520.0
2017-11-17,248.26,248.63,247.78,248.0,121930.0
2017-11-20,247.15,248.15,246.82,248.04,106100.0
2017-11-21,247.93,249.83,247.81,249.7,120740.0
2017-11-22,249.63,249.89,249.46,249.48,447050.0
2017-11-23,249.0,249.7,248.38,249.6,148270.0
2017-11-24,249.62,250.13,249.55,250.03,329380.0
2017-11-27,249.93,250.38,249.76,249.89,279380.0
2017-11-28,250.09,250.94,250.09,250.94,176420.0
2017-11-29,252.44,253.04,252.09,252.4,113750.0
2017-11-30,252.55,254.29,252.41,254.04,601750.0
2017-12-01,254.16,254.73,251.9,251.32,138720.0
2017-12-04,255.53,256.21,254.9,255.25,248730.0
2017-12-05,253.98,255.81,253.34,254.44,383260.0
2017-12-06,252.13,253.13,252.04,252.94,151940.0
2017-12-07,252.97,253.76,252.57,253.76,72810.0
2017-12-08,254.13,254.73,253.76,254.32,98180.0
2017-12-11,255.27,255.49,254.82,255.39,709360.0
2017-12-12,255.95,256.44,255.77,256.44,474560.0
2017-12-13,257.21,257.21,252.04,256.9,566670.0
2017-12-14,256.69,256.91,252.04,256.21,889070.0
2017-12-15,255.65,257.29,255.34,257.29,217490.0
2017-12-18,258.44,259.19,258.14,258.93,1360000.0
2017-12-19,259.1,259.33,258.3,258.5,510050.0
2017-12-20,258.64,258.93,257.61,258.07,1780000.0
2017-12-21,257.76,259.33,252.04,258.74,203580.0
2017-12-22,258.55,258.62,258.37,258.46,60830.0
2017-12-27,257.74,258.38,257.72,258.25,357120.0
2017-12-28,258.52,258.65,258.18,258.25,152890.0
2017-12-29,258.85,259.52,258.55,259.5,307370.0
2018-01-02,258.0,259.1,257.5,258.75,339550.0
2018-01-03,259.6,260.7,259.48,260.58,94840.0
2018-01-04,261.12,265.89,261.09,262.19,191520.0
2018-01-05,262.5,266.56,262.47,263.17,628180.0
2018-01-08,264.27,264.27,263.44,264.07,148420.0
2018-01-09,264.3,265.39,264.3,265.39,93870.0
2018-01-10,264.42,264.86,263.42,264.4,72380.0
2018-01-11,265.09,265.62,264.86,265.49,68570.0
2018-01-12,266.75,268.03,264.86,267.74,66360.0
2018-01-15,268.88,269.21,268.55,269.07,46150.0
2018-01-16,269.4,270.31,268.55,269.25,87870.0
2018-01-17,268.08,268.79,267.61,268.78,75440.0
2018-01-18,269.91,270.19,267.26,269.46,78830.0
2018-01-19,269.0,270.19,267.26,269.93,79520.0
2018-01-22,270.15,271.56,267.26,271.21,111730.0
2018-01-23,273.32,273.63,270.23,273.45,65660.0
2018-01-24,273.46,274.72,273.11,273.11,178650.0
2018-01-25,273.0,274.61,267.26,273.76,215570.0
2018-01-26,274.02,274.97,273.9,274.97,407210.0
2018-01-29,276.59,276.6,274.98,275.53,357840.0
2018-01-30,273.43,273.96,271.47,272.46,279330.0
2018-01-31,272.75,273.44,271.95,272.37,375200.0
2018-02-01,272.88,273.61,270.85,272.34,155970.0
2018-02-02,271.33,273.61,268.86,269.1,204780.0
2018-02-05,264.95,266.13,263.45,265.19,289130.0
2018-02-06,251.38,258.24,248.0,254.91,515580.00000000006
2018-02-07,257.41,262.72,256.57,261.71,431600.0
2018-02-08,257.5,258.97,254.69,255.11,507890.0
2018-02-09,251.95,258.12,247.45,249.6,139910.0
2018-02-12,254.29,255.86,252.85,254.43,171540.0
2018-02-13,254.74,256.0,254.14,255.02,158380.0
2018-02-14,258.05,258.53,253.46,257.91,201080.0
2018-02-15,261.18,262.25,259.37,260.95,81200.0
2018-02-16,264.17,264.89,262.65,264.45,78220.0
2018-02-19,264.65,264.65,262.41,263.07,48890.0
2018-02-20,262.8,263.72,261.47,263.72,77930.0
2018-02-21,261.8,263.84,261.14,263.84,55500.0
2018-02-22,259.76,263.13,259.29,262.63,55520.0
2018-02-23,262.75,262.75,261.77,262.68,70870.0
2018-02-26,265.44,268.06,265.44,266.65,34790.0
2018-02-27,268.15,268.71,266.86,267.19,57720.0
2018-02-28,265.29,266.39,264.42,264.58,201180.0
2018-03-01,262.37,263.48,260.46,261.66,122810.0
2018-03-02,258.26,258.94,255.48,257.19,139870.0
2018-03-05,257.31,261.41,257.27,261.22,49040.0
2018-03-06,263.11,263.85,261.87,261.96,67030.0
2018-03-07,260.68,262.85,260.12,262.23,93750.0
2018-03-08,263.0,264.1,262.68,263.5,47290.0
2018-03-09,264.18,267.27,263.81,267.31,38880.0
2018-03-12,270.22,270.22,268.3,268.87,91420.0
2018-03-13,269.06,270.39,267.6,268.22,141430.0
2018-03-14,267.71,268.29,265.16,265.89,389250.0
2018-03-15,266.18,266.75,265.44,266.0,69520.0
2018-03-16,265.27,266.65,265.21,266.2,138390.0
2018-03-19,265.0,265.15,261.64,261.79,88360.0
2018-03-20,262.71,263.25,261.76,262.58,103640.0
2018-03-21,262.81,263.69,262.03,263.54,82850.0
2018-03-22,260.37,261.21,257.08,259.16,243770.0
2018-03-23,255.11,256.56,253.48,254.4,545460.0
2018-03-26,253.27,254.8,251.26,252.21,496010.0
2018-03-27,258.23,258.65,256.18,257.33,181980.0
2018-03-28,252.84,257.33,250.45,251.94,171940.0
2018-03-29,252.23,255.14,251.89,253.99,75010.0
2018-04-03,250.04,251.83,248.77,250.81,262840.0
2018-04-04,251.31,251.89,247.37,251.89,200210.0
2018-04-05,256.7,258.1,256.16,258.1,278070.0
2018-04-06,255.28,256.62,253.9,254.19,94460.0
2018-04-09,253.82,255.38,252.66,255.38,101930.0
2018-04-10,256.57,257.09,255.08,257.04,104520.0
2018-04-11,255.49,256.5,253.86,256.0,80490.0
2018-04-12,255.42,258.24,255.33,257.75,107640.0
2018-04-13,257.75,259.01,256.4,257.3,35830.0
2018-04-16,257.58,259.57,257.3,258.29,42840.0
2018-04-17,260.38,261.77,259.99,261.63,95820.0
2018-04-18,261.95,262.79,261.43,262.5,86450.0
2018-04-19,261.78,262.0,260.11,260.54,72990.0
2018-04-20,260.22,260.79,258.06,258.69,185140.0
2018-04-23,258.59,259.27,257.89,259.31,121080.0
2018-04-24,258.74,259.94,257.44,258.1,111050.0
2018-04-25,254.37,254.98,252.7,254.3,103680.0
2018-04-26,255.49,257.61,255.35,256.75,63610.0
2018-04-27,258.4,258.75,257.1,258.1,381100.0
2018-04-30,258.92,259.44,258.55,258.55,70550.0
2018-05-01,256.37,256.46,254.38,254.65,40780.0
2018-05-02,256.58,257.14,255.82,256.15,40880.0
2018-05-03,254.53,255.08,250.85,251.67,85580.0
2018-05-04,254.29,256.85,253.0,256.85,86560.0
2018-05-08,258.54,258.72,257.34,258.23,101840.0
2018-05-09,258.52,259.82,258.52,259.08,135720.0
2018-05-10,261.45,262.9,260.99,262.71,295780.0
2018-05-11,263.0,264.49,263.0,263.82,110310.0
2018-05-14,264.91,265.31,264.51,264.86,226340.0
2018-05-15,263.72,264.19,261.79,262.35,155150.0
2018-05-16,262.38,263.23,261.9,262.79,147930.0
2018-05-17,263.08,264.49,262.84,263.91,101330.0
2018-05-18,263.82,264.0,262.42,262.84,144900.0
2018-05-21,263.99,265.2,263.84,264.03,135400.0
2018-05-22,264.89,265.37,264.61,265.06,219350.0
2018-05-23,263.33,263.48,262.0,262.99,121410.0
2018-05-24,264.37,264.67,262.18,263.17,266870.0
2018-05-25,264.61,264.91,263.13,263.89,120750.0
2018-05-29,262.57,262.6,260.88,261.28,187450.0
2018-05-30,261.54,263.34,261.15,263.34,86450.0
2018-05-31,263.94,264.24,262.35,262.83,148390.0
2018-06-01,263.24,264.81,262.91,264.6,159780.0
2018-06-04,265.4,266.38,265.28,265.78,101520.0
2018-06-05,265.84,266.65,265.78,265.78,155190.0
2018-06-06,267.06,267.41,266.37,267.41,200930.0
2018-06-07,269.23,269.29,268.27,268.62,126800.0
2018-06-08,268.12,268.54,266.78,268.16,102990.0
2018-06-11,269.22,269.94,269.11,269.75,329200.0
2018-06-12,270.1,270.3,269.37,269.98,98150.0
2018-06-13,270.2,270.6,269.98,270.52,78480.0
2018-06-14,268.38,270.52,268.33,269.68,515920.0
2018-06-15,269.6,269.62,267.96,268.3,118610.0
2018-06-18,268.35,268.96,267.4,268.6,145210.0
2018-06-19,265.72,267.05,264.93,267.05,133770.0
2018-06-20,268.35,268.87,268.0,268.31,64920.0
2018-06-21,268.91,269.0,266.55,267.15,137320.0
2018-06-22,267.44,268.15,267.21,267.65,41110.0
2018-06-25,265.71,266.12,262.73,262.73,102580.0
2018-06-26,264.28,264.56,263.09,263.92,278430.0
2018-06-27,263.48,266.21,262.22,264.72,178980.0
2018-06-28,262.34,263.28,261.03,262.68,379580.0
2018-06-29,264.65,266.04,263.89,265.67,117730.0
2018-07-02,262.39,263.63,261.56,262.89,122100.0
2018-07-03,264.66,266.31,264.6,264.94,133010.0
2018-07-04,263.55,264.08,263.47,263.73,24050.0
2018-07-05,263.53,265.19,263.46,264.41,62650.0
2018-07-06,265.75,267.59,264.89,267.59,178650.0
2018-07-09,268.78,269.85,267.59,269.61,77610.0
2018-07-10,270.65,271.23,270.33,270.77,107560.0
2018-07-11,268.96,270.35,268.59,269.5,253520.0
2018-07-12,269.98,271.06,269.5,270.77,93270.0
2018-07-13,272.01,272.13,271.0,271.98,41260.0
2018-07-16,272.14,272.3,271.16,271.51,31260.0
2018-07-17,271.0,272.2,270.6,272.04,150120.0
2018-07-18,272.86,273.09,272.32,273.09,89610.0
2018-07-19,272.8,272.94,271.75,272.59,417640.0
2018-07-20,272.01,272.62,271.05,272.56,33320.0
2018-07-23,271.61,272.01,271.28,272.01,40360.0
2018-07-24,273.12,274.69,272.77,273.9,40730.0
2018-07-25,273.57,274.29,273.12,274.11,294840.0
2018-07-26,275.06,275.99,275.06,275.75,542970.0
2018-07-27,275.99,276.31,274.77,274.98,89060.0
2018-07-30,272.9,273.89,272.58,272.58,28180.0
2018-07-31,272.42,273.46,272.31,273.43,42080.0
2018-08-01,273.55,274.19,273.15,273.38,33930.0
2018-08-02,272.12,273.11,271.07,273.09,42210.0
2018-08-03,274.53,275.33,274.33,275.0,40870.0
2018-08-06,275.89,276.26,275.36,276.26,113370.0
2018-08-07,277.32,278.1,277.25,277.62,78720.0
2018-08-08,277.54,277.99,277.04,277.8,54940.0
2018-08-09,277.34,278.05,277.25,277.82,201300.0
2018-08-10,275.81,276.23,275.2,276.08,109600.0
2018-08-13,274.61,276.19,274.24,275.05,116920.0
2018-08-14,275.41,275.92,274.66,275.65,110820.0
2018-08-15,275.76,275.84,272.45,273.41,46120.0
2018-08-16,275.01,276.6,274.56,276.55,52190.0
2018-08-17,276.4,276.8,275.56,276.33,39880.0
2018-08-20,277.6,277.94,277.16,277.44,41320.0
2018-08-21,277.79,278.89,277.79,278.65,66120.0
2018-08-22,277.43,278.6,277.34,278.52,66610.0
2018-08-23,278.06,278.91,277.62,277.71,36310.0
2018-08-24,278.13,279.48,278.13,279.48,65440.0
2018-08-28,281.7,282.43,281.61,281.72,78290.0
2018-08-29,282.26,283.26,281.72,283.26,212650.0
2018-08-30,283.15,283.35,282.56,282.56,74690.0
2018-08-31,282.26,282.66,281.5,281.82,43270.0
2018-09-03,282.33,283.22,282.3,282.94,40000.0
2018-09-04,283.03,283.09,280.7,281.62,40110.0
2018-09-05,281.13,281.57,279.87,280.12,78170.0
2018-09-06,280.36,281.33,279.09,279.68,94640.0
2018-09-07,280.07,280.49,278.71,280.49,72630.0
2018-09-10,279.98,280.82,279.88,280.42,45760.0
2018-09-11,280.62,280.9,279.0,280.51,112500.0
2018-09-12,281.09,281.59,280.33,281.4,92160.0
2018-09-13,280.92,282.77,280.92,282.05,114160.0
2018-09-14,283.19,283.35,282.5,283.01,358970.0
2018-09-17,282.32,282.78,281.73,282.02,30910.0
2018-09-18,281.51,282.99,281.38,282.9,85550.0
2018-09-19,282.86,283.5,282.29,283.3,58710.0
2018-09-20,283.2,285.29,283.13,285.1,277360.0
2018-09-21,285.99,286.22,285.45,285.81,124900.0
2018-09-24,284.37,284.97,283.51,284.14,44540.0
2018-09-25,284.34,285.06,284.0,284.53,18140.0
2018-09-26,284.43,284.59,283.96,284.59,41600.0
2018-09-27,282.97,284.6,243.76,284.39,41590.0
2018-09-28,283.64,284.64,282.8,284.15,162070.0
2018-10-01,285.06,285.99,285.02,285.56,71400.0
2018-10-02,284.07,284.95,283.68,284.92,168420.0
2018-10-03,285.32,286.3,285.19,285.67,44330.0
2018-10-04,284.04,284.3,282.63,282.75,63730.0
2018-10-05,282.98,283.35,281.21,281.21,71230.0
2018-10-08,281.1,281.33,279.93,279.93,64390.0
2018-10-09,280.93,281.98,279.59,281.39,79870.0
2018-10-10,280.94,281.05,276.17,276.46,420150.0
2018-10-11,269.6,271.96,267.26,268.66,288570.0
2018-10-12,270.65,270.93,268.66,269.12,154590.0
2018-10-15,268.45,269.97,267.25,269.73,129140.0
2018-10-16,268.5,272.02,268.21,271.88,262360.0
2018-10-17,274.72,274.89,271.12,272.33,117070.0
2018-10-18,273.01,273.85,270.8,270.8,446200.0
2018-10-19,270.81,272.53,269.93,271.09,162600.0
2018-10-22,270.52,270.78,267.96,269.0,90330.0
2018-10-23,265.5,265.91,262.34,264.05,246180.0
2018-10-24,265.88,267.43,263.45,263.76,95940.0
2018-10-25,260.26,263.6,259.8,263.28,337790.0
2018-10-26,260.66,260.66,256.14,259.56,85240.0
2018-10-29,259.74,263.76,259.47,260.34,95830.0
2018-10-30,259.02,260.53,256.7,259.04,234950.0
2018-10-31,262.85,265.88,262.81,264.8,282460.0
2018-11-01,264.45,266.44,263.96,266.34,152050.0
2018-11-02,269.56,269.59,264.39,264.39,173840.0
2018-11-05,264.9,266.38,264.6,265.77,97160.0
2018-11-06,267.15,268.13,266.17,267.49,82480.0
2018-11-07,269.2,272.22,269.2,271.88,146060.0
2018-11-08,274.36,274.53,273.21,274.19,87990.0
2018-11-09,273.0,273.0,270.89,271.43,123510.0
2018-11-12,271.72,271.92,266.85,266.95,106910.0
2018-11-13,267.33,268.71,265.26,268.27,183700.0
2018-11-14,265.5,267.91,264.42,264.66,103680.0
2018-11-15,264.44,265.0,260.65,263.82,213350.0
2018-11-16,266.1,267.28,264.32,266.08,61440.0
2018-11-19,267.13,267.85,263.98,263.98,71920.0
2018-11-20,261.86,262.17,257.0,258.47,171550.0
2018-11-21,258.9,260.47,258.46,260.47,175080.0
2018-11-22,258.56,258.58,256.54,256.87,67350.0
2018-11-23,257.54,258.36,256.4,258.12,122110.0
2018-11-26,258.7,260.68,258.7,259.99,69590.0
2018-11-27,260.47,261.13,259.2,260.8,91150.0
2018-11-28,262.3,263.23,262.05,262.93,103210.0
2018-11-29,267.01,267.35,266.1,266.68,62360.0
2018-11-30,267.47,268.25,266.45,267.24,97000.0
2018-12-03,274.74,274.74,271.28,271.76,141390.0
2018-12-04,271.36,272.13,270.19,270.19,68300.0
2018-12-05,264.84,265.95,264.47,264.8,55720.0
2018-12-06,261.85,261.85,256.13,257.37,139590.0
2018-12-07,261.08,264.25,259.13,259.75,152750.0
2018-12-10,256.33,258.29,252.43,253.17,80430.0
2018-12-11,257.47,261.5,257.18,258.4,85780.0
2018-12-12,258.57,261.77,258.45,261.0,203800.0
2018-12-13,260.61,260.91,258.53,259.48,99790.0
2018-12-14,256.56,257.51,255.36,256.08,151930.0
2018-12-17,254.79,254.85,250.97,253.42,121250.0
2018-12-18,250.03,251.55,249.4,250.3,219710.0
2018-12-19,249.23,251.32,248.75,250.34,307670.0
2018-12-20,243.58,245.69,242.5,242.59,134090.0
2018-12-21,242.56,244.8,240.6,241.27,200920.0
2018-12-24,237.26,237.78,234.3,234.79,105570.0
2018-12-27,239.75,239.93,235.89,238.37,125670.0
2018-12-28,243.2,246.35,242.41,243.34,127640.0
2018-12-31,245.51,245.6,244.83,245.34,10560.0
2019-01-02,242.18,245.59,240.01,244.9,58020.0
2019-01-03,241.88,243.72,239.43,241.3,474980.0
2019-01-04,241.76,246.8,241.5,246.14,903790.0
2019-01-07,248.32,249.51,246.8,249.26,88550.0
2019-01-08,249.72,252.32,249.22,249.48,143080.0
2019-01-09,251.98,253.25,251.64,252.9,79490.0
2019-01-10,251.72,253.07,250.47,253.07,43010.0
2019-01-11,253.71,254.08,252.2,253.24,74850.0
2019-01-14,251.64,253.01,251.26,252.71,80630.0
2019-01-15,253.8,255.0,252.57,254.42,150340.0
2019-01-16,255.74,256.7,255.09,256.49,90840.0
2019-01-17,254.44,256.6,254.17,256.46,81470.0
2019-01-18,258.35,261.09,258.28,260.98,68580.0
2019-01-21,261.0,261.0,259.9,260.48,32370.0
2019-01-22,259.54,260.1,258.53,258.89,91160.0
2019-01-23,257.54,259.46,257.1,257.52,57730.0
2019-01-24,258.07,259.07,257.5,258.06,60330.0
2019-01-25,259.18,261.32,259.1,260.85,102850.0
2019-01-28,259.77,259.77,257.13,257.84,255240.0
2019-01-29,257.9,259.42,257.5,258.07,76360.0
2019-01-30,258.69,260.4,258.45,260.3,82270.0
2019-01-31,263.12,264.35,262.12,264.28,206440.0
2019-02-01,265.18,265.92,264.07,265.33,195170.0
2019-02-04,264.72,265.5,264.2,265.5,44360.0
2019-02-05,266.3,268.05,266.15,267.52,73720.0
2019-02-06,267.1,267.97,266.76,267.43,52790.0
2019-02-07,266.64,266.97,263.46,263.46,195490.0
2019-02-08,263.76,264.43,262.75,262.85,57080.0
2019-02-11,265.05,266.34,264.88,265.29,38430.0
2019-02-12,267.0,268.67,266.77,268.43,94870.0
2019-02-13,269.6,270.55,269.14,269.32,95370.0
2019-02-14,270.54,270.61,267.76,268.44,44760.0
2019-02-15,267.69,271.7,267.63,271.24,116590.0
2019-02-18,272.03,272.26,271.78,272.15,39600.0
2019-02-19,272.12,272.47,271.13,272.1,38730.0
2019-02-20,272.2,272.94,271.91,272.73,76400.0
2019-02-21,273.27,273.65,271.61,272.0,266150.0
2019-02-22,272.25,273.79,272.09,273.7,54070.0
2019-02-25,274.48,275.84,274.39,275.52,56060.0
2019-02-26,273.52,274.59,273.09,274.51,79330.0
2019-02-27,273.14,273.7,272.2,272.95,114150.0
2019-02-28,272.93,273.83,272.85,273.66,52240.0
2019-03-01,274.31,275.38,273.87,273.87,425600.0
2019-03-04,276.02,276.28,273.74,273.74,224310.0
2019-03-05,273.98,274.48,273.04,273.86,69710.0
2019-03-06,273.18,273.85,272.27,272.54,83840.0
2019-03-07,271.08,272.23,268.96,270.04,266720.0
2019-03-08,268.52,269.02,267.17,268.03,63950.0
2019-03-11,269.96,272.51,269.53,272.23,26690.0
2019-03-12,273.84,274.54,272.83,274.18,60270.0
2019-03-13,273.79,276.5,273.78,276.07,94600.0
2019-03-14,276.2,276.76,275.19,275.9,41370.0
2019-03-15,276.09,277.64,275.83,277.48,163580.0
2019-03-18,277.32,278.31,277.12,277.28,43130.0
2019-03-19,278.5,279.93,278.5,279.56,64550.0
2019-03-20,278.14,278.4,276.29,276.29,70530.0
2019-03-21,276.01,279.88,275.82,279.12,30320.0
2019-03-22,280.46,280.5,275.35,275.99,76150.0
2019-03-25,274.25,275.77,273.62,274.58,87630.0
2019-03-26,275.87,277.75,275.39,276.44,55500.0
2019-03-27,277.38,277.48,273.81,274.72,70460.0
2019-03-28,274.85,276.84,274.85,275.3,72060.0
2019-03-29,277.15,278.15,276.72,277.76,234240.0
2019-04-01,280.05,281.65,279.9,280.66,91050.0
2019-04-02,281.2,281.81,280.74,281.23,63040.0
2019-04-03,282.55,283.25,282.08,283.14,162330.0
2019-04-04,282.15,282.98,281.95,282.2,20460.0
2019-04-05,283.35,284.05,282.95,283.81,149400.0
2019-04-08,283.68,283.92,282.99,283.81,59150.0
2019-04-09,283.98,284.22,282.58,283.0,74690.0
2019-04-10,283.16,283.59,282.89,283.42,110680.0
2019-04-11,284.06,284.52,283.59,283.88,76950.0
2019-04-12,284.08,285.97,283.89,285.08,32340.000000000004
2019-04-15,285.81,285.92,284.7,285.08,64319.99999999999
2019-04-16,285.98,286.64,285.77,285.92,30430.0
2019-04-17,285.98,286.9,284.86,284.86,121330.0
2019-04-18,284.2,285.47,283.66,284.96,103660.0
2019-04-23,286.0,287.9,285.64,287.9,309800.0
2019-04-24,288.1,288.58,287.82,288.44,56400.0
2019-04-25,287.94,288.18,286.35,287.78,50450.0
2019-04-26,287.16,288.1,286.85,288.02,206910.0
2019-04-29,288.84,289.52,288.59,289.35,50390.0
2019-04-30,288.92,289.14,287.53,288.35,77380.0
2019-05-01,290.55,291.35,288.95,289.91,26550.0
2019-05-02,287.7,288.12,285.92,286.2,31660.0
2019-05-03,286.5,289.13,286.5,288.68,73150.0
2019-05-07,287.64,287.79,283.51,284.22,258000.0
2019-05-08,284.15,284.92,281.65,283.73,144770.0
2019-05-09,281.86,282.1,278.92,279.45,110770.0
2019-05-10,282.14,282.46,277.96,278.22,92570.0
2019-05-13,280.76,280.84,276.53,276.75,154790.0
2019-05-14,277.22,279.99,276.93,279.99,204220.0
2019-05-15,279.88,280.54,276.9,280.54,2340000.0
2019-05-16,280.07,284.22,279.54,284.2,98060.0
2019-05-17,282.47,283.96,280.66,283.28,60580.0
2019-05-20,282.0,282.45,278.9,280.3,65260.00000000001
2019-05-21,280.84,282.3,280.02,281.7,58360.0
2019-05-22,281.56,281.96,280.31,281.45,99820.0
2019-05-23,279.4,279.5,277.26,277.56,134890.0
2019-05-24,278.79,279.63,277.67,278.23,117360.0
2019-05-28,279.0,279.6,277.88,278.09,51890.0
2019-05-29,274.42,274.85,273.33,273.42,52890.0
2019-05-30,274.52,275.51,274.16,274.2,79180.0
2019-05-31,272.58,272.61,270.88,272.42,351810.0
2019-06-03,269.82,272.1,268.88,271.4,238110.0
2019-06-04,270.8,274.61,270.68,274.61,52790.0
2019-06-05,276.5,278.18,276.04,277.26,199510.0
2019-06-06,278.28,279.44,278.11,279.39,3420000.0
2019-06-07,280.58,284.18,280.4,283.39,67190.0
2019-06-10,284.09,286.0,283.91,285.88,70940.0
2019-06-11,285.0,286.65,284.8,284.9,193260.0
2019-06-12,283.52,284.49,283.22,283.94,98560.0
2019-06-13,283.61,285.35,283.39,284.51,58990.0
2019-06-14,284.66,285.01,283.88,284.45,48000.0
2019-06-17,285.26,285.54,284.62,285.24,32360.0
2019-06-18,284.88,288.88,284.36,288.26,157940.0
2019-06-19,287.92,288.13,287.44,287.6,65269.99999999999
2019-06-20,290.36,291.68,289.35,289.95,130970.0
2019-06-21,291.01,292.28,290.44,291.78,93870.0
2019-06-24,291.22,291.47,290.66,291.17,85010.0
2019-06-25,289.89,290.63,289.01,289.28,46650.0
2019-06-26,287.94,289.29,287.71,288.14,48850.0
2019-06-27,288.52,288.89,287.37,287.88,116450.0
2019-06-28,288.99,289.6,288.86,289.24,102110.0
2019-07-01,293.24,293.58,292.09,292.38,84880.0
2019-07-02,292.68,292.78,291.66,292.11,93820.0
2019-07-03,293.3,294.83,293.18,294.78,67630.0
2019-07-04,295.34,295.92,295.31,295.8,22810.0
2019-07-05,295.76,295.76,292.69,293.67,125380.0
2019-07-08,293.83,294.42,293.23,293.34,86990.0
2019-07-09,292.4,293.51,291.94,293.32,164630.0
2019-07-10,293.1,296.26,292.8,294.94,137990.0
2019-07-11,295.98,296.3,295.23,296.0,90370.0
2019-07-12,296.42,296.83,295.94,296.68,140920.0
2019-07-15,297.53,297.94,297.07,297.12,86990.0
2019-07-16,297.4,297.73,296.96,297.12,120060.0
2019-07-17,296.44,296.93,295.05,295.46,130410.0
2019-07-18,293.45,294.67,293.36,293.71,54550.0
2019-07-19,296.08,296.67,295.53,295.86,41570.0
2019-07-22,294.04,294.78,293.74,294.1,63190.0
2019-07-23,295.13,295.91,294.99,295.06,105090.0
2019-07-24,296.34,297.07,295.53,296.4,69220.0
2019-07-25,298.22,298.62,296.34,296.86,97050.0
2019-07-26,297.18,298.16,296.98,298.16,88580.0
2019-07-29,298.06,298.61,297.48,297.98,128140.0
2019-07-30,298.25,298.3,296.32,297.38,73360.0
2019-07-31,297.48,298.0,296.92,297.52,151950.0
2019-08-01,293.41,297.42,293.07,297.29,73240.0
2019-08-02,290.74,291.56,287.68,288.31,206490.0
2019-08-05,286.41,286.76,282.57,283.08,75230.0
2019-08-06,280.32,283.58,280.0,281.32,308500.0
2019-08-07,283.72,285.28,278.92,282.3,132410.0
2019-08-08,285.88,288.45,284.89,288.45,125980.0
2019-08-09,289.36,289.57,286.53,286.76,145750.0
2019-08-12,289.0,289.49,255.6,285.6,130710.0
2019-08-13,284.08,290.6,283.3,288.24,213250.0
2019-08-14,289.31,289.34,281.65,283.25,64690.0
2019-08-15,282.93,283.62,278.92,281.18,104040.0
2019-08-16,282.65,285.71,282.65,285.24,53960.0
2019-08-19,288.11,289.27,287.73,289.27,61720.0
2019-08-20,289.12,289.46,287.14,288.45,141090.0
2019-08-21,287.38,289.55,287.35,289.38,58260.0
2019-08-22,289.26,290.42,287.22,288.35,158150.0
2019-08-23,289.98,290.26,284.18,284.5,305320.0
2019-08-27,284.36,286.57,283.73,284.59,1640000.0
2019-08-28,284.2,285.31,282.0,285.1,115390.0
2019-08-29,285.02,289.15,284.95,289.06,62590.0
2019-08-30,289.47,291.34,288.3,288.88,144860.0
2019-09-02,288.0,289.43,287.91,288.22,26600.0
2019-09-03,287.22,288.2,285.98,287.13,137640.0
2019-09-04,289.8,290.36,289.05,290.08,56340.0
2019-09-05,292.54,295.3,291.84,294.89,103050.0
2019-09-06,294.7,295.44,294.16,294.91,67580.0
2019-09-09,295.6,295.94,294.84,295.28,66220.0
2019-09-10,294.39,294.48,292.66,292.82,56650.0
2019-09-11,294.82,296.59,294.33,295.92,101300.0
2019-09-12,297.62,298.63,297.0,297.96,80110.0
2019-09-13,298.43,299.06,297.8,298.18,204560.0
2019-09-16,296.32,297.06,295.88,296.57,76460.0
2019-09-17,296.28,296.99,296.1,296.76,22470.0
2019-09-18,297.04,297.32,296.44,296.58,80240.0
2019-09-19,296.2,299.0,296.02,299.0,625760.0
2019-09-20,297.92,298.48,297.71,297.99,49760.0
2019-09-23,297.1,297.7,295.1,296.26,58110.0
2019-09-24,297.21,297.58,295.95,296.1,121570.0
2019-09-25,294.02,294.62,292.5,294.27,56680.0
2019-09-26,294.88,296.24,293.42,293.85,100080.0
2019-09-27,295.32,296.16,294.33,295.49,106440.0
2019-09-30,294.25,294.88,293.49,294.88,478710.0
2019-10-01,296.06,296.34,292.54,293.36,306260.0
2019-10-02,291.06,291.28,285.67,285.67,499150.0
2019-10-03,286.16,287.53,282.81,286.28,474660.0
2019-10-04,287.86,290.72,286.82,290.72,363180.0
2019-10-07,290.96,292.63,290.64,292.5,79530.0
2019-10-08,291.65,291.7,286.91,286.91,52870.0
2019-10-09,286.85,289.45,286.61,288.52,59900.0
2019-10-10,288.88,292.05,288.07,291.84,53230.0
2019-10-11,292.47,296.48,292.32,296.48,96350.0
2019-10-14,294.61,294.68,292.79,294.31,62840.0
2019-10-15,295.4,297.38,294.52,297.0,36870.0
2019-10-16,296.5,296.98,295.72,296.29,47940.0
2019-10-17,296.0,298.02,295.86,296.86,82630.0
2019-10-18,296.77,297.39,296.08,296.44,32790.0
2019-10-21,296.55,297.6,296.25,297.6,96880.0
2019-10-22,298.22,298.61,297.51,298.34,118430.0
2019-10-23,296.38,297.54,295.81,297.33,93950.0
2019-10-24,298.18,298.79,297.34,298.48,76470.0
2019-10-25,298.18,300.01,297.54,299.85,50350.0
2019-10-28,300.03,301.6,299.82,301.06,31030.0
2019-10-29,301.23,302.17,300.45,301.77,45100.0
2019-10-30,300.84,301.32,300.02,300.96,29550.0
2019-10-31,302.4,302.61,299.72,300.07,117490.0
2019-11-01,301.71,303.84,301.43,303.27,67360.0
2019-11-04,304.6,305.81,304.46,305.36,60940.0
2019-11-05,305.56,305.99,304.56,305.01,175410.0
2019-11-06,304.74,305.2,304.0,304.84,108600.0
2019-11-07,306.24,307.14,306.09,306.74,75150.0
2019-11-08,306.85,306.85,305.0,305.74,44060.0
2019-11-11,305.54,305.86,305.1,305.59,72640.0
2019-11-12,306.52,307.74,306.27,307.42,63270.0
2019-11-13,306.16,307.35,305.22,306.54,76150.0
2019-11-14,306.82,307.2,306.43,306.51,94660.0
2019-11-15,308.21,309.0,307.71,309.0,34090.0
2019-11-18,310.02,310.2,308.76,309.65,167750.0
2019-11-19,310.12,310.93,308.95,309.58,82340.0
2019-11-20,308.81,309.6,308.14,309.14,68800.0
2019-11-21,307.85,309.06,307.09,307.55,42680.0
2019-11-22,308.36,309.24,307.69,307.92,90310.0
2019-11-25,309.64,310.75,309.43,310.61,54700.0
2019-11-26,311.2,311.55,310.63,311.43,178720.0
2019-11-27,312.51,312.76,312.03,312.4,49700.0
2019-11-28,312.26,312.8,312.07,312.8,33000.0
2019-11-29,312.14,312.91,311.96,312.12,64410.0
2019-12-02,312.84,313.5,308.98,309.08,126940.0
2019-12-03,309.59,309.94,305.0,305.51,48080.0
2019-12-04,306.11,309.54,306.11,309.48,100140.0
2019-12-05,309.58,310.36,308.25,308.7,37500.0
2019-12-06,310.5,312.83,310.11,312.74,550760.0
2019-12-09,312.37,312.79,311.87,312.27,173250.0
2019-12-10,311.71,312.13,309.56,311.65,655310.0
2019-12-11,311.41,312.13,311.08,311.6,196720.0
2019-12-12,313.62,315.57,311.72,313.94,287500.0
2019-12-13,316.06,316.37,313.68,314.02,226910.0
2019-12-16,316.02,317.65,315.95,317.52,57630.0
2019-12-17,317.6,318.0,316.84,317.24,168090.0
2019-12-18,317.08,317.87,317.01,317.67,177810.0
2019-12-19,317.53,318.24,317.09,318.17,1040000.0
2019-12-20,318.74,320.5,318.5,320.5,114280.0
2019-12-23,320.5,321.06,320.32,320.88,62260.0
2019-12-24,320.72,320.87,319.91,320.87,41930.0
2019-12-27,322.8,324.01,321.47,322.61,92350.0
2019-12-30,322.26,322.38,319.74,320.33,53240.0
2019-12-31,320.44,320.8,320.14,320.3,14790.0
2020-01-02,322.36,323.19,321.73,321.73,28050.0
2020-01-03,320.51,322.15,318.83,322.05,60200.0
2020-01-06,320.63,321.61,319.09,321.56,126890.0
2020-01-07,322.73,323.51,321.43,322.33,110780.0
2020-01-08,321.34,323.23,320.93,322.92,62360.0
2020-01-09,325.27,325.76,324.76,325.43,108520.0
2020-01-10,326.56,327.18,325.71,325.78,59350.0
2020-01-13,325.53,326.13,325.1,326.09,81080.0
2020-01-14,326.76,327.39,325.77,326.89,169950.0
2020-01-15,326.66,327.97,326.12,327.86,78760.0
2020-01-16,328.17,329.05,328.15,328.73,111700.0
2020-01-17,330.31,331.08,330.16,330.48,74260.0
2020-01-20,330.54,330.72,330.18,330.72,25370.0
2020-01-21,329.8,330.88,329.17,330.86,129380.0
2020-01-22,331.69,332.02,330.99,331.27,60770.0
2020-01-23,330.44,330.48,328.49,329.05,307800.0
2020-01-24,331.2,332.0,329.45,329.64,163870.0
2020-01-27,324.54,324.99,321.83,322.99,359180.0
2020-01-28,324.5,326.11,322.72,326.1,635380.0
2020-01-29,326.86,327.64,324.18,326.7,130610.0
2020-01-30,323.26,324.96,322.7,323.88,125550.0
2020-01-31,326.76,326.85,322.04,322.26,147430.0
2020-02-03,322.84,325.22,321.84,323.62,276810.0
2020-02-04,325.36,328.72,325.36,328.72,82300.0
2020-02-05,327.78,331.51,327.71,330.53,414230.0
2020-02-06,333.76,335.05,331.91,332.9,134130.0
2020-02-07,332.86,332.95,325.95,332.34,126560.0
2020-02-10,331.38,332.68,330.12,332.33,83220.0
2020-02-11,334.63,336.01,334.22,334.95,89840.0
2020-02-12,335.12,336.33,333.87,336.28,77070.0
2020-02-13,335.1,336.49,333.88,336.49,67660.0
2020-02-14,337.09,338.67,335.75,336.52,105130.0
2020-02-17,337.65,337.74,337.28,337.59,15660.0
2020-02-18,335.16,336.09,334.35,334.72,62840.0
2020-02-19,336.61,337.79,335.99,337.62,71090.0
2020-02-20,337.61,338.68,333.5,333.5,92490.0
2020-02-21,333.8,337.95,332.0,333.32,58500.0
2020-02-24,327.05,327.11,322.0,323.1,186170.0
2020-02-25,324.26,324.55,316.81,317.82,239430.0
2020-02-26,313.9,317.13,307.78,316.0,241830.0
2020-02-27,306.52,309.38,299.54,304.06,264970.0
2020-02-28,293.12,294.5,284.36,290.92,1020000.0
2020-03-02,299.46,301.18,289.74,300.28,307980.0
2020-03-03,307.67,312.58,301.74,304.1,437620.0
2020-03-04,303.66,306.91,302.34,305.18,342060.0
2020-03-05,307.94,308.62,302.74,306.32,358100.0
2020-03-06,298.77,298.89,290.11,294.54,444200.0
2020-03-09,279.1,294.02,271.73,279.49,680630.0
2020-03-10,282.12,288.68,272.58,274.88,422930.0
2020-03-11,281.61,287.35,275.15,277.1,642040.0
2020-03-12,263.0,263.78,249.0,251.2,799910.0
2020-03-13,259.18,264.52,248.94,252.53,503090.0
2020-03-16,249.5,255.79,234.0,251.14,316550.0
2020-03-17,255.13,262.0,236.14,249.3,280810.0
2020-03-18,240.0,245.13,234.21,236.66,590440.0
2020-03-19,236.73,245.0,231.41,238.5,422620.0
2020-03-20,246.32,250.6,234.75,237.22,170630.0
2020-03-23,230.0,238.14,218.62,223.15,358210.0
2020-03-24,232.7,242.81,230.73,242.81,161020.0
2020-03-25,247.18,256.12,239.45,250.34,233250.0
2020-03-26,242.35,259.34,241.01,259.34,294870.0
2020-03-27,257.2,258.55,251.34,255.0,157700.0
2020-03-30,254.67,260.5,250.36,259.8,265680.0
2020-03-31,263.26,264.14,258.0,263.5,252160.0
2020-04-01,250.78,252.5,247.44,250.16,211930.0
2020-04-02,248.65,252.92,243.3,250.15,293860.0
2020-04-03,250.47,253.28,248.42,248.96,153640.0
2020-04-06,255.0,261.08,255.0,260.4,198940.0
2020-04-07,269.52,275.31,268.49,271.78,289140.0
2020-04-08,265.44,272.19,263.47,271.2,160000.0
2020-04-09,276.52,281.16,270.85,278.47,161640.0
2020-04-14,280.53,285.19,278.8,281.56,281880.0
2020-04-15,282.92,284.48,275.83,277.27,360170.0
2020-04-16,280.72,281.31,276.24,279.31,391870.0
2020-04-17,287.5,288.45,282.68,283.83,363870.0
2020-04-20,286.6,286.6,281.48,285.76,145810.0
2020-04-21,280.78,281.34,272.85,273.3,216870.0
2020-04-22,276.54,279.14,275.62,278.83,538420.0
2020-04-23,280.38,284.16,278.5,282.88,532200.0
2020-04-24,278.39,281.64,277.41,279.67,131660.0
2020-04-27,285.2,287.95,284.96,287.18,94180.0
2020-04-28,286.92,291.99,286.0,288.0,156770.0
2020-04-29,289.12,293.6,288.63,293.13,105090.0
2020-04-30,295.64,295.88,289.94,291.32,164490.0
2020-05-01,284.74,286.1,283.78,283.93,123640.0
2020-05-04,281.94,282.57,279.07,281.71,117170.0
2020-05-05,285.3,289.14,283.9,289.08,124890.0
2020-05-06,288.69,289.26,285.54,286.7,106680.0
2020-05-07,286.56,289.31,286.23,288.98,192420.0
2020-05-11,294.09,294.8,289.6,292.2,83130.0
2020-05-12,291.18,294.5,290.96,292.69,166970.0
2020-05-13,287.08,288.24,280.94,283.94,261330.0
2020-05-14,280.77,282.67,276.65,280.35,380400.0
2020-05-15,285.34,286.84,281.68,283.24,102130.0
2020-05-18,289.6,295.86,288.69,295.6,193480.0
2020-05-19,297.54,297.81,293.72,296.0,103550.0
2020-05-20,293.78,298.18,293.5,298.09,133190.0
2020-05-21,295.37,297.81,294.2,294.79,50330.0
2020-05-22,292.2,295.16,291.17,294.02,78950.0
2020-05-26,301.46,302.58,300.38,301.03,61530.0
2020-05-27,301.66,304.12,297.44,299.38,108220.0
2020-05-28,304.68,306.15,303.56,305.18,119950.0
2020-05-29,303.22,304.96,300.93,301.52,108600.0
2020-06-01,305.72,306.1,302.76,305.05,86110.0
2020-06-02,305.31,308.12,305.12,306.41,74370.0
2020-06-03,309.43,312.37,309.15,312.37,170890.0
2020-06-04,311.23,313.4,310.18,311.93,303180.0
2020-06-05,314.02,321.25,313.47,321.14,179070.0
2020-06-08,319.54,321.81,318.86,320.3,215770.0
2020-06-09,322.9,323.67,319.71,321.43,153460.0
2020-06-10,322.1,323.08,318.65,319.23,169800.0
2020-06-11,314.86,315.13,308.51,308.56,194690.0
2020-06-12,303.36,309.42,300.9,303.86,200890.0
2020-06-15,295.85,302.89,294.85,301.78,128460.0
2020-06-16,310.52,317.39,307.97,313.36,136600.0
2020-06-17,313.43,316.33,311.68,312.94,67840.0
2020-06-18,311.56,313.62,309.14,311.86,53180.0
2020-06-19,313.22,316.16,309.11,313.81,85700.0
2020-06-22,309.17,312.01,308.38,310.64,68070.0
2020-06-23,313.04,316.3,312.99,315.66,68970.0
2020-06-24,313.85,314.23,305.85,305.99,76220.0
2020-06-25,304.5,306.96,302.5,304.4,129820.0
2020-06-26,308.13,309.76,302.43,303.5,187560.0
2020-06-29,303.01,305.0,300.6,304.6,92230.0
2020-06-30,306.3,308.94,304.89,308.3,156750.0
2020-07-01,310.12,312.92,308.1,311.37,186950.0
2020-07-02,313.3,317.4,313.07,315.02,99470.0
2020-07-03,315.45,315.51,312.37,313.2,17550.0
2020-07-06,318.22,319.0,317.41,318.78,399900.0
2020-07-07,317.54,319.24,315.65,318.52,304820.0
2020-07-08,315.24,317.94,314.64,315.31,165160.0
2020-07-09,317.69,318.89,310.0,313.65,64200.0
2020-07-10,313.4,317.98,313.22,316.88,55810.0
2020-07-13,320.99,324.0,320.12,323.87,39070.0
2020-07-14,318.09,318.16,313.9,317.7,357260.0
2020-07-15,322.38,325.05,321.77,323.19,87900.0
2020-07-16,321.98,322.46,320.72,321.43,74400.0
2020-07-17,322.04,323.55,321.35,322.76,218820.0
2020-07-20,321.64,325.04,320.87,324.43,89830.0
2020-07-21,327.69,328.98,327.27,328.24,79130.0
2020-07-22,327.26,327.76,324.89,327.14,176280.0
2020-07-23,329.77,330.19,327.19,328.52,209370.0
2020-07-24,322.5,328.52,321.45,323.16,48650.0
2020-07-27,323.12,324.64,322.65,323.49,63270.0
2020-07-28,325.18,325.49,323.06,324.8,52920.0
2020-07-29,323.49,325.51,323.3,325.45,39670.0
2020-07-30,325.68,325.8,321.38,324.36,54490.0
2020-07-31,327.76,327.94,324.22,325.55,52480.0
2020-08-03,327.8,331.0,327.45,330.68,103680.0
2020-08-04,331.12,331.58,329.0,331.22,114960.0
2020-08-05,333.01,334.21,332.77,333.95,88770.0
2020-08-06,333.87,334.56,331.91,333.39,66030.0
2020-08-07,334.5,336.4,334.3,335.92,58640.0
2020-08-10,336.61,337.27,334.82,336.28,35780.0
2020-08-11,337.8,339.64,337.38,338.88,107510.0
2020-08-12,336.36,339.35,336.28,339.11,63370.0
2020-08-13,338.66,339.88,338.26,339.42,109820.0
2020-08-14,339.08,339.25,336.82,339.01,38080.0
2020-08-17,339.0,340.04,338.71,339.58,33660.0
2020-08-18,339.53,340.78,338.65,340.14,290640.0
2020-08-19,340.65,341.35,340.15,341.35,88420.0
2020-08-20,337.5,339.2,336.84,339.05,242110.0
2020-08-21,340.48,340.65,337.5,340.14,512030.0
2020-08-24,342.6,344.25,342.6,343.56,170480.0
2020-08-25,346.12,346.69,344.13,344.76,246870.0
2020-08-26,345.93,347.29,345.61,347.21,32870.0
2020-08-27,349.4,352.89,348.47,350.96,44560.0
2020-08-28,352.19,352.2,350.09,350.97,35850.0
2020-09-01,352.78,353.5,351.06,352.72,111110.0
2020-09-02,355.86,357.5,355.2,356.54,125180.0
2020-09-03,359.38,360.37,346.91,348.82,195010.0
2020-09-04,346.18,350.22,336.95,339.04,272180.0
2020-09-07,341.32,345.56,341.25,345.28,57170.0
2020-09-08,345.9,345.93,335.69,337.36,137370.0
2020-09-09,335.63,342.05,335.49,341.77,190870.0
2020-09-10,342.0,344.18,339.62,341.93,99680.0
2020-09-11,338.32,339.46,335.5,336.55,60570.0
2020-09-14,340.02,342.0,338.25,341.62,165890.0
2020-09-15,340.96,343.66,340.63,343.39,74810.0
2020-09-16,342.69,344.7,342.11,344.02,117870.0
2020-09-17,334.94,339.26,334.44,338.24,244460.0
2020-09-18,338.02,339.23,335.14,335.14,125820.0
2020-09-21,333.16,333.46,324.68,324.99,206750.0
2020-09-22,329.24,332.12,328.61,329.33,95660.0
2020-09-23,333.54,334.89,331.23,331.23,184920.0
2020-09-24,324.9,327.25,322.94,326.34,104310.0
2020-09-25,327.72,328.8,323.65,328.58,164280.0
2020-09-28,333.94,337.61,333.46,336.87,109960.0
2020-09-29,337.94,337.94,335.67,336.04,102990.0
2020-09-30,333.46,340.06,332.76,339.62,392970.0
2020-10-01,340.99,341.7,338.65,340.58,108740.0
2020-10-02,335.52,338.24,333.49,337.3,444680.0
2020-10-05,338.92,341.85,337.93,341.46,70050.0
2020-10-06,342.28,343.5,341.11,342.55,72040.0
2020-10-07,340.03,342.86,339.71,342.61,110400.0
2020-10-08,346.02,346.54,344.64,345.06,35760.0
2020-10-09,347.68,349.13,347.68,349.13,56730.0
2020-10-12,351.02,355.14,350.72,355.14,715300.0
2020-10-13,354.92,356.19,353.9,354.97,808740.0
2020-10-14,354.88,355.24,352.6,353.22,163340.0
2020-10-15,349.36,349.37,346.48,348.75,110040.0
2020-10-16,351.01,353.8,350.16,352.35,72860.0
2020-10-19,351.77,352.73,348.75,349.37,34400.0
2020-10-20,346.98,349.27,345.77,346.47,46550.0
2020-10-21,348.1,348.6,345.37,346.66,74250.0
2020-10-22,344.59,346.63,343.78,345.62,76740.0
2020-10-23,347.12,349.24,347.03,347.45,63860.0
2020-10-26,344.48,345.98,340.73,340.73,49660.0
2020-10-27,343.62,344.07,341.28,341.94,123950.0
2020-10-28,338.38,338.6,330.55,332.34,137920.0
2020-10-29,332.02,335.65,328.0,332.23,141540.0
2020-10-30,327.41,332.48,326.3,328.72,126170.0
2020-11-02,330.64,335.33,329.84,333.24,147000.0
2020-11-03,334.96,341.08,334.28,340.9,46040.0
2020-11-04,337.64,349.62,337.12,349.22,240420.0
2020-11-05,350.22,355.35,349.61,354.2,113630.0
2020-11-06,352.03,356.96,348.63,353.19,152380.0
2020-11-09,357.91,370.0,357.62,363.61,283730.0
2020-11-10,358.51,358.95,352.92,356.16,204760.0
2020-11-11,357.88,360.39,357.54,359.78,101350.0
2020-11-12,357.81,359.76,357.58,358.48,110600.0
2020-11-13,357.46,359.88,357.45,358.64,107720.0
2020-11-16,364.36,366.7,362.82,364.99,114250.0
2020-11-17,364.02,364.74,361.6,363.98,96080.0
2020-11-18,362.74,365.39,362.66,364.37,79600.0
2020-11-19,359.58,359.88,357.27,358.68,68820.0
2020-11-20,359.3,361.3,359.14,360.52,192750.0
2020-11-23,360.17,361.68,358.28,358.28,79970.0
2020-11-24,363.2,365.67,362.49,365.67,140190.0
2020-11-25,367.14,367.5,364.66,365.4,63200.0
2020-11-26,366.72,366.84,365.56,365.74,61110.0
2020-11-27,365.99,367.52,365.74,366.91,116540.0
2020-11-30,364.36,366.51,362.36,362.82,146520.0
2020-12-01,368.47,370.65,368.16,370.02,299620.0
2020-12-02,368.43,369.28,367.42,369.26,465680.0
2020-12-03,370.0,371.92,368.99,370.91,96530.0
2020-12-04,370.44,372.47,370.0,372.23,259730.00000000003
2020-12-07,372.42,372.82,370.0,372.6,242870.0
2020-12-08,371.05,372.83,369.61,372.83,345490.0
2020-12-09,374.09,375.2,372.3,372.39,200560.0
2020-12-10,370.28,371.2,367.84,370.6,94810.0
2020-12-11,369.81,369.91,365.97,367.75,184380.0
2020-12-14,371.31,372.94,370.61,370.61,109170.0
2020-12-15,368.53,371.9,368.36,369.88,116510.0
2020-12-16,372.59,373.95,372.02,373.45,99080.0
2020-12-17,375.25,375.77,374.6,374.87,97710.0
2020-12-18,374.83,376.21,372.5,373.18,115730.0
2020-12-21,372.9,373.41,363.62,369.42,104780.0
2020-12-22,371.43,373.75,370.98,371.95,196000.0
2020-12-23,372.56,374.49,372.21,373.58,175250.0
2020-12-24,373.37,373.8,373.01,373.04,29270.0
2020-12-29,378.93,379.27,376.75,377.62,326300.0
2020-12-30,377.53,378.16,377.0,377.55,133650.0
2020-12-31,376.57,377.27,375.95,376.75,16930.0
2021-01-04,380.99,381.85,372.5,373.71,80780.0
2021-01-05,372.58,377.18,371.76,374.65,78800.0
2021-01-06,375.36,381.03,372.91,380.69,73140.0
2021-01-07,381.2,384.74,379.25,383.83,83040.0
2021-01-08,385.62,385.97,383.85,384.77,42720.0
2021-01-11,384.27,384.91,382.11,384.59,86280.0
2021-01-12,384.28,385.09,382.69,383.81,83480.0
2021-01-13,384.6,384.84,382.2,384.66,60250.0
2021-01-14,385.54,386.01,384.9,385.16,48230.0
2021-01-15,382.05,382.71,378.49,381.19,67870.0
2021-01-18,379.51,381.15,379.45,381.12,34410.0
2021-01-19,383.3,383.58,381.57,382.0,330400.0
2021-01-20,384.05,388.22,383.86,387.67,140090.0
2021-01-21,390.06,390.28,388.16,388.88,320430.0
2021-01-22,387.42,388.77,385.87,387.74,122660.0
2021-01-25,389.57,389.73,383.33,386.29,202410.0
2021-01-26,387.28,390.67,387.22,389.18,157850.0
2021-01-27,388.31,388.74,380.48,382.15,260570.0
2021-01-28,377.41,385.87,375.07,385.06,284830.0
2021-01-29,377.65,381.83,376.57,377.05,112630.0
2021-02-01,377.38,379.84,376.22,379.56,91330.0
2021-02-02,382.87,387.94,379.6,387.48,243560.0
2021-02-03,388.82,389.04,385.13,386.87,309960.0
2021-02-04,386.6,389.84,386.6,389.45,105030.0
2021-02-05,391.82,393.26,391.55,392.66,116220.0
2021-02-08,393.95,394.91,393.29,393.68,48850.0
2021-02-09,395.35,395.95,394.22,395.0,54260.0
2021-02-10,396.76,397.38,392.8,394.77,59060.0
2021-02-11,395.64,396.7,395.28,395.94,169930.0
2021-02-12,394.91,396.56,393.92,396.49,32310.000000000004
2021-02-15,399.23,399.95,398.15,399.73,32840.0
2021-02-16,399.99,400.05,397.24,397.75,35600.0
2021-02-17,397.22,397.9,394.55,395.09,71490.0
2021-02-18,396.1,397.06,392.7,394.12,102090.0
2021-02-19,395.38,397.75,395.24,397.16,117370.0
2021-02-22,392.3,393.43,390.77,392.76,87670.0
2021-02-23,393.64,394.03,385.06,390.25,113860.0
2021-02-24,391.22,394.82,390.17,394.67,96630.0
2021-02-25,397.32,397.45,392.67,393.26,119370.0
2021-02-26,386.64,390.01,383.32,388.44,199330.0
2021-03-01,389.5,394.49,389.0,393.98,70150.0
2021-03-02,392.44,395.0,391.39,391.98,121510.0
2021-03-03,393.73,394.47,388.0,390.86,160920.0
2021-03-04,385.65,388.04,383.0,386.93,79890.0
2021-03-05,380.19,386.01,377.24,378.23,137630.0
2021-03-08,385.85,392.31,384.29,391.35,92880.0
2021-03-09,389.51,393.91,388.95,393.4,146600.0
2021-03-10,387.38,395.86,387.38,394.54,102350.0
2021-03-11,396.81,400.12,396.54,399.98,46350.0
2021-03-12,397.44,398.0,395.77,397.14,100080.0
2021-03-15,399.02,400.48,397.14,398.84,34880.0
2021-03-16,401.58,402.81,401.03,401.61,118470.0
2021-03-17,400.92,402.05,398.48,399.16,50500.0
2021-03-18,400.98,401.69,398.93,400.87,98260.0
2021-03-19,397.65,398.05,393.48,396.97,71570.0
2021-03-22,395.06,399.1,394.52,399.06,37230.0
2021-03-23,398.16,399.67,396.9,398.45,74560.0
2021-03-24,395.78,398.89,395.29,398.15,87020.0
2021-03-25,394.1,395.14,390.07,393.92,255760.0
2021-03-26,397.27,398.88,396.24,398.88,67420.0
2021-03-29,400.09,403.19,399.18,400.52,79400.0
2021-03-30,401.98,402.39,399.31,400.95,84060.0
2021-03-31,400.52,403.29,400.25,402.94,98700.0
2021-04-01,403.53,405.83,403.19,405.58,94980.0
2021-04-06,412.2,413.62,411.11,413.2,110500.0
2021-04-07,412.93,413.4,411.77,412.7,153810.0
2021-04-08,414.78,414.86,412.5,414.32,50600.0
2021-04-09,415.16,415.9,414.32,415.55,55160.0
2021-04-12,417.17,417.94,416.68,417.24,81830.0
2021-04-13,418.04,418.81,415.82,418.61,210510.0
2021-04-14,419.6,420.37,419.18,419.67,94730.0
2021-04-15,419.21,422.03,419.0,421.24,367600.0
2021-04-16,421.7,424.0,421.58,423.1,232160.0
2021-04-19,422.94,423.6,421.0,421.81,102210.0
2021-04-20,422.3,422.74,417.36,417.36,126610.0
2021-04-21,418.72,421.74,417.64,421.01,54300.0
2021-04-22,422.28,423.52,420.88,423.36,72290.0
2021-04-23,419.38,424.07,419.13,422.88,41460.0
2021-04-26,423.54,424.76,422.7,424.48,86120.0
2021-04-27,424.84,425.33,423.0,423.95,89390.0
2021-04-28,424.59,425.06,423.81,424.46,55740.0
2021-04-29,426.46,427.16,424.39,424.77,56030.0
2021-04-30,425.55,425.79,423.47,423.81,69260.0
2021-05-04,424.2,424.7,418.5,419.33,91710.0
2021-05-05,422.76,424.09,421.68,423.6,55710.0
2021-05-06,422.76,424.0,420.36,423.29,70560.0
2021-05-07,426.0,429.47,425.5,429.28,34100.0
2021-05-10,429.22,429.5,427.77,428.93,57080.0
2021-05-11,422.84,423.17,416.62,420.45,94570.0
2021-05-12,419.65,420.78,415.09,415.09,186160.0
2021-05-13,412.34,418.49,408.91,416.46,79150.0
2021-05-14,419.51,422.84,418.48,422.1,113380.0
2021-05-17,422.6,423.11,420.44,420.84,47260.0
2021-05-18,423.9,424.06,421.0,421.57,94130.0
2021-05-19,417.01,417.45,411.77,414.01,176400.0
2021-05-20,416.96,421.77,414.62,421.77,55510.0
2021-05-21,422.6,424.68,421.85,423.13,53170.0
2021-05-24,422.63,426.71,422.14,426.15,38450.0
2021-05-25,427.29,427.34,424.76,424.76,60490.0
2021-05-26,426.35,426.59,424.31,425.41,162810.0
2021-05-27,424.34,427.25,424.27,426.38,40010.0
2021-05-28,427.15,428.05,426.58,427.35,52280.0
2021-06-01,427.06,429.47,425.98,426.72,78880.0
2021-06-02,425.77,428.13,425.61,427.64,81780.0
2021-06-03,426.8,426.8,422.84,425.79,72250.0
2021-06-04,425.5,428.6,424.68,428.42,48930.0
2021-06-07,428.4,429.54,427.78,428.02,91180.0
2021-06-08,429.15,429.93,426.96,427.84,40660.0
2021-06-09,428.94,429.8,428.72,429.26,42340.0
2021-06-10,428.4,431.2,427.0,429.93,146310.0
2021-06-11,430.18,431.12,429.71,430.11,79570.0
2021-06-14,431.44,432.04,429.88,430.01,41850.0
2021-06-15,432.99,433.11,430.43,430.43,61440.0
2021-06-16,431.18,431.59,430.52,431.03,72040.0
2021-06-17,426.9,429.56,426.46,429.03,62640.0
2021-06-18,428.92,429.1,423.53,424.32,59690.0
2021-06-21,421.98,428.2,421.94,427.83,68770.0
2021-06-22,429.14,430.67,427.9,430.36,93380.0
2021-06-23,432.14,432.14,430.58,430.92,132130.0
2021-06-24,431.61,433.6,431.5,432.92,608110.0
2021-06-25,433.26,434.52,432.92,434.46,123660.0
2021-06-28,434.96,435.46,434.08,434.3,69100.0
2021-06-29,435.08,436.5,435.0,436.15,129690.0
2021-06-30,435.93,436.44,434.57,435.94,75490.0
2021-07-01,436.98,438.12,436.1,437.5,56370.0
2021-07-02,438.74,440.31,438.38,440.31,81380.0
2021-07-05,441.17,442.11,440.91,442.06,12740.0
2021-07-06,441.71,442.06,438.5,439.47,40100.0
2021-07-07,441.02,442.38,439.76,441.53,191190.0
2021-07-08,440.33,440.65,435.59,437.97,69400.0
2021-07-09,439.0,443.23,439.0,443.05,170300.0
2021-07-12,443.11,444.94,441.8,444.36,60960.0
2021-07-13,444.8,445.99,443.44,445.99,121730.0
2021-07-14,442.77,446.14,442.56,444.07,39780.0
2021-07-15,444.01,444.71,442.23,443.39,56340.0
2021-07-16,443.1,444.34,441.17,441.81,662050.0
2021-07-19,438.32,438.41,430.62,433.06,213110.0
2021-07-20,434.63,439.46,433.0,437.92,242070.0
2021-07-21,439.58,442.06,439.28,441.64,85890.0
2021-07-22,443.42,443.85,442.14,442.58,43180.0
2021-07-23,445.06,447.6,444.81,447.4,24910.0
2021-07-26,446.8,449.23,445.23,448.69,65720.0
2021-07-27,448.17,448.94,445.3,445.5,37560.0
2021-07-28,446.87,448.21,446.43,447.27,40690.0
2021-07-29,447.67,450.0,447.27,449.43,93080.0
2021-07-30,445.23,448.2,444.54,446.64,104350.0
2021-08-02,449.03,449.94,447.96,448.51,221020.0
2021-08-03,447.02,448.87,444.33,446.44,85500.0
2021-08-04,449.18,449.7,447.4,447.64,87900.0
2021-08-05,447.31,449.37,447.31,449.31,71160.0
2021-08-06,449.85,453.08,449.44,450.47,57580.0
2021-08-09,449.64,450.72,449.44,450.22,86960.0
2021-08-10,450.11,451.71,449.99,450.9,130760.0
2021-08-11,450.71,452.21,449.98,451.3,64170.0
2021-08-12,451.65,452.99,450.94,452.13,35690.0
2021-08-13,453.45,455.0,453.39,453.88,260400.0
2021-08-16,452.83,454.15,451.24,452.47,50230.0
2021-08-17,453.64,454.04,451.56,452.62,82360.0
2021-08-18,452.46,452.82,451.0,451.53,79160.0
2021-08-19,444.18,447.94,442.68,447.23,73000.0
2021-08-20,446.76,451.76,445.0,450.92,95320.0
2021-08-23,453.3,456.0,452.5,455.94,47350.0
2021-08-24,457.0,457.05,455.72,456.16,59340.0
2021-08-25,456.25,457.78,455.85,457.24,58790.0
2021-08-26,456.48,457.28,454.54,455.7,30650.0
2021-08-27,455.86,458.4,455.4,458.06,64540.00000000001
2021-08-31,462.18,462.26,459.3,460.73,78000.0
2021-09-01,461.88,462.01,460.29,460.9,58270.0
2021-09-02,460.44,462.22,460.31,462.01,77860.0
2021-09-03,462.32,462.6,460.0,461.26,103100.0
2021-09-06,461.96,463.07,461.86,462.68,68140.0
2021-09-07,462.02,462.09,459.21,459.75,49300.0
2021-09-08,459.56,460.93,457.26,457.97,70830.0
2021-09-09,457.21,460.89,456.75,459.36,130740.0
2021-09-10,458.34,459.83,455.75,456.31,26800.0
2021-09-13,455.5,457.22,453.23,454.33,73500.0
2021-09-14,454.83,456.82,452.78,453.79,67650.0
2021-09-15,453.23,453.77,451.71,453.37,79570.0
2021-09-16,455.77,457.16,452.33,453.11,102930.0
2021-09-17,455.88,456.26,451.43,451.96,86780.0
2021-09-20,446.69,447.52,442.83,443.47,81250.0
2021-09-21,446.11,448.5,442.42,445.27,122610.0
2021-09-22,445.56,448.92,444.51,448.03,50300.0
2021-09-23,449.45,453.94,448.87,453.03,1220000.0
2021-09-24,451.97,453.92,450.09,452.19,61120.0
2021-09-27,455.57,455.7,451.51,452.85,28620.0
2021-09-28,450.95,451.06,442.99,444.13,94820.0
2021-09-29,445.86,446.79,443.5,445.14,47770.0
2021-09-30,447.53,447.66,441.59,442.62,105520.0
2021-10-01,435.34,441.23,434.76,440.52,72610.0
2021-10-04,441.3,443.14,436.15,436.2,186460.0
2021-10-05,437.65,444.58,437.58,444.24,59320.0
2021-10-06,440.45,442.61,436.33,438.41,57560.0
2021-10-07,446.91,451.14,446.25,450.57,27820.0
2021-10-08,448.67,449.66,447.21,448.19,50940.0
2021-10-11,445.96,449.66,444.8,449.08,58500.0
2021-10-12,441.01,445.52,440.86,443.64,79500.0
2021-10-13,442.43,444.65,440.87,441.86,50770.0
2021-10-14,447.18,451.93,446.42,450.78,46980.0
2021-10-15,453.47,455.32,452.85,454.89,54990.0
2021-10-18,454.3,456.71,452.85,456.4,101050.0
2021-10-19,458.06,460.38,457.53,459.59,153210.0
2021-10-20,459.82,462.48,459.67,461.85,169370.0
2021-10-21,460.6,462.6,460.21,461.16,221650.0
2021-10-22,462.91,464.37,461.5,461.75,152700.0
2021-10-25,463.7,465.19,462.2,464.62,128600.0
2021-10-26,466.53,468.39,466.28,467.3,59350.0
2021-10-27,466.5,467.11,465.25,466.02,52190.0
2021-10-28,463.95,467.8,463.82,467.57,38880.0
2021-10-29,466.09,468.83,465.35,468.21,37220.0
2021-11-01,470.0,471.36,468.2,469.53,89180.0
2021-11-02,469.87,472.15,469.3,471.81,48720.0
2021-11-03,471.46,471.96,470.82,471.47,1860000.0
2021-11-04,475.07,477.08,475.0,475.8,49130.0
2021-11-05,477.97,480.81,476.56,479.69,32000.0
2021-11-08,477.95,480.25,477.87,479.17,51870.0
2021-11-09,478.24,479.72,476.31,477.12,48400.0
2021-11-10,477.36,477.62,475.32,476.95,67690.0
2021-11-11,474.39,475.62,473.92,474.67,28060.0
2021-11-12,474.21,477.42,474.0,477.08,45170.0
2021-11-15,477.64,479.33,477.31,477.93,91620.0
2021-11-16,477.48,480.81,476.73,479.96,36380.0
2021-11-17,479.36,479.8,477.56,478.49,38910.0
2021-11-18,479.12,479.98,476.46,478.87,82080.0
2021-11-19,481.54,481.64,478.14,480.1,28550.0
2021-11-22,480.45,483.76,479.8,482.47,66790.0
2021-11-23,476.67,479.06,474.5,476.17,47630.0
2021-11-24,477.97,478.66,475.15,478.16,54480.0
2021-11-25,480.98,481.2,479.66,480.06,23980.0
2021-11-26,471.57,474.0,468.0,468.65,96820.0
2021-11-29,473.04,474.5,471.6,473.39,191630.0
2021-11-30,470.54,473.74,466.5,467.74,222850.0
2021-12-01,470.03,474.54,469.26,474.16,94740.0
2021-12-02,462.83,467.76,459.84,464.56,58560.0
2021-12-03,467.12,470.06,460.8,463.25,66670.0
2021-12-06,465.45,468.17,462.55,467.61,62320.0
2021-12-07,472.14,478.9,471.94,478.21,105550.0
2021-12-08,479.03,480.8,476.82,477.47,39300.0
2021-12-09,479.44,479.53,477.16,478.45,56980.0
2021-12-10,476.79,480.23,476.6,477.74,64470.0
2021-12-13,482.0,482.64,476.8,476.98,83950.0
2021-12-14,477.68,478.86,470.94,471.31,61900.0
2021-12-15,473.83,474.08,470.56,470.92,138700.0
2021-12-16,482.54,484.91,479.94,480.14,65090.0
2021-12-17,476.8,476.99,469.5,473.88,102600.0
2021-12-20,465.54,466.98,462.62,462.78,72470.0
2021-12-21,468.97,471.24,467.98,469.9,139700.0
2021-12-22,473.87,478.3,472.94,478.09,68140.0
2021-12-23,479.88,483.13,479.2,482.78,305140.0
2021-12-24,481.87,484.38,481.87,482.86,12880.0
2021-12-29,489.82,490.09,487.98,488.31,118550.0
2021-12-30,489.31,490.87,489.07,490.26,51570.0
2021-12-31,487.65,488.36,486.35,487.33,140020.0
2022-01-04,490.72,493.75,488.34,489.19,126730.0
2022-01-05,488.99,489.82,488.0,488.71,169670.0
2022-01-06,479.78,482.35,477.21,480.19,103310.0
2022-01-07,480.06,481.27,476.18,477.88,162480.0
2022-01-10,478.65,479.26,467.95,470.81,139350.0
2022-01-11,477.3,479.6,473.77,477.9,109700.0
2022-01-12,482.12,484.85,480.54,482.51,66470.0
2022-01-13,481.59,484.33,480.9,482.5,174740.0
2022-01-14,476.2,482.5,471.43,473.56,52800.0
2022-01-17,476.21,477.44,475.44,476.64,26640.0
2022-01-18,474.2,474.2,468.1,468.1,133510.0
2022-01-19,464.73,471.02,464.2,466.52,142760.0
2022-01-20,465.04,470.04,463.5,469.44,110590.0
2022-01-21,457.42,459.09,451.65,457.88,303540.0
2022-01-24,451.42,453.03,435.44,437.95,227850.0
2022-01-25,445.48,448.63,437.8,441.91,155100.0
2022-01-26,446.07,454.06,445.91,451.79,135630.0
2022-01-27,440.59,452.67,440.12,450.01,75980.0
2022-01-28,444.65,446.56,436.74,445.77,127140.0
2022-01-31,453.1,458.2,450.0,456.14,78390.0
2022-02-01,460.64,462.0,457.5,461.47,83050.0
2022-02-02,466.56,468.66,464.32,465.15,108810.0
2022-02-03,464.91,465.1,460.88,462.34,1240000.0
2022-02-04,462.33,463.0,454.52,457.69,228490.0
2022-02-07,460.22,461.92,457.97,459.68,152850.0
2022-02-08,458.28,460.78,456.32,460.78,241400.0
2022-02-09,463.24,468.2,463.0,467.61,91440.0
2022-02-10,468.35,469.05,462.09,465.49,63760.0
2022-02-11,457.92,462.58,457.35,458.91,154840.0
2022-02-14,452.42,452.42,445.75,450.71,154630.0
2022-02-15,449.38,457.33,448.84,456.62,171930.0
2022-02-16,456.43,458.79,453.36,454.14,81230.0
2022-02-17,457.01,457.27,450.6,452.31,76390.0
2022-02-18,450.23,451.85,444.45,445.51,158610.0
2022-02-21,448.45,449.34,440.23,440.5,32250.0
2022-02-22,436.35,446.05,436.07,442.48,95250.0
2022-02-23,442.87,444.88,437.14,437.76,146680.0
2022-02-24,423.26,429.73,420.0,428.31,249450.0
2022-02-25,435.17,446.51,433.0,446.24,199760.0
2022-02-28,441.82,448.68,439.46,448.18,89230.0
2022-03-01,449.01,450.0,442.0,442.0,92040.0
2022-03-02,439.75,448.4,438.65,448.4,78790.0
2022-03-03,448.07,452.35,444.43,446.46,161000.0
2022-03-04,445.14,446.1,438.26,439.21,229650.0
2022-03-07,436.3,442.79,434.0,435.66,167150.0
2022-03-08,427.21,435.46,425.7,426.43,122720.0
2022-03-09,431.34,437.38,429.95,436.97,122050.0
2022-03-10,437.35,437.37,430.78,431.15,149250.0
2022-03-11,436.4,443.22,434.64,434.65,116670.0
2022-03-14,432.96,435.65,427.0,429.93,115170.0
2022-03-15,425.75,434.71,423.64,434.44,127140.0
2022-03-16,439.49,445.0,439.29,443.56,550730.0
2022-03-17,446.17,448.28,443.25,448.23,221820.0
2022-03-18,450.13,453.64,447.69,453.64,101410.0
2022-03-21,455.49,458.88,454.98,456.3,95680.0
2022-03-22,456.97,462.08,456.74,460.72,116190.0
2022-03-23,462.08,462.31,458.0,459.39,162210.0
2022-03-24,457.74,461.26,457.0,459.23,189480.0
2022-03-25,463.39,465.48,460.86,462.48,88180.0
2022-03-28,463.32,466.38,462.64,463.98,42470.0
2022-03-29,469.73,473.95,468.74,472.21,75530.0
2022-03-30,473.86,473.91,471.34,472.08,284030.0
2022-03-31,472.22,472.87,469.18,470.17,148030.0
2022-04-01,466.34,467.05,462.6,463.68,135120.0
2022-04-04,466.0,467.8,464.5,467.55,56700.0
2022-04-05,469.03,470.41,466.26,467.42,95160.0
2022-04-06,464.04,464.38,456.7,457.29,120200.0
2022-04-07,458.9,461.86,456.35,456.64,88750.0
2022-04-08,462.21,464.1,458.19,461.93,69100.0
2022-04-11,459.04,460.42,453.58,454.66,64010.00000000001
2022-04-12,450.5,457.6,449.4,456.71,44240.0
2022-04-13,452.94,454.2,449.5,453.73,53230.0
2022-04-14,455.73,456.95,452.64,453.88,29000.0
2022-04-19,451.36,456.02,448.3,455.68,113630.0
2022-04-20,455.15,459.7,454.82,457.93,39220.0
2022-04-21,458.92,462.33,458.0,458.53,49310.0
2022-04-22,449.76,450.68,442.57,444.0,183170.0
2022-04-25,433.01,436.28,431.5,432.54,204870.0
2022-04-26,439.93,440.08,430.65,432.3,105270.0
2022-04-27,430.44,433.57,426.5,432.08,102650.0
2022-04-28,433.73,436.83,429.2,432.79,110790.0
2022-04-29,438.06,438.33,430.25,433.01,59440.0
2022-05-03,426.41,430.0,423.64,429.6,157280.0
2022-05-04,428.62,429.94,425.45,425.45,48160.0
2022-05-05,439.35,439.77,424.16,426.42,82830.0
2022-05-06,424.15,426.0,416.92,423.09,237300.0
2022-05-09,418.9,420.15,410.58,411.63,95340.0
2022-05-10,413.43,417.04,406.96,407.7,70900.0
2022-05-11,411.58,415.69,405.1,413.13,322180.0
2022-05-12,401.46,406.56,397.5,402.63,343260.0
2022-05-13,406.5,414.0,405.53,412.37,70130.0
2022-05-16,409.81,412.85,408.58,410.04,60920.0
2022-05-17,413.16,418.76,412.92,416.72,68280.0
2022-05-18,417.89,418.5,403.91,408.17,135900.0
2022-05-19,401.75,402.58,395.9,401.7,214140.0
2022-05-20,402.46,405.48,394.21,397.42,122220.0
2022-05-23,404.98,407.65,401.0,407.52,167880.0
2022-05-24,402.38,404.23,397.5,398.65,51680.0
2022-05-25,406.24,408.16,401.87,405.61,170410.0
2022-05-26,407.35,415.79,407.28,414.86,246670.0
2022-05-27,416.16,423.95,415.81,423.16,53390.0
2022-05-30,430.2,431.38,427.72,429.29,109550.0
2022-05-31,425.9,427.56,421.22,422.83,84400.0
2022-06-01,425.58,427.47,419.09,419.66,79070.0
2022-06-06,424.41,427.89,423.55,424.3,169500.0
2022-06-07,420.82,424.79,418.65,422.8,75310.0
2022-06-08,425.73,427.04,423.94,426.52,133240.0
2022-06-09,422.38,425.14,419.18,420.01,47880.0
2022-06-10,413.51,415.14,400.66,400.94,79800.0
2022-06-13,393.0,394.93,384.87,387.86,306490.0
2022-06-14,390.1,390.62,383.0,384.78,65620.0
2022-06-15,385.27,389.6,384.5,386.9,204710.0
2022-06-16,385.45,386.36,375.38,377.15,136700.0
2022-06-17,378.35,381.0,373.62,377.45,157190.0
2022-06-20,378.87,381.52,377.94,381.09,53010.0
2022-06-21,382.13,387.94,382.12,386.96,466510.0
2022-06-22,381.94,389.66,379.02,388.93,133600.0
2022-06-23,385.16,389.89,383.44,387.9,183710.0
2022-06-24,391.78,399.71,391.38,398.67,1300000.0
2022-06-27,401.66,405.3,399.96,402.38,203490.0
2022-06-28,402.47,405.22,394.63,398.1,41960.0
2022-06-29,391.78,394.12,390.46,392.19,176710.0
2022-06-30,387.5,391.02,384.13,388.48,118700.0
2022-07-01,385.69,391.87,384.46,388.82,47460.0
2022-07-04,391.27,392.23,389.89,391.51,23080.0
2022-07-05,394.75,394.81,384.47,385.56,48180.0
2022-07-06,393.14,395.21,390.8,392.03,150730.0
2022-07-07,396.11,400.01,395.3,399.35,74750.0
2022-07-08,399.52,402.71,397.2,402.5,143340.0
2022-07-11,396.99,399.04,395.5,396.74,109320.0
2022-07-12,393.85,398.06,392.65,396.83,75110.0
2022-07-13,393.91,394.98,385.5,390.45,186760.0
2022-07-14,389.14,389.55,382.53,385.26,40190.0
2022-07-15,389.28,396.74,388.38,396.24,22220.0
2022-07-18,399.25,401.56,399.13,399.78,124990.0
2022-07-19,394.6,402.18,393.88,401.95,185790.0
2022-07-20,405.72,408.22,402.95,407.62,93130.0
2022-07-21,407.13,408.58,403.8,408.0,78530.0
2022-07-22,409.55,412.24,407.96,408.36,82390.0
2022-07-25,406.95,409.75,406.0,408.11,50410.0
2022-07-26,406.5,407.26,402.46,403.52,45990.0
2022-07-27,406.42,409.26,406.14,408.53,67030.0
2022-07-28,412.72,418.59,410.34,415.98,113200.0
2022-07-29,421.66,423.65,419.61,421.14,181060.0
2022-08-01,423.56,426.24,421.07,425.1,66710.0
2022-08-02,421.72,423.99,419.66,422.72,466660.0
2022-08-03,421.43,427.49,420.69,425.46,121480.0
2022-08-04,426.5,429.0,425.0,426.24,161670.0
2022-08-05,427.5,427.75,422.0,423.64,312060.0
2022-08-08,427.14,430.5,426.82,428.54,159230.0
2022-08-09,426.34,426.94,423.03,424.27,55050.0
2022-08-10,423.6,433.08,423.0,432.24,80060.0
2022-08-11,434.66,438.0,433.1,435.24,108720.0
2022-08-12,433.98,436.78,433.6,436.54,112980.0
2022-08-15,439.01,441.85,436.98,439.64,27410.0
2022-08-16,441.09,443.79,440.02,442.46,59920.0
2022-08-17,442.77,442.94,438.5,439.12,128520.0
2022-08-18,438.3,441.28,437.91,440.62,70380.0
2022-08-19,438.34,439.39,434.64,435.14,45360.0
2022-08-22,432.74,433.12,425.85,428.16,86700.0
2022-08-23,424.34,428.18,424.25,425.78,100620.0
2022-08-24,424.05,427.6,422.92,427.13,61010.0
2022-08-25,430.14,430.8,426.93,428.46,29210.0
2022-08-26,431.63,433.86,422.33,423.98,37590.0
2022-08-30,416.11,419.24,408.54,411.61,82770.0
2022-08-31,412.86,413.46,408.99,409.95,91150.0
2022-09-01,404.92,406.44,401.88,403.91,90530.0
2022-09-02,408.83,413.82,407.7,413.14,63170.0
2022-09-05,405.39,405.96,403.62,405.05,16129.999999999998
2022-09-06,406.02,408.03,400.4,405.11,46750.0
2022-09-07,402.06,406.55,401.0,405.78,38580.0
2022-09-08,410.55,412.92,406.15,412.67,31580.0
2022-09-09,413.65,418.58,413.65,418.14,29150.0
2022-09-12,419.79,424.26,419.65,423.66,31170.0
2022-09-13,425.07,428.0,409.9,410.38,93930.0
2022-09-14,406.52,408.13,403.74,406.41,119610.0
2022-09-15,406.72,407.92,402.55,403.84,164140.0
2022-09-16,398.77,399.39,395.5,396.98,58260.0
2022-09-20,402.59,403.85,396.0,397.93,52520.0
2022-09-21,396.72,400.63,395.52,399.44,77800.0
2022-09-22,388.27,393.46,386.42,387.52,110990.0
2022-09-23,385.71,387.16,379.72,380.5,59000.0
2022-09-26,377.85,382.87,377.09,378.78,202260.0
2022-09-27,380.38,383.22,377.3,378.26,308120.0
2022-09-28,373.59,380.86,371.14,379.77,118930.0
2022-09-29,381.01,382.66,373.16,375.55,94610.0
2022-09-30,376.84,379.33,372.5,377.78,167150.0
2022-10-03,370.39,378.77,368.66,377.4,229300.0
2022-10-04,383.37,390.38,383.06,389.94,67980.0
2022-10-05,388.67,389.08,383.72,385.47,173510.0
2022-10-06,389.6,391.52,386.31,388.54,91290.0
2022-10-07,384.12,386.99,377.42,377.95,163280.0
2022-10-10,373.42,376.95,371.78,372.82,54070.0
2022-10-11,370.04,372.86,367.94,372.18,126630.0
2022-10-12,372.68,373.57,368.64,370.68,113360.0
2022-10-13,368.94,375.33,360.1,372.99,258680.0
2022-10-14,380.46,383.73,370.81,373.42,115060.0
2022-10-17,372.88,380.59,371.98,378.89,71380.0
2022-10-18,385.09,388.32,380.45,381.38,78870.0
2022-10-19,384.47,386.04,380.56,381.94,194610.0
2022-10-20,380.47,385.44,378.61,383.49,118360.0
2022-10-21,377.36,383.33,374.71,381.27,75440.0
2022-10-24,387.78,391.6,384.39,389.49,160760.0
2022-10-25,392.38,396.69,389.99,396.69,54260.0
2022-10-26,394.69,400.49,394.22,400.49,51250.0
2022-10-27,396.19,398.18,393.68,395.64,99950.0
2022-10-28,389.56,400.95,388.76,398.49,165360.0
2022-10-31,401.84,401.9,398.62,399.61,96840.0
2022-11-01,401.95,404.14,396.54,397.82,118350.0
2022-11-02,398.39,399.46,394.7,394.94,69560.0
2022-11-03,387.87,389.04,381.5,385.73,162450.0
2022-11-04,384.57,391.73,382.5,385.49,100690.0
2022-11-07,387.12,391.89,387.0,390.93,87450.0
2022-11-08,392.03,398.16,391.51,397.89,100200.0
2022-11-09,394.98,396.02,390.52,392.1,136990.0
2022-11-10,387.12,404.86,387.12,404.77,656220.0
2022-11-11,411.33,411.88,407.24,408.15,78900.0
2022-11-14,411.08,412.64,409.79,411.78,310810.0
2022-11-15,411.24,417.31,410.86,415.3,177090.0
2022-11-16,413.5,413.85,408.92,409.98,86530.0
2022-11-17,410.73,411.41,403.51,405.04,55870.0
2022-11-18,407.61,411.8,406.67,409.15,82120.0
2022-11-21,407.77,410.0,406.66,407.06,27810.0
2022-11-22,407.99,411.39,406.96,410.84,345990.0
2022-11-23,414.18,416.41,412.96,415.78,24310.0
2022-11-24,416.8,417.82,416.66,417.34,14550.0
2022-11-25,417.03,417.45,415.32,416.11,25850.0
2022-11-28,413.78,415.0,411.66,412.15,71280.0
2022-11-29,411.28,411.82,406.9,407.71,94640.0
2022-11-30,409.69,410.54,406.91,408.91,60390.0
2022-12-01,421.95,423.74,418.71,421.05,94860.0
2022-12-02,420.77,421.73,413.68,418.86,114910.0
2022-12-05,419.56,419.84,415.13,415.6,41070.0
2022-12-06,413.55,414.53,408.08,409.14,58300.0
2022-12-07,407.45,409.12,404.33,405.99,45800.0
2022-12-08,407.49,410.74,406.8,409.15,102640.0
2022-12-09,411.4,414.76,407.5,410.51,54830.0
2022-12-12,406.4,409.08,406.26,408.42,43460.0
2022-12-13,412.81,427.59,412.44,419.45,273020.0
2022-12-14,415.95,418.82,414.73,418.48,91910.0
2022-12-15,411.08,412.92,402.66,403.19,135140.0
2022-12-16,402.03,402.51,396.57,397.67,97670.0
2022-12-19,398.81,400.55,394.57,395.52,354670.0
2022-12-20,392.17,396.85,391.5,394.37,233230.0
2022-12-21,397.19,402.09,396.19,401.75,166290.0
2022-12-22,401.84,402.61,389.84,393.94,111810.0
2022-12-23,395.71,397.5,395.2,396.52,26230.0
2022-12-28,397.4,398.47,393.38,393.71,409040.0
2022-12-29,392.33,398.66,391.75,398.31,376780.0
2022-12-30,396.69,397.33,394.25,396.09,21670.0
2023-01-03,399.54,401.84,394.08,394.28,167640.0
2023-01-04,396.86,399.82,394.76,399.82,57210.0
2023-01-05,397.61,399.83,393.5,393.9,76180.0
2023-01-06,394.53,400.83,393.17,400.74,67290.0
2023-01-09,403.39,408.91,403.17,408.19,31590.0
2023-01-10,402.29,405.11,400.66,402.9,119350.0
2023-01-11,405.32,408.47,405.2,407.89,131370.0
2023-01-12,410.69,414.09,407.45,410.42,72460.0
2023-01-13,412.21,412.68,408.11,410.71,32530.0
2023-01-16,413.68,414.28,411.75,413.69,32800.0
2023-01-17,412.65,416.08,412.37,413.24,180740.0
2023-01-18,413.89,415.44,409.89,409.89,1170000.0
2023-01-19,405.89,406.66,402.65,402.67,550540.0
2023-01-20,405.11,408.0,403.39,407.36,117370.0
2023-01-23,411.28,417.51,410.49,416.51,53810.0
2023-01-24,416.11,416.27,413.16,415.62,39500.0
2023-01-25,414.76,415.15,408.86,411.46,96740.0
2023-01-26,417.09,419.68,415.52,416.6,87960.0
2023-01-27,419.14,422.27,418.72,421.27,68570.0
2023-01-30,419.15,420.81,417.0,418.76,71410.0
2023-01-31,417.02,418.98,413.55,418.73,124400.0
2023-02-01,421.25,422.08,419.54,420.97,77470.0
2023-02-02,427.7,433.28,427.66,433.28,98820.0
2023-02-03,429.71,432.87,426.78,432.87,214380.0
2023-02-06,426.47,427.38,423.86,426.72,89860.0
2023-02-07,426.22,426.91,424.11,426.12,72350.0
2023-02-08,431.03,431.29,426.26,426.35,141530.0
2023-02-09,428.57,431.0,427.0,427.33,52590.0
2023-02-10,422.78,423.73,419.66,422.34,79960.0
2023-02-13,423.23,427.78,422.8,427.17,86380.0
2023-02-14,428.65,432.5,424.75,424.78,69480.0
2023-02-15,426.18,428.11,425.33,427.42,94870.0
2023-02-16,430.64,431.14,424.0,427.11,297160.0
2023-02-17,421.95,423.09,419.8,420.06,45500.0
2023-02-20,421.27,422.81,421.27,421.5,81360.0
2023-02-21,420.39,420.99,415.99,416.17,37590.0
2023-02-22,415.2,415.9,412.97,414.64,104580.0
2023-02-23,415.72,417.77,413.05,413.39,85090.0
2023-02-24,415.18,415.46,408.77,410.63,149790.0
2023-02-27,412.55,416.65,412.48,413.01,56260.0
2023-02-28,411.7,414.61,411.33,413.03,471680.0
2023-03-01,412.47,413.35,408.5,409.66,81340.0
2023-03-02,407.12,409.5,406.76,408.79,99340.0
2023-03-03,412.09,416.8,412.09,416.55,88390.0
2023-03-06,420.19,423.04,419.09,422.2,63450.0
2023-03-07,420.53,421.25,415.32,415.46,41440.0
2023-03-08,413.77,414.99,412.08,413.14,67510.0
2023-03-09,413.85,416.72,412.65,414.64,51350.0
2023-03-10,403.55,408.68,402.35,408.09,216290.0
2023-03-13,406.74,406.88,394.94,401.7,178940.0
2023-03-14,401.32,408.59,400.5,407.19,147470.0
2023-03-15,407.07,407.31,397.87,399.92,254480.0
2023-03-16,405.72,410.71,401.0,408.27,83570.0
2023-03-17,411.55,412.65,404.95,407.41,212650.0
2023-03-20,404.17,410.55,401.76,408.39,92500.0
2023-03-21,411.12,414.97,410.98,413.39,118530.0
2023-03-22,414.56,416.72,414.24,414.84,51390.0
2023-03-23,411.69,415.92,409.81,414.43,96300.0
2023-03-24,411.4,411.43,405.72,409.15,443900.0
2023-03-27,414.66,415.68,412.04,413.56,57900.0
2023-03-28,414.32,414.63,411.3,412.49,51490.0
2023-03-29,415.2,417.01,415.12,416.36,756750.0
2023-03-30,418.98,421.2,418.98,420.2,80060.0
2023-03-31,421.15,424.1,420.47,423.88,89400.0
2023-04-03,425.77,428.63,425.42,426.42,489490.0
2023-04-04,428.42,430.01,425.48,425.95,32330.0
2023-04-05,426.13,426.55,423.2,424.29,76140.0
2023-04-06,424.44,425.53,422.74,424.23,60100.0
2023-04-11,427.42,428.37,426.02,426.99,81130.0
2023-04-12,426.76,431.76,425.5,426.72,36510.0
2023-04-13,426.17,428.62,425.24,427.85,44610.0
2023-04-14,430.31,432.53,428.91,429.1,71690.0
2023-04-17,430.8,431.42,429.0,429.18,45470.0
2023-04-18,431.69,433.64,430.45,431.23,3350000.0
2023-04-19,430.45,430.94,428.83,430.45,32750.0
2023-04-20,430.57,430.57,428.15,429.27,122850.0
2023-04-21,428.68,429.68,427.5,429.05,42650.0
2023-04-24,427.63,430.4,427.43,428.76,32300.0
2023-04-25,428.89,428.93,425.64,426.47,58210.0
2023-04-26,425.23,425.41,422.0,424.5,50680.0
2023-04-27,423.32,427.65,422.96,425.9,70870.0
2023-04-28,428.94,432.2,427.43,431.53,66030.0
2023-05-02,433.28,433.9,425.35,425.39,91590.0
2023-05-03,428.76,429.9,427.56,428.22,329610.0
2023-05-04,425.73,426.21,420.8,422.05,32140.0
2023-05-05,423.86,428.9,423.27,428.41,70120.0
2023-05-09,429.71,429.74,427.69,428.93,74820.0
2023-05-10,428.81,432.58,426.92,429.45,62170.0
2023-05-11,430.93,431.97,427.28,429.08,35420.0
2023-05-12,430.44,431.65,427.91,428.01,22660.0
2023-05-15,430.32,430.87,427.5,429.1,65780.0
2023-05-16,428.95,430.37,427.9,428.64,37170.0
2023-05-17,427.92,430.01,427.49,429.17,72650.0
2023-05-18,432.24,435.37,431.59,434.69,51980.0
2023-05-19,437.12,438.47,435.45,435.96,134220.0
2023-05-22,435.79,437.8,435.0,436.9,26120.0
2023-05-23,436.4,436.56,432.83,435.22,27850.0
2023-05-24,431.15,431.46,427.0,428.3,94850.0
2023-05-25,431.09,432.52,429.47,430.49,30820.0
2023-05-26,431.92,437.25,430.85,436.28,39670.0
2023-05-30,439.06,440.57,436.45,438.11,415860.0
2023-05-31,436.15,437.37,433.67,433.8,119400.0
2023-06-01,435.96,437.95,434.19,437.88,57570.0
2023-06-02,440.57,445.5,440.42,445.19,93750.0
2023-06-05,445.6,447.18,445.28,446.84,116260.0
2023-06-06,445.51,446.33,443.86,445.32,65440.0
2023-06-07,445.97,447.47,444.87,445.87,32550.0
2023-06-08,443.97,446.06,443.68,446.03,45220.0
2023-06-09,446.58,449.99,445.8,447.7,227400.0
2023-06-12,449.14,449.84,448.24,449.01,56430.0
2023-06-13,453.19,455.4,451.5,454.69,195990.0
2023-06-14,455.0,457.38,454.85,456.87,73090.0
2023-06-15,455.14,459.39,453.18,458.99,120880.0
2023-06-16,460.69,463.37,460.24,460.86,186160.0
2023-06-19,459.18,459.95,457.98,458.4,18090.0
2023-06-20,458.06,458.69,454.95,455.99,361090.0
2023-06-21,456.6,457.69,454.27,455.2,161580.0
2023-06-22,453.75,455.9,453.3,454.98,64120.00000000001
2023-06-23,454.63,455.45,452.36,452.86,71070.0
2023-06-26,453.55,454.6,451.62,452.59,39380.0
2023-06-27,452.44,456.37,451.28,453.7,118510.0
2023-06-28,455.45,456.82,454.29,456.19,172680.0
2023-06-29,456.37,458.29,455.49,457.36,121120.0
2023-06-30,458.37,463.53,458.19,462.45,392050.0
2023-07-03,463.56,464.36,462.8,463.81,79020.0
2023-07-04,464.19,464.95,463.69,464.16,36420.0
2023-07-05,463.02,464.1,461.54,463.98,70610.0
2023-07-06,461.96,461.96,457.0,457.6,127630.0
2023-07-07,459.17,460.48,458.27,460.1,358430.0
2023-07-10,456.86,459.93,456.15,458.86,264640.0
2023-07-11,460.48,461.34,459.14,460.45,101390.0
2023-07-12,462.86,467.77,462.86,466.77,116690.0
2023-07-13,467.42,469.14,467.1,468.27,41840.0
2023-07-14,469.55,471.85,469.48,471.05,52390.0
2023-07-17,469.27,471.44,468.76,470.92,44930.0
2023-07-18,471.21,473.51,470.5,472.74,64930.00000000001
2023-07-19,475.18,477.07,474.68,476.74,63230.0
2023-07-20,474.8,476.11,473.45,474.65,68650.0
2023-07-21,473.8,475.46,472.85,474.43,35150.0
2023-07-24,472.77,475.26,472.6,474.7,44440.0
2023-07-25,475.47,476.62,474.5,475.91,74470.0
2023-07-26,476.61,476.8,474.76,475.09,177030.0
2023-07-27,477.84,480.44,477.82,478.68,124320.0
2023-07-28,474.62,478.36,474.33,478.09,105310.0
2023-07-31,477.41,478.97,477.07,477.87,393630.0
2023-08-01,478.56,478.6,476.37,476.85,50790.0
2023-08-02,474.76,475.52,470.8,471.95,66990.0
2023-08-03,469.77,470.69,467.69,469.72,73650.0
2023-08-04,471.27,472.4,468.27,471.97,73320.0
2023-08-07,468.51,470.35,467.84,468.88,35390.0
2023-08-08,469.5,470.5,465.53,466.35,49420.0
2023-08-09,469.93,471.14,466.06,466.68,39030.0
2023-08-10,467.84,472.02,467.09,469.59,45750.0
2023-08-11,466.77,467.13,463.49,464.57,71320.0
2023-08-14,465.49,467.82,464.57,467.18,28220.0
2023-08-15,468.74,469.09,463.7,465.1,101490.0
2023-08-16,463.35,464.44,462.03,463.58,68640.0
2023-08-17,460.62,461.51,458.98,459.32,66510.0
2023-08-18,456.33,456.97,452.47,455.1,80510.0
2023-08-21,455.78,458.93,455.6,456.11,28920.0
2023-08-22,459.44,461.96,458.23,459.46,49400.0
2023-08-23,459.61,462.35,458.04,462.08,45370.0
2023-08-24,466.5,467.15,459.83,459.87,44260.0
2023-08-25,456.6,461.02,454.8,457.68,130310.0
2023-08-29,463.41,468.39,462.06,467.71,107470.0
2023-08-30,469.75,472.09,468.58,471.13,68850.0
2023-08-31,472.15,473.38,471.63,472.06,404880.0
2023-09-01,471.21,474.61,470.97,471.32,47130.0
2023-09-04,471.89,472.66,470.9,471.15,20860.0
2023-09-05,470.58,471.48,469.4,470.7,57660.0
2023-09-06,468.94,468.99,465.4,465.86,162050.0
2023-09-07,465.32,465.86,462.77,465.14,37860.0
2023-09-08,466.16,467.15,463.82,466.98,197450.0
2023-09-11,467.33,469.11,466.67,467.32,75900.0
2023-09-12,468.55,468.88,466.42,467.17,186200.0
2023-09-13,466.16,467.86,464.19,467.66,98680.0
2023-09-14,468.1,470.59,467.41,470.02,81900.0
2023-09-15,471.72,471.9,466.08,466.41,44480.0
2023-09-18,465.78,466.45,463.95,466.14,45730.0
2023-09-19,465.15,466.29,461.98,462.58,51980.0
2023-09-20,464.35,466.23,464.28,465.21,41410.0
2023-09-21,459.35,459.42,454.9,455.54,60530.0
2023-09-22,453.27,455.12,452.77,455.12,200700.0
2023-09-25,452.74,453.54,449.18,452.21,74610.0
2023-09-26,450.77,452.07,447.77,447.97,271200.0
2023-09-27,448.35,449.06,445.89,446.76,49560.0
2023-09-28,447.15,449.56,445.7,449.56,114010.0
2023-09-29,450.83,452.91,449.64,450.75,439120.0
2023-10-02,450.84,451.45,446.7,449.02,73750.0
2023-10-03,448.2,449.45,441.4,441.6,106270.0
2023-10-04,439.31,443.95,439.12,443.3,79840.0
2023-10-05,444.76,446.26,441.84,442.39,41460.0
2023-10-06,444.5,450.25,440.23,447.46,183700.0
2023-10-09,447.05,450.02,446.2,449.71,30030.0
2023-10-10,453.42,458.33,453.2,457.82,70870.0
2023-10-11,455.89,457.73,454.91,455.74,62470.0
2023-10-12,459.63,460.41,456.31,457.46,336840.0
2023-10-13,455.46,457.73,452.8,453.45,80090.0
2023-10-16,454.16,458.31,452.38,457.55,59930.0
2023-10-17,456.63,458.44,453.69,457.74,53030.0
2023-10-18,456.03,456.83,453.37,454.05,79520.0
2023-10-19,450.67,453.9,449.24,451.5,241960.0
2023-10-20,446.13,447.55,442.73,442.8,105810.0
2023-10-23,442.61,443.66,438.26,443.1,58430.0
2023-10-24,442.91,445.37,441.75,443.63,65140.0
2023-10-25,442.65,443.61,439.5,441.11,35820.0
2023-10-26,435.16,437.65,432.26,434.81,55550.0
2023-10-27,434.61,435.58,432.0,433.51,128050.0
2023-10-30,433.33,435.57,432.44,433.97,434430.0
2023-10-31,434.99,438.52,434.45,436.42,205460.0
2023-11-01,437.95,442.41,436.54,440.65,48640.0
2023-11-02,444.67,451.16,444.46,450.05,61790.0
2023-11-03,451.15,457.35,450.69,456.94,78330.0
2023-11-06,456.53,457.5,456.0,456.62,81630.0
2023-11-07,455.57,458.82,455.0,458.62,45960.0
2023-11-08,457.66,459.41,457.02,457.92,51370.0
2023-11-09,458.61,460.21,457.48,459.04,27020.0
2023-11-10,456.12,458.12,454.41,457.81,30420.0
2023-11-13,460.75,462.57,459.78,462.01,28800.0
2023-11-14,462.39,471.67,461.55,471.2,60410.0
2023-11-15,471.52,473.5,471.28,472.6,364680.0
2023-11-16,471.53,472.6,470.12,470.12,109020.0
2023-11-17,472.54,473.95,471.2,471.82,473540.0
2023-11-20,472.37,474.86,472.25,474.79,31480.0
2023-11-21,476.03,476.37,473.83,474.65,59400.0
2023-11-22,475.45,478.48,475.08,476.9,450910.0
2023-11-23,477.52,477.81,477.11,477.72,19230.0
2023-11-24,477.38,478.36,476.79,477.0,67480.0
2023-11-27,476.65,477.32,476.01,476.88,101950.0
2023-11-28,476.36,478.38,475.27,478.38,96700.0
2023-11-29,477.6,480.57,477.01,477.3,62380.0
2023-11-30,477.54,478.87,476.06,476.33,412640.0
2023-12-01,478.43,481.36,477.42,479.95,79820.0
2023-12-04,480.05,480.64,476.44,477.06,101290.0
2023-12-05,477.05,479.77,476.54,478.86,286260.0
2023-12-06,480.33,481.28,478.1,478.1,79180.0
2023-12-07,477.05,480.48,476.3,479.81,58080.0
2023-12-08,479.93,482.88,478.14,481.01,58410.0
2023-12-11,519.49,519.49,481.78,482.44,863330.0
2023-12-12,484.83,486.33,482.95,485.08,294540.0
2023-12-13,523.89,523.89,486.89,487.51,458950.0
2023-12-14,494.72,496.76,494.07,494.75,347270.0
2023-12-15,534.33,534.33,493.71,495.11,69160.0
2023-12-18,495.41,497.19,494.66,496.99,123510.0
2023-12-19,496.97,499.47,496.97,499.11,152980.0
2023-12-20,500.12,500.71,498.63,499.79,133660.0
2023-12-21,495.42,497.5,495.0,496.38,199430.0
2023-12-22,497.75,500.18,496.38,497.94,26400.0
2023-12-27,500.94,503.0,500.06,500.74,713680.0
2023-12-28,502.84,502.84,501.64,501.96,150020.0
2023-12-29,502.7,503.0,498.27,502.0,59940.0
2024-01-02,501.34,501.82,496.25,497.59,43320.0
2024-01-03,497.59,497.8,493.53,494.65,75860.0
2024-01-04,494.38,495.88,492.73,495.3,51140.0
2024-01-05,491.55,495.23,489.18,494.1,56140.0
2024-01-08,533.62,533.62,490.77,495.3,61010.0
2024-01-09,498.74,498.88,496.26,498.26,141540.0
2024-01-10,498.93,500.3,498.43,499.57,373750.0
2024-01-11,503.19,503.84,497.45,497.75,160580.0
2024-01-12,500.34,503.86,499.39,501.69,262170.0
2024-01-15,501.84,502.51,500.81,501.61,105670.0
2024-01-16,499.8,501.72,498.49,501.42,66290.0
2024-01-17,497.8,498.65,495.86,497.68,87940.0
2024-01-18,497.47,500.11,497.37,499.86,96590.0
2024-01-19,502.72,507.43,502.09,503.81,34080.0
2024-01-22,508.95,510.75,508.49,509.31,362480.0
2024-01-23,509.42,510.19,508.31,508.41,133570.0
2024-01-24,512.44,514.4,512.05,513.5,77730.0
2024-01-25,511.43,514.0,511.0,513.46,123020.0
2024-01-26,511.27,515.12,511.25,515.12,72570.0
2024-01-29,513.4,514.38,512.83,513.55,89770.0
2024-01-30,516.79,518.26,515.65,517.01,119930.0
2024-01-31,515.24,515.63,511.95,512.58,246890.0
2024-02-01,553.59,553.59,509.5,511.13,235290.0
2024-02-02,517.45,521.37,514.76,519.14,188660.0
2024-02-05,519.28,520.0,516.19,517.67,48990.0
2024-02-06,519.58,520.3,517.9,519.26,61620.0
2024-02-07,519.87,524.26,519.59,523.08,58380.0
2024-02-08,524.51,524.84,523.33,523.83,68600.0
2024-02-09,524.87,527.0,524.75,525.94,52400.0
2024-02-12,527.52,530.0,527.2,530.0,55150.0
2024-02-13,527.24,527.28,519.29,521.57,46260.0
2024-02-14,563.3,563.3,521.1,522.34,63180.0
2024-02-15,526.22,527.43,525.04,525.66,114050.0
2024-02-16,528.62,529.79,525.07,528.23,49700.0
2024-02-19,525.91,526.64,525.59,526.15,109800.0
2024-02-20,524.7,524.97,521.1,522.15,75680.0
2024-02-21,563.92,563.92,520.9,521.84,409640.0
2024-02-22,528.61,532.41,528.46,532.41,193720.0
2024-02-23,534.42,536.95,533.72,534.85,90720.0
2024-02-26,577.64,577.64,533.41,533.96,81140.0
2024-02-27,576.68,576.68,531.95,532.51,68220.0
2024-02-28,533.34,533.56,530.96,532.95,40360.0
2024-02-29,532.36,535.55,530.96,533.39,144880.0
2024-03-01,576.06,576.06,533.96,537.3,87370.0
2024-03-04,580.28,580.28,538.55,539.26,77650.0
2024-03-05,582.4,582.4,534.21,534.76,52750.0
2024-03-06,534.59,538.2,534.5,537.51,58670.0
2024-03-07,580.51,580.51,534.31,540.99,82720.0
2024-03-08,584.27,584.27,539.29,541.79,108710.0
2024-03-11,538.26,538.44,535.2,537.59,55520.0
2024-03-12,540.33,543.82,537.35,542.06,39340.0
2024-03-13,544.44,544.73,542.86,543.3,319630.0
2024-03-14,586.76,586.76,540.3,541.84,758760.0
2024-03-15,650.2,650.2,537.22,537.54,279090.0
2024-03-18,580.54,580.54,539.29,542.63,174510.0
2024-03-19,541.19,543.7,538.69,543.01,406080.0
2024-03-20,544.37,546.25,543.76,544.45,65230.00000000001
2024-03-21,552.47,554.63,551.07,552.89,82030.0
2024-03-22,551.32,552.25,550.04,550.04,58630.0
2024-03-25,549.88,550.4,548.35,549.47,135530.0
2024-03-26,549.99,551.34,549.7,549.74,80880.0
2024-03-27,549.36,551.0,547.84,549.06,55830.0
2024-03-28,552.02,552.9,551.42,552.49,58230.0
2024-04-02,550.82,551.9,545.29,546.64,416060.0
2024-04-03,600.28,600.28,546.29,549.75,189350.0
2024-04-04,549.73,553.06,549.61,551.7,88970.0
2024-04-05,595.84,595.84,541.7,546.41,62090.0
2024-04-08,590.12,590.12,545.79,548.09,66010.0
2024-04-09,591.94,591.94,542.93,544.61,101970.0
2024-04-10,548.68,550.31,539.51,542.51,125630.0
2024-04-11,542.85,544.72,540.0,542.23,51880.0
2024-04-12,585.6,585.6,539.94,542.33,68200.0
2024-04-15,574.86,574.86,538.0,540.52,102220.0
2024-04-16,594.57,594.57,530.16,532.12,117620.0
2024-04-17,574.69,574.69,529.37,529.37,61700.0
2024-04-18,530.55,532.18,527.07,531.29,55890.0
2024-04-19,573.79,573.79,524.24,525.23,208710.0
2024-04-22,567.25,567.25,522.91,524.17,223300.0
2024-04-23,527.63,533.48,527.4,532.83,92650.0
2024-04-24,535.12,535.54,532.13,533.17,113820.0
2024-04-25,600.0,600.0,525.2,527.23,55930.0
2024-04-26,535.75,537.84,533.9,536.3,129070.0
2024-04-29,537.79,540.07,536.54,537.4,70120.0
2024-04-30,538.13,538.32,532.87,534.48,140610.0
2024-05-01,529.15,529.63,527.2,528.75,38050.0
2024-05-02,530.61,532.73,527.39,529.58,79700.0
2024-05-03,534.55,540.42,533.96,538.71,53520.0
2024-05-06,541.83,542.99,541.83,542.99,1400.0
2024-05-07,545.44,547.08,544.74,546.58,388970.0
2024-05-08,546.15,546.59,542.84,545.77,51780.0
2024-05-09,545.2,548.84,544.45,548.09,277020.0
2024-05-10,550.16,551.98,548.9,549.3,53280.0
2024-05-13,550.52,551.76,549.34,549.75,49210.0
2024-05-14,549.85,551.31,547.18,550.24,41370.0
2024-05-15,552.56,558.93,552.22,557.21,84960.0
2024-05-16,601.79,601.79,559.0,560.81,65870.0
2024-05-17,605.67,605.67,557.3,557.98,40200.0
2024-05-20,605.0,605.0,558.92,561.04,35940.0
2024-05-21,605.92,605.92,558.5,559.67,330540.0
2024-05-22,604.44,604.44,559.7,560.41,51720.0
2024-05-23,605.24,605.24,558.3,560.1,103100.0
2024-05-24,555.52,559.75,555.16,559.37,187020.0
2024-05-27,558.71,558.81,558.71,558.81,2570.0
2024-05-28,604.12,604.12,558.4,559.14,59280.0
2024-05-29,670.9,670.9,554.6,555.73,51560.0
2024-05-30,551.99,554.52,551.84,553.59,127470.0
2024-05-31,597.88,597.88,548.24,548.97,119730.0
2024-06-03,592.89,592.89,553.55,555.25,84880.0
2024-06-04,556.06,557.11,553.32,554.62,72220.0
2024-06-05,558.32,562.78,558.03,561.68,75020.0
2024-06-06,606.61,606.61,562.66,564.03,90470.0
2024-06-07,565.22,566.19,560.74,564.99,62040.0
2024-06-10,610.19,610.19,561.99,564.27,50440.0
2024-06-11,609.41,609.41,561.62,564.41,59360.0
2024-06-12,567.2,574.25,566.98,573.33,55000.0
2024-06-13,619.2,619.2,570.38,571.49,80540.0
2024-06-14,617.21,617.21,568.77,571.56,72860.0
2024-06-17,617.28,617.28,571.79,574.03,179970.0
2024-06-18,577.81,578.69,577.04,577.53,80650.0
2024-06-19,623.73,623.73,578.01,579.28,21800.0
2024-06-20,625.62,625.62,576.66,579.75,138390.0
2024-06-21,626.13,626.13,574.44,576.23,35420.0
2024-06-24,576.91,579.13,574.19,578.38,51110.0
2024-06-25,575.65,576.63,574.4,576.44,581240.0
2024-06-26,577.72,578.76,575.1,575.8,182850.0
2024-06-27,576.91,579.36,576.61,577.35,63640.0
2024-06-28,623.54,623.54,578.97,580.42,70580.0
2024-07-01,626.85,626.85,574.5,576.38,139250.0
2024-07-02,622.49,622.49,574.49,578.35,86510.0
2024-07-03,581.06,583.51,580.51,582.62,190000.0
2024-07-04,583.96,584.99,583.31,583.68,28670.0
2024-07-05,584.68,586.41,583.5,585.72,45830.0
2024-07-08,632.58,632.58,586.35,587.64,94770.0
2024-07-09,589.01,590.13,588.46,588.9,89500.0
2024-07-10,636.01,636.01,588.7,590.56,187640.0
2024-07-11,637.8,637.8,589.31,590.2,1210000.0
2024-07-12,590.2,597.11,588.05,594.52,218230.0
2024-07-15,594.31,598.03,593.46,596.64,163000.0
2024-07-16,595.13,597.75,593.44,596.12,85990.0
2024-07-17,595.55,595.55,590.69,591.24,74710.0
2024-07-18,592.52,592.66,586.45,586.45,100560.0
2024-07-19,585.6,586.68,581.98,582.07,121920.0
2024-07-22,582.94,587.07,582.24,584.0,87380.0
2024-07-23,586.45,589.44,585.15,589.44,78100.0
2024-07-24,582.46,583.1,576.3,577.17,59290.0
2024-07-25,574.42,576.79,569.29,575.38,158370.0
2024-07-26,572.41,576.77,572.39,575.15,90190.0
2024-07-29,579.4,580.09,575.1,575.1,62210.0
2024-07-30,577.46,579.51,573.18,574.03,95720.0
2024-07-31,578.58,583.84,577.98,583.84,86900.0
2024-08-01,585.17,588.0,578.09,578.09,89820.0
2024-08-02,569.38,570.15,559.69,561.15,168460.0
2024-08-05,549.28,553.92,537.62,550.96,248590.0
2024-08-06,553.36,557.49,548.4,554.21,203690.0
2024-08-07,556.23,562.8,554.59,560.75,76320.0
2024-08-08,549.87,559.65,546.66,559.05,120950.0
2024-08-09,562.1,564.52,559.1,562.44,137180.0
2024-08-12,564.22,567.12,562.2,564.13,138480.0
2024-08-13,566.42,570.61,564.57,570.29,159090.0
2024-08-14,574.05,575.62,571.9,575.62,166520.0
2024-08-15,576.93,584.52,575.6,583.82,47090.0
2024-08-16,587.04,587.24,582.48,584.93,98300.0
2024-08-19,586.34,589.52,585.55,589.52,116490.0
2024-08-20,592.98,593.79,590.7,591.04,90660.0
2024-08-21,591.74,595.06,591.35,592.55,46160.0
2024-08-22,593.95,596.3,592.08,592.09,52210.0
2024-08-23,591.14,596.23,590.71,594.79,143130.0
2024-08-26,595.07,595.07,592.54,592.54,47370.0
2024-08-27,593.86,594.95,591.09,593.14,130380.0
2024-08-28,594.78,595.37,590.36,590.78,283890.0
2024-08-29,590.39,596.3,590.37,595.24,413240.0
2024-08-30,592.75,595.0,591.59,591.59,221080.0
2024-09-02,595.5,597.47,594.43,596.96,90040.0
2024-09-03,596.53,597.38,587.63,589.02,65610.0
2024-09-04,581.13,586.84,580.79,584.54,148210.0
2024-09-05,582.31,586.31,580.1,580.2,676650.0
2024-09-06,580.12,583.66,572.74,573.88,539050.0
2024-09-09,574.58,578.28,574.54,576.82,103230.0
2024-09-10,577.8,580.68,576.73,579.2,65600.0
2024-09-11,579.39,581.54,571.57,574.6,66720.0
2024-09-12,588.62,589.41,585.22,587.76,62780.0
2024-09-13,592.21,595.46,592.0,595.09,44570.0
2024-09-16,594.47,595.96,592.69,594.0,
2024-09-17,596.18,599.61,596.01,598.21,101190.0
2024-09-18,596.98,597.13,595.16,595.16,71530.0
2024-09-19,601.02,605.42,600.34,604.31,206140.0
2024-09-20,603.64,604.27,600.17,601.82,67210.0
2024-09-23,603.96,605.4,601.54,605.07,77780.0
2024-09-24,605.93,606.76,602.74,605.29,69960.0
2024-09-25,605.06,607.16,604.76,606.02,147060.0
2024-09-26,609.89,610.72,606.4,606.52,154390.0
2024-09-27,607.32,609.68,606.73,608.25,108410.0
2024-09-30,606.28,607.27,605.04,607.18,117430.0
2024-10-01,609.13,610.18,600.95,603.51,91780.0
2024-10-02,602.57,604.96,600.11,604.76,92540.0
2024-10-03,603.31,605.14,600.73,603.28,102020.0
2024-10-04,602.95,608.84,602.5,604.03,42160.0
2024-10-07,607.39,607.81,604.63,607.1,93500.0
2024-10-08,602.88,607.88,601.99,607.1,100610.0
2024-10-09,607.08,611.53,606.6,611.53,67760.0
2024-10-10,612.58,613.04,610.36,612.16,147510.0
2024-10-11,611.82,616.0,610.75,615.27,157930.0
2024-10-14,615.3,619.9,615.0,619.0,39700.0
2024-10-15,620.46,620.99,617.41,618.6,64330.0
2024-10-16,616.01,617.0,614.75,616.41,117190.0
2024-10-17,619.3,622.59,618.53,620.49,128920.0
2024-10-18,619.01,620.62,618.68,620.12,106010.0
2024-10-21,620.26,620.9,616.58,616.9,87200.0
2024-10-22,618.35,618.86,616.15,618.16,102520.0
2024-10-23,618.74,619.53,614.59,614.63,95410.0
2024-10-24,615.25,617.26,614.19,614.58,89500.0
2024-10-25,615.34,620.49,615.18,618.5,70990.0
2024-10-28,618.24,619.05,616.5,616.95,91700.0
2024-10-29,617.04,617.85,614.1,616.91,103340.0
2024-10-30,618.84,619.25,615.15,618.46,239960.0
2024-10-31,611.38,613.45,605.48,606.45,259900.0
2024-11-01,605.42,611.08,605.29,609.47,63110.0
2024-11-04,606.93,608.19,604.5,605.71,101150.0
2024-11-05,605.79,610.73,605.15,610.67,82420.0
2024-11-06,623.55,627.09,621.64,624.62,390550.0
2024-11-07,628.25,631.98,628.22,631.86,290990.0
2024-11-08,633.47,634.99,631.5,634.8,171650.0
2024-11-11,636.41,638.03,635.5,636.41,123230.0
2024-11-12,635.32,636.33,633.75,634.03,105190.0
2024-11-13,632.23,635.71,631.76,634.97,121520.0
2024-11-14,634.31,635.37,632.19,633.34,127010.0
2024-11-15,626.87,627.75,622.15,622.84,395440.0
2024-11-18,622.76,625.37,620.93,625.37,84830.0
2024-11-19,625.34,625.78,617.87,625.26,161570.0
2024-11-20,628.25,628.71,620.72,622.08,118550.0
2024-11-21,625.73,630.52,623.52,629.67,282190.0
2024-11-22,630.7,632.77,627.44,631.27,751100.0
2024-11-25,635.18,637.8,634.34,634.92,240260.0
2024-11-26,633.75,636.88,633.52,636.88,723650.0
2024-11-27,638.18,638.39,635.31,635.91,151250.0
2024-11-28,636.49,637.63,636.29,637.24,22790.0
2024-11-29,637.37,639.5,636.26,639.29,175940.0
2024-12-02,638.44,640.9,638.16,640.47,255120.0
2024-12-03,641.0,641.43,639.45,640.4,246430.0
2024-12-04,642.22,643.87,641.58,643.76,99900.0
2024-12-05,644.66,645.83,644.4,644.95,62360.0
2024-12-06,643.95,646.79,643.0,645.67,113720.0
2024-12-09,646.0,646.38,641.81,643.22,312790.0
2024-12-10,641.7,642.87,641.15,641.7,115740.0
2024-12-11,640.23,644.93,640.01,644.8,125610.0
2024-12-12,644.26,644.69,642.56,644.27,259370.0
2024-12-13,642.98,644.51,640.25,641.73,196940.0
2024-12-16,641.8,644.37,641.7,643.91,140570.0
2024-12-17,642.3,643.07,640.24,642.02,299630.0
2024-12-18,642.37,643.72,640.6,642.74,338220.0
2024-12-19,624.73,629.39,624.09,626.8,328920.0
2024-12-20,621.1,631.23,615.24,631.23,126410.0
2024-12-23,632.08,632.24,625.99,629.24,70190.0
2024-12-24,633.99,634.69,633.33,634.46,25490.0
2024-12-26,638.94,641.52,638.94,641.52,3900.0
2024-12-27,638.73,639.69,630.6,632.85,154050.0
2024-12-30,631.43,632.58,622.5,626.75,345070.0
2024-12-31,626.45,629.32,625.8,628.78,33560.0
2025-01-02,627.25,630.72,623.46,625.8,119910.0
2025-01-03,624.51,628.55,623.5,628.55,63610.0
2025-01-06,631.35,638.4,631.18,638.25,69910.0
2025-01-07,634.47,636.81,628.55,630.35,153070.0
2025-01-08,627.9,629.15,624.0,626.62,123080.0
2025-01-09,625.31,627.81,624.57,626.67,46810.0
2025-01-10,626.17,627.83,616.79,617.18,83100.0
2025-01-13,615.32,616.61,612.27,614.9,173320.0
2025-01-14,621.49,623.87,617.85,618.64,130950.0
2025-01-15,620.15,631.4,619.84,628.08,84470.0
2025-01-16,634.43,634.66,629.97,631.48,115140.0
2025-01-17,631.36,637.79,631.05,637.14,156060.0
2025-01-20,637.11,640.84,635.0,638.94,46490.0
2025-01-21,637.8,640.44,637.24,639.95,160310.0
2025-01-22,643.67,646.74,643.55,646.74,119180.0
2025-01-23,644.95,647.11,643.99,647.05,251750.0
2025-01-24,648.62,650.22,648.0,649.27,87390.0
2025-01-27,637.12,638.52,628.0,635.29,149260.0
2025-01-28,638.88,642.61,636.06,640.51,119030.0
2025-01-29,644.77,644.87,641.37,641.88,138260.0
2025-01-30,643.55,645.34,639.8,641.67,94720.0
2025-01-31,646.8,649.51,646.25,648.42,118850.0
2025-02-03,630.73,638.0,628.78,637.36,111060.0
2025-02-04,636.32,640.98,633.63,640.61,75120.0
2025-02-05,637.69,640.39,636.27,640.39,70050.0
2025-02-06,644.56,645.64,643.49,644.63,129910.0
2025-02-07,645.51,647.53,640.2,641.63,114630.0
2025-02-10,641.54,644.49,641.39,643.22,100680.0
2025-02-11,641.63,644.24,640.74,643.73,252860.0
2025-02-12,644.05,644.87,637.0,639.78,153580.0
2025-02-13,643.19,646.99,640.68,646.23,180360.0
2025-02-14,650.06,650.44,648.0,649.37,59560.0
2025-02-17,649.94,650.77,649.69,650.6,49410.0
2025-02-18,651.8,651.88,648.8,649.65,87660.0
2025-02-19,651.3,651.63,649.0,650.83,97330.0
2025-02-20,650.8,651.94,646.5,647.3,89810.0
2025-02-21,649.7,650.64,644.98,646.87,313820.0
2025-02-24,641.53,642.84,635.08,639.09,123160.0
2025-02-25,633.95,636.86,628.56,628.56,276300.0
2025-02-26,635.0,638.23,633.55,637.59,137810.0
2025-02-27,635.51,637.44,628.84,633.31,241390.0
2025-02-28,623.96,627.02,621.0,625.03,603500.0
2025-03-03,633.01,636.25,629.0,630.45,139700.0
2025-03-04,621.82,623.39,609.19,610.48,285620.0
2025-03-05,617.65,619.8,610.67,610.67,528050.0
2025-03-06,617.5,618.56,610.55,616.69,227400.0
2025-03-07,611.57,614.13,604.0,604.08,202920.0
2025-03-10,609.73,610.5,598.67,600.98,435240.0
2025-03-11,597.59,599.87,589.71,592.19,386750.0
2025-03-12,594.34,602.71,589.55,597.15,245120.0
2025-03-13,591.4,595.85,588.0,589.22,172530.0
2025-03-14,590.17,598.58,589.99,596.81,158930.0
2025-03-17,595.73,602.82,595.44,600.43,86410.0
2025-03-18,602.32,603.88,595.1,597.5,114090.0
2025-03-19,596.48,602.56,596.33,601.59,325650.0
2025-03-20,605.83,607.43,598.87,602.7,159730.0
2025-03-21,600.98,601.75,595.58,600.17,142810.0
2025-03-24,607.75,613.2,607.46,612.07,106590.0
2025-03-25,612.8,615.3,611.6,613.13,138130.0
2025-03-26,613.97,615.0,608.7,609.34,151520.0
2025-03-27,606.97,609.5,603.3,607.36,317070.0
2025-03-28,602.93,605.3,594.2,594.6,109490.0
2025-03-31,588.92,590.95,583.76,589.95,169560.0
2025-04-01,595.9,599.71,591.0,598.8,155810.0
2025-04-02,597.99,601.64,592.34,601.59,95080.0
2025-04-03,584.28,586.66,576.09,579.15,341580.0
2025-04-04,571.42,571.95,544.17,551.02,530290.0
2025-04-07,513.78,559.71,512.77,530.4,826950.0
2025-04-08,546.5,560.73,544.44,550.4,263640.0
2025-04-09,529.23,538.38,518.32,530.83,243430.0
2025-04-10,578.29,580.16,558.66,558.66,403570.0
2025-04-11,565.58,566.0,555.42,559.21,139510.0
2025-04-14,576.98,581.01,574.93,576.11,125210.0
2025-04-15,575.24,579.89,572.42,576.81,124250.0
2025-04-16,566.9,573.59,565.15,570.44,138330.0
2025-04-17,566.36,568.02,559.07,562.73,77930.0
2025-04-22,555.89,561.36,552.17,560.51,176970.0
2025-04-23,571.59,582.0,570.88,574.95,189330.0
2025-04-24,570.56,580.98,567.24,579.55,135810.0
2025-04-25,587.24,587.62,580.5,583.32,65170.0
2025-04-28,586.7,590.75,583.99,584.28,142950.0
2025-04-29,588.33,590.58,584.9,587.96,119220.0
2025-04-30,590.25,591.3,578.0,586.32,151990.0
2025-05-01,597.4,602.08,596.69,600.7,60130.0
2025-05-02,599.36,604.42,597.26,603.43,98210.0
2025-05-05,601.16,604.08,601.16,604.08,24250.0
2025-05-06,599.87,600.17,594.5,599.73,113580.0
2025-05-07,599.18,600.75,595.74,596.63,376870.0
2025-05-08,603.29,606.45,599.73,605.09,78060.0
2025-05-09,603.57,606.0,600.85,602.91,73980.0
2025-05-12,614.38,622.12,613.11,618.25,185390.0
2025-05-13,620.03,627.73,619.44,627.45,184080.0
2025-05-14,627.52,628.62,625.29,627.84,258110.0
2025-05-15,625.43,628.82,622.83,628.24,464990.0
2025-05-16,629.29,632.42,628.89,631.18,628430.0
2025-05-19,627.06,633.14,625.56,632.55,872730.0
2025-05-20,633.12,634.34,631.85,633.25,352590.0
2025-05-21,629.38,632.02,627.13,631.38,133030.0
2025-05-22,623.52,624.57,619.34,622.73,174150.0
2025-05-23,621.91,623.91,611.7,617.96,146220.0
2025-05-26,625.09,625.37,625.09,625.37,450.0
2025-05-27,625.16,629.0,623.8,628.34,111120.0
2025-05-28,629.85,632.52,628.74,628.96,164810.0
2025-05-29,636.89,638.7,628.38,629.32,86630.0
2025-05-30,628.21,629.83,625.0,627.77,383960.0
2025-06-02,625.66,629.21,624.23,627.73,78050.0
2025-06-03,630.28,635.12,628.68,634.94,120440.0
2025-06-04,636.14,638.11,635.6,637.28,82230.0
2025-06-05,635.98,640.36,634.0,638.74,124030.0
2025-06-06,635.67,641.22,634.75,638.62,46530.0
2025-06-09,639.17,640.74,638.74,639.79,40650.0
2025-06-10,639.57,642.0,637.99,640.6,149000.0
2025-06-11,641.89,646.7,641.6,644.83,123800.0
2025-06-12,641.0,644.37,637.96,643.01,65850.0
2025-06-13,635.97,641.13,635.1,641.13,55780.0
2025-06-16,639.54,645.06,639.3,643.85,161260.0
2025-06-17,640.28,642.04,638.5,640.81,65630.0
2025-06-18,639.03,641.76,637.53,640.42,70560.0
2025-06-19,635.75,636.04,630.72,631.56,153420.0
2025-06-20,636.39,641.5,635.36,637.69,375720.0
2025-06-23,635.61,640.26,634.67,638.28,902120.0
2025-06-24,648.58,649.24,646.0,648.45,482950.0
2025-06-25,649.68,651.13,649.15,649.41,188760.0
2025-06-26,651.43,654.11,651.28,653.5,170950.0
2025-06-27,656.75,659.0,656.0,659.0,154630.0
2025-06-30,660.78,661.3,659.0,659.97,337410.0
2025-07-01,660.66,661.42,658.84,660.53,271130.0
2025-07-02,663.46,663.6,660.0,662.72,145230.0
2025-07-03,664.95,669.66,663.96,669.51,115090.0
2025-07-04,667.18,667.4,664.36,665.63,73510.0
2025-07-07,666.35,668.44,665.23,665.65,92180.0
2025-07-08,665.18,665.94,663.21,663.95,115500.0
2025-07-09,664.06,668.75,663.5,665.89,69450.0
2025-07-10,666.41,669.66,666.02,669.6,42870.0
2025-07-11,668.1,668.37,665.04,667.43,127810.0
2025-07-14,663.86,667.91,663.22,667.85,79700.0
2025-07-15,670.61,672.03,667.56,668.6,165740.0
2025-07-16,664.12,667.82,662.59,662.59,101390.0
2025-07-17,668.91,670.92,667.64,670.88,66200.0
2025-07-18,673.64,673.87,670.97,671.98,78880.0
2025-07-21,673.09,675.82,672.2,675.82,53990.0
2025-07-22,672.6,673.36,670.16,672.04,42000.0
2025-07-23,674.89,676.14,674.0,675.12,69460.0
2025-07-24,678.69,680.68,678.36,680.25,85200.0
2025-07-25,680.09,680.77,679.37,680.5,64620.00000000001
2025-07-28,684.64,684.79,681.17,681.83,157140.0
2025-07-29,682.41,683.7,679.9,680.17,80740.0
2025-07-30,680.73,681.5,679.6,679.87,85080.0
2025-07-31,685.24,686.8,679.87,681.54,112580.0
2025-08-01,674.72,674.84,663.11,665.16,296580.0
2025-08-04,668.02,673.78,667.9,673.39,84630.0
2025-08-05,677.28,677.56,671.3,671.89,190830.0
2025-08-06,674.82,676.54,672.22,676.54,61020.0
2025-08-07,678.69,683.23,676.34,676.56,55540.0
2025-08-08,677.9,681.8,677.8,680.3,85300.0
2025-08-11,683.38,683.5,681.11,681.71,89800.0
2025-08-12,681.34,685.94,679.7,685.89,63110.0
2025-08-13,687.98,691.43,687.94,688.94,132710.0
2025-08-14,689.55,691.03,686.66,688.58,52030.0
2025-08-15,692.17,692.59,688.38,689.11,35030.0
2025-08-18,688.26,689.09,687.1,687.78,93520.0
2025-08-19,687.68,689.29,685.5,686.84,97750.0
2025-08-20,683.38,684.55,677.35,681.41,67530.0
2025-08-21,683.15,684.19,679.0,682.16,253940.0
2025-08-22,679.1,691.73,679.0,691.73,78070.0
2025-08-25,689.4,689.8,689.4,689.8,33330.0
2025-08-26,686.69,688.23,685.5,687.4,481270.0
2025-08-27,690.82,691.9,689.7,691.81,75130.0
2025-08-28,692.53,693.55,690.81,692.27,104750.0
2025-08-29,693.89,694.17,688.23,689.51,320210.0
2025-09-01,689.89,691.33,689.58,691.16,33630.0
2025-09-02,689.99,690.16,680.66,680.74,105560.0
2025-09-03,686.12,689.34,685.45,687.58,51530.0
2025-09-04,689.06,691.74,688.79,691.5,172370.0
2025-09-05,696.25,697.85,688.58,691.21,82390.0
2025-09-08,693.46,695.31,693.08,694.97,68180.0
2025-09-09,695.33,696.18,692.62,694.14,80430.0
2025-09-10,697.89,700.5,696.87,698.26,73700.0
2025-09-11,699.09,703.8,697.9,703.8,134920.0
2025-09-12,703.52,704.48,702.25,703.79,99320.0
2025-09-15,704.56,707.27,703.46,706.59,117470.0
2025-09-16,707.73,709.06,705.51,705.59,87810.0
2025-09-17,706.23,706.74,704.7,705.36,101670.0
2025-09-18,708.64,711.8,706.78,710.3,140370.0
2025-09-19,708.27,711.13,707.74,708.92,136810.0
2025-09-22,710.98,713.81,709.4,713.09,83090.0
2025-09-23,715.67,716.0,714.61,714.61,149000.0
2025-09-24,712.95,713.18,710.6,710.6,59420.0
2025-09-25,709.43,710.05,703.09,706.51,139200.0
2025-09-26,707.09,710.53,705.85,708.06,96790.0
2025-09-29,712.91,714.3,711.69,711.8,133260.0
2025-09-30,711.26,712.12,709.95,710.87,198560.0
2025-10-01,708.75,715.08,708.71,715.08,121740.0
2025-10-02,717.98,719.73,715.85,716.1,121830.0
2025-10-03,720.07,721.26,718.34,720.73,328660.0
2025-10-06,720.09,721.16,718.33,720.21,91210.0
2025-10-07,719.94,722.19,717.8,717.94,221350.0
2025-10-08,718.15,721.85,717.95,721.52,114360.0
2025-10-09,722.5,723.49,719.0,719.01,147480.0
2025-10-10,720.66,723.0,708.94,708.94,432000.0
2025-10-13,710.59,712.46,706.87,711.42,124750.0
2025-10-14,706.21,709.15,700.8,708.2,243930.0
2025-10-15,713.58,719.0,713.06,715.37,190760.0
2025-10-16,715.57,717.6,714.2,714.74,87620.0
2025-10-17,703.14,712.0,698.07,706.93,490980.0
2025-10-20,715.28,720.4,713.8,719.83,118130.0
2025-10-21,719.69,721.64,718.96,721.17,86790.0
2025-10-22,721.64,721.66,716.4,716.45,95980.0
2025-10-23,718.0,719.71,714.93,719.22,85750.0
2025-10-24,723.04,727.82,721.91,727.26,155790.0
2025-10-27,732.48,733.68,731.82,733.58,132750.0
2025-10-28,734.78,737.32,734.53,737.12,145320.0
2025-10-29,739.21,739.99,737.73,738.73,110980.0
2025-10-30,737.75,737.87,731.23,734.05,140590.0
2025-10-31,735.46,736.72,730.2,731.75,144170.0
2025-11-03,732.21,735.78,729.49,732.6,88630.0
2025-11-04,726.51,729.39,722.9,727.48,491220.0
2025-11-05,722.64,727.94,721.43,727.94,82920.0
2025-11-06,725.48,729.15,719.25,719.47,124630.0
2025-11-07,721.38,721.65,710.55,711.56,117130.0
2025-11-10,724.97,728.61,724.5,725.0,91850.0
2025-11-11,729.75,730.4,728.16,729.06,57620.0
2025-11-12,734.71,735.59,730.76,732.25,238980.0
2025-11-13,733.94,734.36,724.26,725.71,137600.0
2025-11-14,719.52,723.93,711.56,722.91,124890.0
2025-11-17,724.42,725.43,716.45,719.66,128800.0
2025-11-18,710.41,713.17,703.65,709.44,260190.0
2025-11-19,708.87,715.71,708.0,710.05,318520.0
2025-11-20,719.65,724.93,715.6,715.6,222580.0
2025-11-21,699.97,704.12,696.61,703.55,691130.0
2025-11-24,710.66,716.92,707.39,716.24,259050.0
2025-11-25,717.43,719.77,712.97,719.49,112010.0
2025-11-26,726.99,730.59,725.12,730.59,138980.0
2025-11-27,729.7,729.95,729.1,729.54,20140.0
2025-11-28,732.0,734.9,729.5,732.07,147710.0
2025-12-01,728.25,731.71,727.57,730.96,97920.0
2025-12-02,728.75,733.47,728.17,729.57,91680.0
2025-12-03,732.46,733.48,728.88,733.07,86940.0
2025-12-04,733.94,735.66,732.0,732.98,137460.0
2025-12-05,736.04,738.42,733.34,735.25,2920000.0
2025-12-08,736.97,737.2,732.59,733.24,178430.0
2025-12-09,734.260009765625,777.22998046875,732.219970703125,735.0900268554688,117565.0
2025-12-10,733.47998046875,779.1900024414062,730.7999877929688,733.52001953125,66236.0
2025-12-11,732.25,777.530029296875,730.8800048828125,735.2000122070312,125633.0
2025-12-12,739.0999755859375,779.3099975585938,729.1900024414062,729.9000244140625,103870.0
2025-12-15,732.8599853515625,773.6900024414062,728.6500244140625,730.9000244140625,95228.0
2025-12-16,726.6300048828125,774.75,725.0388793945312,726.6799926757812,138240.0
2025-12-17,728.9099731445312,800.0,721.6715087890625,722.6599731445312,369971.0
2025-12-18,722.1099853515625,766.010009765625,721.7000122070312,729.7899780273438,83601.0
2025-12-19,727.1300048828125,773.5700073242188,725.9000244140625,731.8099975585938,108875.0
2025-12-22,734.3699951171875,775.7100219726562,733.9199829101562,736.4000244140625,100027.0
2025-12-23,736.4199829101562,780.5800170898438,734.9219970703125,738.5700073242188,87889.0
2025-12-24,739.5599975585938,787.8699951171875,739.1699829101562,740.22998046875,18261.0
2025-12-29,741.5599975585938,800.0,738.0,738.969970703125,101059.0
2025-12-30,739.3200073242188,783.2999877929688,738.6300048828125,740.239990234375,87656.0
2025-12-31,737.8099975585938,800.0,722.4400024414062,738.530029296875,33693.0
2026-01-02,737.1900024414062,782.8400268554688,731.8300170898438,733.52001953125,124631.0
2026-01-05,735.8599853515625,777.530029296875,735.7000122070312,740.6400146484375,120532.0
2026-01-06,740.5399780273438,888.760009765625,738.2999877929688,741.4299926757812,163219.0
2026-01-07,743.6599731445312,785.9099731445312,743.0999755859375,744.8200073242188,75071.0
2026-01-08,740.5800170898438,789.5,739.7000122070312,741.25,80369.0
2026-01-09,741.8599853515625,785.719970703125,741.24560546875,744.7999877929688,99171.0
2026-01-12,742.5599975585938,789.47998046875,740.77001953125,747.0,79405.0
2026-01-13,747.280029296875,791.8200073242188,744.4400024414062,746.5700073242188,82489.0
2026-01-14,745.2100219726562,791.3599853515625,738.4500122070312,740.3300170898438,97441.0
2026-01-15,743.4400024414062,784.739990234375,742.8930053710938,747.3200073242188,114985.0
2026-01-16,747.030029296875,792.1500244140625,742.4099731445312,745.1799926757812,80142.0
2026-01-19,737.0,800.0,734.47998046875,736.1500244140625,89816.0
2026-01-20,734.1199951171875,796.1500244140625,729.9490966796875,735.6599731445312,132815.0
2026-01-21,731.2100219726562,800.0,727.0399780273438,735.22998046875,156422.0
2026-01-22,739.4500122070312,779.3400268554688,739.1099853515625,742.0399780273438,124499.0
2026-01-23,742.1500244140625,786.5599975585938,739.0,741.72998046875,167539.0
2026-01-26,740.9500122070312,786.22998046875,738.7999877929688,745.239990234375,151667.0
2026-01-27,747.4400024414062,789.9500122070312,746.0,748.8800048828125,86236.0
2026-01-28,751.0900268554688,793.8099975585938,746.7141723632812,747.9299926757812,128401.0
2026-01-29,750.469970703125,792.7999877929688,736.719970703125,740.0399780273438,195076.0
2026-01-30,740.1699829101562,784.4400024414062,738.8900146484375,743.280029296875,267544.0
2026-02-02,736.760009765625,787.8699951171875,736.5,747.9099731445312,120489.0
2026-02-03,750.3099975585938,792.780029296875,736.8359985351562,743.3699951171875,148476.0
2026-02-04,743.5800170898438,787.969970703125,734.3468017578125,739.27001953125,231219.0
2026-02-05,738.6799926757812,783.6199951171875,727.0800170898438,731.8800048828125,237555.0
2026-02-06,728.02001953125,775.7899780273438,726.6799926757812,739.6400146484375,96998.0
2026-02-09,743.5399780273438,784.010009765625,739.9099731445312,747.02001953125,306878.0
2026-02-10,746.9099731445312,791.8400268554688,745.4000244140625,747.1799926757812,67099.0
2026-02-11,746.030029296875,792.010009765625,741.1300048828125,744.77001953125,73344.0
2026-02-12,747.1699829101562,789.4500122070312,735.4400024414062,736.6199951171875,72746.0
2026-02-13,732.3499755859375,780.8099975585938,728.6199951171875,735.530029296875,137054.0
2026-02-16,735.219970703125,808.9199829101562,732.0900268554688,733.1300048828125,51440.0
2026-02-17,731.1400146484375,777.1099853515625,726.8200073242188,733.1500244140625,109318.0
2026-02-18,736.0700073242188,777.1300048828125,734.4600219726562,740.4500122070312,84701.0
2026-02-19,739.2999877929688,784.8699951171875,733.3668823242188,736.9299926757812,98305.0
2026-02-20,737.989990234375,781.1400146484375,733.2000122070312,738.8099975585938,91539.0
2026-02-23,737.3800048828125,886.5700073242188,731.6599731445312,734.0900268554688,145547.0
2026-02-24,735.010009765625,778.1300048828125,731.4000244140625,737.260009765625,67363.0
2026-02-25,739.4400024414062,744.4993896484375,739.3800048828125,743.7000122070312,130239.0
2026-02-26,744.8200073242188,746.7100219726562,735.0969848632812,740.4500122070312,84848.0
2026-02-27,740.010009765625,740.9400024414062,733.0800170898438,737.8400268554688,134159.0
2026-03-02,726.739990234375,739.1613159179688,728.0700073242188,735.3099975585938,251514.0
2026-03-03,730.1099853515625,730.5,720.0800170898438,727.1599731445312,340695.0
2026-03-04,729.5999755859375,738.2000122070312,728.3599853515625,737.3200073242188,184605.0
2026-03-05,735.7000122070312,781.5499877929688,728.1741943359375,731.6400146484375,482511.0
2026-03-06,734.29,734.29,720.24,724.75,164000.0
2026-03-09,712.4600219726562,722.7542724609375,711.4400024414062,721.5599975585938,165460.0
2026-03-10,731.239990234375,734.2208862304688,725.5900268554688,732.7999877929688,122206.0
2026-03-11,729.02001953125,731.22998046875,724.2999877929688,726.75,143362.0
2026-03-12,723.9099731445312,725.1900024414062,717.3499755859375,719.969970703125,127937.0
2026-03-13,714.1400146484375,722.7999877929688,712.214111328125,714.3300170898438,131798.0
2026-03-16,715.530029296875,721.9600219726562,713.8200073242188,717.8699951171875,75403.0
2026-03-17,716.5599975585938,725.0800170898438,715.8900146484375,721.9600219726562,87046.0
2026-03-18,724.7000122070312,725.9000244140625,714.5582885742188,716.47998046875,141270.0
2026-03-19,709.9099731445312,712.0399780273438,704.510009765625,707.3599853515625,134842.0
2026-03-20,710.739990234375,711.4000244140625,699.543212890625,703.6199951171875,212540.0
2026-03-23,693.260009765625,719.9400024414062,691.719970703125,707.1599731445312,275202.0
2026-03-24,707.739990234375,708.9400024414062,700.6400146484375,706.5900268554688,144730.0
2026-03-25,709.6099853515625,712.4500122070312,705.489990234375,709.4500122070312,146944.0
2026-03-26,705.6500244140625,706.1799926757812,696.9962158203125,700.2000122070312,191914.0
2026-03-27,698.25,699.8400268554688,685.0125122070312,688.8400268554688,211730.0
2026-03-30,685.8099975585938,692.3400268554688,682.8463745117188,687.6699829101562,184912.0
2026-03-31,686.5499877929688,700.1179809570312,685.2999877929688,691.1400146484375,267311.0
2026-04-01,706.47998046875,710.1229248046875,702.8800048828125,708.25,277099.0
2026-04-02,697.52001953125,709.969970703125,694.3099975585938,705.9099731445312,144108.0
2026-04-07,707.52001953125,711.989990234375,701.97998046875,704.4000244140625,116896.0
2026-04-08,728.8400268554688,731.1400146484375,724.1599731445312,726.6599731445312,223455.0
2026-04-09,727.77001953125,734.309814453125,725.5499877929688,730.510009765625,147619.0
2026-04-10,732.6900024414062,735.9299926757812,731.9299926757812,734.02001953125,190766.0
2026-04-13,728.260009765625,735.9586791992188,726.8800048828125,732.6400146484375,218558.0
2026-04-14,739.9600219726562,747.430908203125,739.6400146484375,746.6400146484375,114050.0
2026-04-15,748.6500244140625,752.010009765625,747.25,751.4099731445312,110497.0
2026-04-16,756.4299926757812,757.469970703125,753.3599853515625,756.1599731445312,260841.0
2026-04-17,757.0700073242188,767.2694702148438,757.0,766.8400268554688,299418.0
2026-04-20,761.8099975585938,765.3800048828125,760.0999755859375,762.9600219726562,81703.0
2026-04-21,765.75,767.9000244140625,759.4163818359375,762.02001953125,166696.0
2026-04-22,763.7100219726562,766.239990234375,762.4099731445312,765.489990234375,69328.0
2026-04-23,764.1199951171875,768.5999755859375,762.22998046875,767.9400024414062,69169.0
2026-04-24,764.6699829101562,769.649169921875,763.5900268554688,767.469970703125,106784.0
2026-04-27,769.02001953125,771.0698852539062,767.989990234375,768.7000122070312,98912.0
2026-04-28,769.77001953125,770.6599731445312,764.75,764.989990234375,141434.0
2026-04-29,768.3400268554688,768.969970703125,765.1599731445312,766.469970703125,52588.0
2026-04-30,765.7000122070312,775.0001220703125,765.4199829101562,770.3499755859375,96072.0
2026-05-01,776.3699951171875,781.4400024414062,775.8300170898438,779.8099975585938,160508.0
2026-05-05,776.0999755859375,784.3045043945312,775.9500122070312,779.5900268554688,243684.0
2026-05-06,782.6799926757812,794.1152954101562,782.3699951171875,789.219970703125,241478.0
2026-05-07,792.5599975585938,793.8300170898438,789.4915161132812,793.010009765625,116869.0
2026-05-08,792.97998046875,799.486572265625,790.7999877929688,794.510009765625,110786.0
2026-05-11,794.2000122070312,798.6881103515625,793.2000122070312,797.6199951171875,151363.0
2026-05-12,793.9000244140625,795.2999877929688,789.010009765625,790.1199951171875,113686.0
2026-05-13,796.8499755859375,800.572021484375,792.8300170898438,797.2100219726562,141888.0
2026-05-14,802.3499755859375,808.3170776367188,801.22998046875,807.2000122070312,174692.0
2026-05-15,801.9199829101562,802.6500244140625,795.5,799.1300048828125,86110.0
2026-05-18,793.7000122070312,799.1300048828125,791.719970703125,794.0599975585938,239991.0
2026-05-19,794.8699951171875,796.8800048828125,788.510009765625,789.739990234375,282229.0
2026-05-20,792.4600219726562,799.4000244140625,791.1599731445312,798.1400146484375,74550.0
2026-05-21,797.97998046875,802.1546020507812,794.9199829101562,795.6699829101562,124132.0
2026-05-22,803.3200073242188,806.9675903320312,797.5800170898438,806.0700073242188,108592.0
2026-05-26,809.3499755859375,811.0120239257812,806.2086181640625,808.2999877929688,131999.0
2026-05-27,809.3300170898438,812.8800048828125,807.0324096679688,808.4000244140625,104227.0
2026-05-28,808.4299926757812,814.4409790039062,806.8599853515625,812.9299926757812,171937.0
2026-05-29,815.1199951171875,817.2235107421875,813.6599731445312,816.52001953125,214247.0
2026-06-01,818.0999755859375,819.6326293945312,813.4705200195312,816.1799926757812,237118.0
2026-06-02,816.5399780273438,822.5018920898438,815.010009765625,819.0999755859375,106133.0
2026-06-03,818.3599853515625,819.0,813.5599975585938,814.6599731445312,105573.0
2026-06-04,811.27001953125,816.5153198242188,808.5599975585938,814.739990234375,148463.0
2026-06-05,811.77001953125,814.2000122070312,802.2457885742188,805.8800048828125,83863.0
2026-06-08,796.27001953125,803.3900146484375,795.0,800.02001953125,268623.0
2026-06-09,798.9600219726562,805.1099853515625,781.6544189453125,788.1500244140625,244102.0
2026-06-10,792.1599731445312,795.9299926757812,785.0999755859375,787.9199829101562,158308.0
2026-06-11,786.7000122070312,789.0,781.0999755859375,784.719970703125,107532.0
2026-06-12,794.5800170898438,802.3984985351562,792.530029296875,800.5399780273438,95394.0
2026-06-15,809.1199951171875,815.3126220703125,808.5399780273438,813.8499755859375,100493.0
2026-06-16,813.0599975585938,815.18408203125,810.9000244140625,811.97998046875,214907.0
2026-06-17,811.6099853515625,811.9099731445312,805.519775390625,809.239990234375,82056.0
2026-06-18,805.8800048828125,809.0,803.3300170898438,805.239990234375,117451.0
2026-06-19,804.5700073242188,807.2899780273438,803.75,806.7100219726562,38493.0
2026-06-22,806.6599731445312,810.5499877929688,803.1400146484375,804.7100219726562,116007.0
2026-06-23,794.8400268554688,799.3800048828125,791.1799926757812,794.1099853515625,210016.0
2026-06-24,795.010009765625,799.6699829101562,793.3300170898438,798.739990234375,167129.0
2026-06-25,798.2000122070312,799.6300048828125,788.6300048828125,793.8099975585938,163813.0
2026-06-26,790.1799926757812,795.0,785.52001953125,794.1300048828125,108936.0
