Date,Open,High,Low,Close,Volume
2014-06-03,24.97,24.97,24.97,24.97,
2014-06-04,24.86,24.86,24.86,24.86,
2014-06-05,25.05,25.05,25.05,25.05,
2014-06-06,25.36,25.36,25.36,25.36,
2014-06-09,25.42,25.42,25.42,25.42,
2014-06-10,25.58,25.58,25.58,25.58,
2014-06-11,25.64,25.64,25.55,25.51,37850.0
2014-06-12,25.72,25.72,25.68,25.56,8000.0
2014-06-13,25.45,25.45,25.45,25.45,
2014-06-16,25.5,25.5,25.5,25.33,4470.0
2014-06-17,25.41,25.41,25.41,25.3,500.0
2014-06-18,25.27,25.27,25.27,25.27,
2014-06-19,25.53,25.6,25.53,25.54,31250.0
2014-06-20,25.37,25.37,25.37,25.37,
2014-06-23,25.34,25.34,25.34,25.34,
2014-06-24,25.57,25.65,25.57,25.59,11920.0
2014-06-25,25.43,25.43,25.32,25.36,1050.0
2014-06-26,25.44,25.44,25.44,25.44,
2014-06-27,25.45,25.45,25.45,25.45,
2014-06-30,25.49,25.49,25.49,25.49,
2014-07-01,25.62,25.62,25.62,25.66,12000.0
2014-07-02,25.75,25.8,25.75,25.71,1990.0
2014-07-03,25.85,25.85,25.85,25.84,530.0
2014-07-04,26.0,26.0,26.0,25.85,500.0
2014-07-07,25.91,25.94,25.85,25.88,4300.0
2014-07-08,25.87,25.87,25.87,25.87,
2014-07-09,25.85,25.89,25.85,25.92,1500.0
2014-07-10,25.6,25.63,25.6,25.75,2000.0
2014-07-11,25.79,25.79,25.79,25.79,
2014-07-14,25.98,25.98,25.98,25.98,
2014-07-15,25.95,25.95,25.95,25.93,20130.0
2014-07-16,26.05,26.05,25.92,25.98,4620.0
2014-07-17,25.9,25.9,25.82,25.77,3700.0
2014-07-18,25.82,25.82,25.82,25.97,200.0
2014-07-21,25.92,25.92,25.92,25.93,200.0
2014-07-22,25.9,26.16,25.9,26.29,235670.0
2014-07-23,26.34,26.36,26.3,26.32,4110.0
2014-07-24,26.39,26.39,26.39,26.39,
2014-07-25,26.37,26.37,26.37,26.28,100.0
2014-07-28,26.42,26.43,26.37,26.41,12750.0
2014-07-29,26.41,26.47,26.41,26.39,17580.0
2014-07-30,26.24,26.24,26.24,26.24,
2014-07-31,26.12,26.12,25.81,25.77,19300.0
2014-08-01,25.82,25.82,25.82,25.82,
2014-08-04,26.0,26.0,26.0,26.0,
2014-08-05,25.99,25.99,25.99,25.85,100.0
2014-08-06,25.68,25.68,25.68,25.68,
2014-08-07,25.6,25.69,25.6,25.57,1600.0
2014-08-08,25.65,25.65,25.65,25.62,7000.0
2014-08-11,25.63,25.63,25.63,25.98,3700.0
2014-08-12,25.98,25.98,25.98,25.93,4380.0
2014-08-13,26.22,26.22,26.22,26.18,1770.0
2014-08-14,26.15,26.27,26.15,26.23,17050.0
2014-08-15,26.19,26.19,26.19,26.11,21000.0
2014-08-18,26.33,26.33,26.33,26.33,
2014-08-19,26.44,26.46,26.44,26.46,2890.0
2014-08-20,26.49,26.49,26.45,26.5,3640.0
2014-08-21,26.32,26.44,26.27,26.4,27820.0
2014-08-22,26.55,26.55,26.29,26.39,64360.0
2014-08-26,26.55,26.63,26.52,26.61,123230.0
2014-08-27,26.7,26.71,26.67,26.7,12880.0
2014-08-28,26.44,26.44,26.44,26.45,100.0
2014-08-29,26.6,26.6,26.6,26.54,540.0
2014-09-01,26.7,26.7,26.7,26.66,6700.0
2014-09-02,26.45,26.45,26.45,26.45,
2014-09-03,26.79,27.02,26.79,26.84,6060.0
2014-09-04,26.91,26.94,26.89,26.91,2800.0
2014-09-05,26.75,26.86,26.61,26.8,136160.0
2014-09-08,26.9,26.91,26.84,26.8,10210.0
2014-09-09,26.6,26.6,26.42,26.47,58110.0
2014-09-10,26.27,26.27,26.18,26.18,22800.0
2014-09-11,26.19,26.2,26.19,26.16,25020.0
2014-09-12,26.16,26.16,25.97,25.95,14140.0
2014-09-15,25.84,25.85,25.84,25.75,1350.0
2014-09-16,25.92,25.92,25.92,25.92,
2014-09-17,25.98,25.98,25.98,25.98,
2014-09-18,25.82,25.97,25.82,25.83,6600.0
2014-09-19,25.91,25.95,25.91,25.95,18630.0
2014-09-22,25.39,25.39,25.39,25.39,
2014-09-23,25.25,25.25,25.25,25.25,
2014-09-24,25.42,25.42,25.42,25.43,4000.0
2014-09-25,25.26,25.26,25.14,25.02,4010.0
2014-09-26,25.09,25.14,25.09,25.05,1370.0
2014-09-29,24.86,25.36,24.58,24.65,9770.0
2014-09-30,24.72,24.75,24.63,24.67,20340.0
2014-10-01,24.57,24.66,24.45,24.42,3480.0
2014-10-02,24.3,24.32,24.1,24.09,26870.0
2014-10-03,24.43,24.43,24.27,24.36,800.0
2014-10-06,24.91,24.94,24.91,24.81,1200.0
2014-10-07,24.85,24.85,24.73,24.79,9410.0
2014-10-08,24.45,24.45,24.45,24.45,
2014-10-09,24.69,24.69,24.69,24.66,990.0
2014-10-10,24.5,24.5,24.21,24.06,5580.0
2014-10-13,24.23,24.23,24.23,24.23,
2014-10-14,24.22,24.22,24.08,24.23,5440.0
2014-10-15,23.84,23.84,23.84,23.77,710.0
2014-10-16,23.84,23.84,23.7,23.79,16590.0
2014-10-17,23.84,24.17,23.79,24.12,6170.0
2014-10-20,24.2,24.2,24.0,24.0,11790.0
2014-10-21,23.9,24.04,23.86,24.16,2700.0
2014-10-22,24.09,24.18,24.04,24.04,17460.0
2014-10-23,24.09,24.18,24.05,24.1,7430.0
2014-10-24,24.0,24.16,24.0,24.16,100.0
2014-10-27,23.92,23.92,23.7,23.87,245790.0
2014-10-28,24.14,24.34,24.07,24.36,8970.0
2014-10-29,24.45,24.45,24.44,24.61,1020.0
2014-10-30,24.44,24.57,24.34,24.6,23850.0
2014-10-31,24.82,24.82,24.7,24.69,10840.0
2014-11-03,24.66,24.7,24.57,24.53,2550.0
2014-11-04,24.65,24.65,24.63,24.48,10300.0
2014-11-05,24.45,24.45,24.45,24.35,650.0
2014-11-06,24.38,24.39,24.3,24.23,1550.0
2014-11-07,24.09,24.23,24.09,24.21,130.0
2014-11-10,24.41,24.41,24.41,24.41,
2014-11-11,24.24,24.24,24.24,24.22,4690.0
2014-11-12,24.27,24.36,24.27,24.31,560.0
2014-11-13,24.37,24.37,24.37,24.22,6450.0
2014-11-14,24.1,24.29,24.08,24.21,45720.0
2014-11-17,24.05,24.2,24.05,24.09,8360.0
2014-11-18,24.1,24.18,24.1,24.17,8530.0
2014-11-19,24.18,24.18,24.07,24.16,5590.0
2014-11-20,24.14,24.2,24.14,24.28,431250.0
2014-11-21,24.27,24.91,24.27,24.71,242310.0
2014-11-24,24.75,24.77,24.75,24.68,400.0
2014-11-25,24.59,24.8,24.54,24.59,65410.0
2014-11-26,24.54,24.8,24.54,24.82,31470.0
2014-11-27,24.73,24.73,24.73,24.73,1330.0
2014-11-28,24.66,24.68,24.66,24.47,3220.0
2014-12-01,24.16,24.16,24.01,24.02,24020.0
2014-12-02,24.23,24.23,24.09,24.08,47390.0
2014-12-03,24.08,24.19,24.08,24.17,21310.0
2014-12-04,24.35,24.35,24.34,24.17,8740.0
2014-12-05,24.22,24.22,24.1,24.08,4930.0
2014-12-08,23.5,24.03,23.5,23.91,23750.0
2014-12-09,23.66,23.66,23.54,23.55,7220.0
2014-12-10,23.62,23.62,23.38,23.39,10430.0
2014-12-11,23.39,23.39,23.14,23.23,10550.0
2014-12-12,23.0,23.0,22.97,22.83,1770.0
2014-12-15,22.91,22.93,22.84,22.45,41430.0
2014-12-16,22.52,22.66,22.14,22.6,9440.0
2014-12-17,22.43,22.49,22.43,22.71,2500.0
2014-12-18,23.07,23.2,23.07,23.04,2820.0
2014-12-19,23.12,23.27,23.09,23.22,5010.0
2014-12-22,23.5,23.63,23.5,23.48,16800.0
2014-12-23,23.36,23.36,23.18,23.22,9770.0
2014-12-24,24.03,24.03,24.03,23.31,10.0
2014-12-29,23.54,23.59,23.54,23.59,18010.0
2014-12-30,23.45,23.45,23.45,23.45,
2014-12-31,23.52,23.55,23.52,23.54,300.0
2015-01-02,23.55,23.55,23.55,23.21,50.0
2015-01-05,22.92,22.92,22.92,22.92,
2015-01-06,22.85,22.96,22.77,22.84,13150.0
2015-01-07,23.15,23.18,23.08,23.12,1650.0
2015-01-08,23.34,23.67,23.34,23.67,17890.0
2015-01-09,23.53,23.55,23.48,23.45,26590.0
2015-01-12,23.44,23.61,23.44,23.37,93870.0
2015-01-13,23.33,23.73,23.33,23.68,4250.0
2015-01-14,23.4,23.4,23.4,23.39,51560.0
2015-01-15,23.5,23.77,23.5,23.51,8150.0
2015-01-16,23.45,23.45,23.36,23.46,2420.0
2015-01-19,23.5,23.52,23.49,23.4,6400.0
2015-01-20,23.6,23.63,23.46,23.48,2200.0
2015-01-21,23.72,23.84,23.72,23.9,1410.0
2015-01-22,23.98,24.2,23.98,24.21,4580.0
2015-01-23,24.41,24.44,24.32,24.33,19150.0
2015-01-26,24.23,24.23,24.23,24.23,
2015-01-27,24.24,24.24,23.99,24.06,50400.0
2015-01-28,24.39,24.39,24.03,24.0,108650.0
2015-01-29,23.8,23.88,23.8,23.71,450.0
2015-01-30,23.61,23.61,23.55,23.4,800.0
2015-02-02,23.59,23.6,23.57,23.7,2680.0
2015-02-03,23.87,24.09,23.87,24.05,1040.0
2015-02-04,24.16,24.26,24.16,24.26,1160.0
2015-02-05,23.96,23.96,23.96,24.15,620.0
2015-02-06,24.04,24.04,23.9,23.91,3110.0
2015-02-09,23.84,23.84,23.84,23.84,
2015-02-10,23.94,23.94,23.7,23.73,56880.0
2015-02-11,23.71,23.71,23.5,23.5,55670.0
2015-02-12,23.75,23.8,23.61,23.91,2450.0
2015-02-13,24.21,24.29,24.11,24.24,1550.0
2015-02-16,24.33,24.33,24.33,24.2,1500.0
2015-02-17,24.25,24.25,24.09,24.14,1390000.0
2015-02-18,24.14,24.2,24.09,24.12,811460.0
2015-02-19,24.09,24.15,23.95,24.15,14210.0
2015-02-20,24.08,24.08,24.08,24.15,2800.0
2015-02-23,24.16,24.29,24.13,24.18,8240.0
2015-02-24,24.19,24.46,24.19,24.34,35530.0
2015-02-25,24.36,24.36,24.3,24.33,1200000.0
2015-02-26,24.32,24.32,24.32,24.34,6280.0
2015-02-27,24.25,24.4,24.22,24.4,77490.0
2015-03-02,24.3,24.33,24.18,24.19,3830.0
2015-03-03,24.02,24.1,24.02,24.07,810.0
2015-03-04,24.55,24.55,23.8,23.83,6460.0
2015-03-05,23.96,23.96,23.86,23.88,47530.0
2015-03-06,23.88,23.95,23.68,23.56,2320.0
2015-03-09,23.66,23.74,23.46,23.46,62040.0
2015-03-10,22.97,22.97,22.97,22.97,
2015-03-11,23.06,23.09,23.02,23.09,1200.0
2015-03-12,22.39,23.39,22.39,23.31,21740.0
2015-03-13,23.34,23.34,23.0,23.0,1180.0
2015-03-16,23.19,23.27,23.19,23.25,550.0
2015-03-17,23.2,23.32,23.2,23.28,280.0
2015-03-18,23.44,23.44,23.35,23.43,11880.0
2015-03-19,23.84,23.84,23.45,23.52,203140.0
2015-03-20,23.57,23.87,23.55,23.89,14620.0
2015-03-23,23.95,23.95,23.95,23.94,50.0
2015-03-24,23.98,23.98,23.98,23.98,1240.0
2015-03-25,24.05,24.09,23.82,23.86,17900.0
2015-03-26,23.84,23.84,23.51,23.62,14580.0
2015-03-27,23.58,23.58,23.58,23.58,100.0
2015-03-30,23.61,23.89,23.6,23.94,17140.0
2015-03-31,23.85,24.0,23.84,23.96,153660.0
2015-04-01,23.9,24.28,23.9,24.28,84500.0
2015-04-02,24.36,24.41,24.36,24.53,1900.0
2015-04-07,24.81,24.95,24.81,24.95,81730.0
2015-04-08,25.13,25.13,25.13,25.29,300.0
2015-04-09,25.35,25.36,25.26,25.39,1910000.0
2015-04-10,25.42,25.56,25.42,25.5,17260.0
2015-04-13,25.66,25.66,25.5,25.56,1140000.0
2015-04-14,25.43,26.23,25.31,25.49,1070000.0
2015-04-15,25.4,25.49,24.69,25.47,43570.0
2015-04-16,25.73,25.75,25.71,25.77,36010.0
2015-04-17,25.64,25.65,24.63,25.36,30450.0
2015-04-20,25.47,25.47,25.47,25.45,9900.0
2015-04-21,25.55,25.66,25.55,25.67,9360.0
2015-04-22,25.7,25.72,25.64,25.78,4070.000000000001
2015-04-23,25.8,25.91,25.8,25.91,16640.0
2015-04-24,26.09,26.15,26.03,26.1,84560.0
2015-04-27,26.04,26.36,26.04,26.3,19580.0
2015-04-28,26.18,26.36,26.04,26.27,7100.0
2015-04-29,26.01,26.09,25.92,26.09,9940.0
2015-04-30,25.95,26.06,25.81,25.8,99750.0
2015-05-01,25.8,25.8,25.77,25.77,2930.0
2015-05-05,25.72,25.91,25.64,25.8,28400.0
2015-05-06,25.85,25.85,25.68,25.53,310.0
2015-05-07,25.5,25.5,25.02,25.33,30330.0
2015-05-08,25.44,25.65,25.34,25.66,169300.0
2015-05-11,25.65,25.65,25.53,25.5,4070.000000000001
2015-05-12,25.46,25.46,25.26,25.39,7380.0
2015-05-13,25.51,25.58,25.49,25.54,11410.0
2015-05-14,25.56,25.58,25.56,25.64,500.0
2015-05-15,25.81,25.81,25.72,25.8,72960.0
2015-05-18,25.52,25.74,25.52,25.68,97630.0
2015-05-19,25.82,25.82,25.73,25.72,4270.0
2015-05-20,25.68,25.7,25.58,25.63,36560.0
2015-05-21,25.55,25.6,25.52,25.59,17530.0
2015-05-22,25.74,25.85,25.66,25.7,24100.0
2015-05-26,25.55,25.6,25.49,25.39,2970.0
2015-05-27,25.52,25.52,25.17,25.23,51030.0
2015-05-28,25.1,25.25,24.93,24.94,78840.0
2015-05-29,25.09,25.09,24.85,24.86,18560.0
2015-06-01,25.0,25.0,24.68,24.71,3100.0
2015-06-02,24.61,24.62,24.57,24.76,9100.0
2015-06-03,24.68,24.71,24.68,24.75,200.0
2015-06-04,24.5,24.52,24.35,24.41,29050.0
2015-06-05,24.32,24.4,24.24,24.23,1370.0
2015-06-08,24.2,24.2,24.16,24.16,6350.0
2015-06-09,23.98,24.06,23.98,24.07,15510.0
2015-06-10,24.18,24.32,24.18,24.35,232440.0
2015-06-11,24.19,24.24,24.18,24.22,34100.0
2015-06-12,24.17,24.18,24.17,24.24,9500.0
2015-06-15,24.11,24.11,24.05,23.97,1930.0
2015-06-16,23.97,23.97,23.97,23.97,
2015-06-17,24.03,24.03,23.97,23.92,3180.0
2015-06-18,24.24,24.24,24.2,24.39,7660.0
2015-06-19,24.27,24.27,24.27,24.27,
2015-06-22,24.55,24.6,24.55,24.57,3560.0
2015-06-23,24.66,24.68,24.66,24.66,24390.0
2015-06-24,24.57,24.68,24.57,24.66,20250.0
2015-06-25,24.59,24.67,24.59,24.55,248380.0
2015-06-26,24.39,24.39,24.28,24.33,63350.0
2015-06-29,23.76,23.96,23.76,23.82,106950.0
2015-06-30,23.98,23.98,23.98,24.02,530.0
2015-07-01,24.13,24.2,24.11,24.08,18910.0
2015-07-02,24.25,24.25,24.0,24.13,10100.0
2015-07-03,23.96,23.96,23.96,23.92,90.0
2015-07-06,23.42,23.48,23.42,23.51,1480.0
2015-07-07,23.3,23.3,22.85,22.69,7320.0
2015-07-08,22.3,22.45,22.3,22.45,14460.0
2015-07-09,22.83,22.93,22.83,22.86,11220.0
2015-07-10,23.14,23.14,23.11,23.21,390.0
2015-07-13,23.47,23.54,23.47,23.51,67060.0
2015-07-14,23.44,23.44,23.34,23.47,99790.0
2015-07-15,23.37,23.38,23.33,23.34,30000.0
2015-07-16,23.48,23.48,23.48,23.51,27770.0
2015-07-17,23.61,23.63,23.46,23.48,3150.0
2015-07-20,23.45,23.45,23.34,23.34,33210.0
2015-07-21,23.48,23.49,23.4,23.41,2170.0
2015-07-22,23.14,23.29,23.1,23.1,26230.0
2015-07-23,23.11,23.12,23.0,23.0,13240.0
2015-07-24,23.0,23.0,22.52,22.58,43410.0
2015-07-27,22.95,22.95,22.13,22.14,36540.0
2015-07-28,22.24,22.29,22.19,22.19,37920.0
2015-07-29,22.39,22.39,22.31,22.33,3500.0
2015-07-30,22.25,22.25,22.09,22.09,7420.0
2015-07-31,22.2,22.47,22.2,22.43,3800.0
2015-08-03,21.97,22.23,21.97,22.09,6810.0
2015-08-04,22.26,22.27,22.21,22.21,2360.0
2015-08-05,22.19,22.35,22.19,22.3,92310.0
2015-08-06,22.07,22.12,22.04,21.98,44480.0
2015-08-07,21.98,21.98,21.98,21.98,200.0
2015-08-10,22.05,22.05,22.02,22.25,12840.0
2015-08-11,21.98,21.98,21.71,21.7,10600.0
2015-08-12,21.51,21.51,21.34,21.38,15510.0
2015-08-13,21.6,21.6,21.46,21.49,9080.0
2015-08-14,21.43,21.54,21.39,21.52,54950.0
2015-08-17,21.38,21.38,21.24,21.27,33840.0
2015-08-18,21.26,21.26,21.03,21.04,21290.0
2015-08-19,20.95,20.95,20.73,20.66,13180.0
2015-08-20,20.57,20.57,20.41,20.43,15030.0
2015-08-21,20.14,20.36,20.06,20.01,38980.0
2015-08-24,19.25,19.25,16.16,18.76,104610.0
2015-08-25,19.18,19.99,19.18,19.89,152990.0
2015-08-26,19.52,19.62,19.43,19.59,13410000.0
2015-08-27,20.11,20.25,20.11,20.46,152350.0
2015-08-28,20.5,20.5,20.37,20.49,35420.0
2015-09-01,20.21,20.34,19.88,19.86,47640.0
2015-09-02,19.8,19.96,19.8,19.83,2430.0
2015-09-03,20.0,20.0,20.0,20.23,220.0
2015-09-04,19.78,19.78,19.57,19.53,44360.0
2015-09-07,19.62,19.62,19.46,19.47,8480.0
2015-09-08,19.61,19.96,19.61,19.92,4680.0
2015-09-09,20.37,20.44,20.32,20.23,161890.0
2015-09-10,20.05,20.08,19.93,20.11,33440.0
2015-09-11,20.21,20.21,20.14,20.18,7250.0
2015-09-14,20.17,20.18,20.12,20.16,3370.0
2015-09-15,20.24,20.35,20.2,20.35,17790.0
2015-09-16,20.6,20.77,20.6,20.87,2760.0
2015-09-17,20.77,20.82,20.05,20.78,11450.0
2015-09-18,20.84,20.94,20.75,20.72,12200.0
2015-09-21,20.55,20.59,20.5,20.54,5980.0
2015-09-22,20.57,20.57,19.98,20.01,54560.0
2015-09-23,19.98,20.09,19.95,19.92,3720.0
2015-09-24,19.66,19.66,19.49,19.5,31640.0
2015-09-25,19.96,20.06,19.9,19.89,20080.0
2015-09-28,19.74,19.74,19.45,19.41,410.0
2015-09-29,19.38,19.5,19.38,19.46,69800.0
2015-09-30,19.81,19.98,19.81,19.98,13190.0
2015-10-01,20.15,20.27,20.05,20.04,57130.0
2015-10-02,20.23,20.23,20.23,20.22,60.0
2015-10-05,19.97,20.93,19.95,20.91,14950.0
2015-10-06,20.54,20.93,20.54,20.95,784120.0
2015-10-07,21.24,21.46,21.24,21.3,56110.0
2015-10-08,21.12,21.38,21.12,21.38,50510.0
2015-10-09,21.65,21.89,21.61,21.83,1210.0
2015-10-12,21.7,21.75,21.63,21.64,9470.0
2015-10-13,21.46,21.46,21.36,21.42,1220000.0
2015-10-14,21.32,21.45,21.32,21.39,12680.0
2015-10-15,21.77,21.89,21.77,21.73,4810.0
2015-10-16,21.73,21.84,21.73,21.82,18520.0
2015-10-19,21.77,21.84,21.68,21.71,20030.0
2015-10-20,21.84,21.84,21.69,21.75,23900.0
2015-10-21,21.59,21.63,21.54,21.56,270060.0
2015-10-22,21.57,21.79,21.52,21.77,202760.0
2015-10-23,21.86,22.08,21.86,21.95,47510.0
2015-10-26,21.59,21.9,21.59,21.83,19690.0
2015-10-27,21.71,21.71,21.54,21.58,41000.0
2015-10-28,21.61,21.68,21.52,21.66,122640.0
2015-10-29,21.3,21.31,21.23,21.28,62580.0
2015-10-30,21.36,21.38,21.32,21.27,104590.0
2015-11-02,13.81,21.52,13.81,21.47,20110.0
2015-11-03,21.57,21.7,21.53,21.7,16370.000000000002
2015-11-04,22.02,22.11,21.82,21.75,7120.0
2015-11-05,21.69,21.81,21.64,21.72,33320.0
2015-11-06,21.66,21.66,21.27,21.27,43370.0
2015-11-09,21.2,21.21,21.04,20.96,19300.0
2015-11-10,20.91,20.91,20.77,20.78,3900.0
2015-11-11,20.97,20.98,20.85,20.87,5330.0
2015-11-12,21.0,21.07,20.81,20.81,204570.0
2015-11-13,20.68,20.68,20.35,20.37,125470.0
2015-11-16,20.48,20.52,20.37,20.41,34920.0
2015-11-17,20.75,20.76,20.7,20.74,27850.0
2015-11-18,20.68,20.73,20.57,20.73,18280.0
2015-11-19,20.93,21.1,20.93,21.07,110930.0
2015-11-20,21.3,21.41,21.1,21.3,40050.0
2015-11-23,21.13,21.22,21.12,21.18,3450.0
2015-11-24,21.09,21.12,20.93,21.05,4960.0
2015-11-25,21.13,21.13,21.04,21.0,10650.0
2015-11-26,21.12,21.22,21.06,21.09,5400.0
2015-11-27,20.8,20.82,20.73,20.73,3580.0
2015-11-30,20.54,20.59,20.47,20.58,5570.0
2015-12-01,20.75,20.77,20.67,20.77,157210.0
2015-12-02,20.82,20.82,20.57,20.59,10590.0
2015-12-03,20.67,20.67,20.66,20.52,18060.0
2015-12-04,20.38,20.52,20.21,20.46,21140.0
2015-12-07,20.46,20.46,20.28,20.21,27620.0
2015-12-08,20.07,20.09,19.83,19.94,20900.0
2015-12-09,20.09,20.09,19.82,20.06,41710.0
2015-12-10,19.89,19.89,19.75,19.77,12760.0
2015-12-11,19.7,19.7,19.22,19.39,666630.0
2015-12-14,19.34,19.48,19.26,19.24,23660.0
2015-12-15,19.48,19.81,19.48,19.78,2030000.0
2015-12-16,19.89,19.94,19.84,19.84,150150.0
2015-12-17,20.0,20.23,19.99,19.98,41800.0
2015-12-18,20.02,20.02,19.92,19.95,45440.0
2015-12-21,19.98,20.07,19.94,19.95,225720.0
2015-12-22,20.05,20.07,19.95,20.03,42430.0
2015-12-23,20.13,20.39,20.13,20.36,59040.0
2015-12-24,19.39,20.38,19.39,20.34,5300.0
2015-12-29,20.44,20.44,20.27,20.28,66120.0
2015-12-30,20.16,20.17,20.08,20.05,14430.0
2015-12-31,20.05,20.05,20.05,20.05,
2016-01-04,19.64,19.65,19.3,19.31,30020.0
2016-01-05,19.46,19.55,19.46,19.48,266760.0
2016-01-06,19.29,19.29,19.14,19.25,16890.0
2016-01-07,18.94,19.29,18.52,18.86,1330000.0
2016-01-08,18.75,18.82,18.51,18.48,403840.0
2016-01-11,18.42,18.5,18.33,18.34,13390.0
2016-01-12,18.21,18.5,18.21,18.38,28400.0
2016-01-13,18.59,18.59,18.5,18.51,34420.0
2016-01-14,18.18,18.36,18.11,18.29,1690000.0
2016-01-15,18.12,18.13,17.73,17.71,528160.0
2016-01-18,17.89,17.93,17.84,17.83,2220000.0
2016-01-19,18.18,18.29,18.04,18.06,2160000.0
2016-01-20,17.57,17.57,17.39,17.42,1750000.0
2016-01-21,17.5,17.75,17.5,17.73,59600.0
2016-01-22,18.09,18.21,18.08,18.16,5780.0
2016-01-25,18.39,18.39,18.11,18.13,418090.0
2016-01-26,17.89,18.18,17.84,18.18,50330.0
2016-01-27,18.04,18.21,18.04,18.25,25910.0
2016-01-28,18.32,18.52,18.26,18.31,93840.0
2016-01-29,18.61,18.72,18.61,18.7,193080.0
2016-02-01,18.74,18.75,18.62,18.71,28540.0
2016-02-02,18.68,18.68,18.33,18.39,607570.0
2016-02-03,18.21,18.43,18.18,18.33,314860.0
2016-02-04,18.7,19.0,18.31,18.84,131050.0
2016-02-05,18.86,18.93,18.67,18.64,377420.0
2016-02-08,18.67,18.75,18.29,18.3,10110.0
2016-02-09,18.32,18.32,18.0,18.13,54210.0
2016-02-10,18.3,18.47,18.3,18.34,84650.0
2016-02-11,18.07,18.07,17.77,17.83,44740.0
2016-02-12,17.98,18.07,17.94,18.07,15230.0
2016-02-15,18.36,18.5,18.34,18.43,758480.0
2016-02-16,18.59,18.59,18.43,18.47,228190.0
2016-02-17,18.46,18.85,18.38,18.85,77830.0
2016-02-18,18.82,18.9,18.77,18.76,114270.0
2016-02-19,18.75,18.77,18.65,18.75,52360.0
2016-02-22,18.9,19.11,18.9,19.11,114100.0
2016-02-23,18.88,19.0,18.88,18.84,1450000.0
2016-02-24,18.77,18.77,18.43,18.48,64680.00000000001
2016-02-25,18.57,18.7,18.55,18.66,93930.0
2016-02-26,18.91,18.98,18.69,18.69,23640.0
2016-02-29,18.74,18.91,18.69,18.9,3140000.0
2016-03-01,19.07,19.29,19.03,19.31,70570.0
2016-03-02,19.45,19.59,19.41,19.59,354240.0
2016-03-03,19.58,19.73,19.58,19.73,107630.0
2016-03-04,19.83,20.27,19.83,20.23,11750.0
2016-03-07,20.05,20.14,19.98,20.22,33380.0
2016-03-08,20.04,20.04,19.84,19.9,78220.0
2016-03-09,19.9,20.09,19.88,20.08,215350.0
2016-03-10,20.07,20.3,19.95,19.88,866850.0
2016-03-11,20.2,20.45,20.2,20.45,116290.0
2016-03-14,20.5,20.5,20.29,20.37,69970.0
2016-03-15,20.02,20.14,20.0,20.0,2040000.0
2016-03-16,20.03,20.08,19.91,20.05,525990.0
2016-03-17,20.57,20.84,20.52,20.86,533020.0
2016-03-18,21.0,21.02,20.75,20.99,405060.0
2016-03-21,21.0,21.0,20.85,20.97,172820.0
2016-03-22,20.86,20.89,20.8,20.98,7030.0
2016-03-23,20.79,20.92,20.64,20.65,624190.0
2016-03-24,20.5,20.56,20.41,20.48,64080.0
2016-03-29,20.36,20.6,20.36,20.56,622200.0
2016-03-30,21.14,21.29,20.6,21.21,2120000.0
2016-03-31,20.89,21.25,20.89,21.2,2650000.0
2016-04-01,20.86,20.95,20.68,20.93,445850.0
2016-04-04,20.93,21.09,20.93,20.98,246560.0
2016-04-05,20.77,20.77,20.5,20.55,3560.0
2016-04-06,20.6,20.6,20.39,20.55,219130.0
2016-04-07,20.71,20.71,20.38,20.39,111200.0
2016-04-08,20.59,20.79,20.57,20.73,54600.0
2016-04-11,20.7,20.99,20.7,20.96,283290.0
2016-04-12,20.84,21.09,20.84,21.07,64790.00000000001
2016-04-13,21.33,21.53,21.3,21.5,1240000.0
2016-04-14,21.36,21.52,21.36,21.51,1600000.0
2016-04-15,21.53,21.53,21.37,21.4,208900.0
2016-04-18,21.3,21.48,21.25,21.46,243680.0
2016-04-19,21.55,21.8,21.5,21.77,250510.0
2016-04-20,21.5,21.59,21.35,21.63,234880.0
2016-04-21,21.75,21.75,21.47,21.5,359970.0
2016-04-22,21.24,21.45,21.24,21.34,14910.0
2016-04-25,21.21,21.35,21.12,21.23,78440.0
2016-04-26,21.27,21.33,21.23,21.31,284590.0
2016-04-27,21.3,21.36,21.27,21.3,732810.0
2016-04-28,21.31,21.43,21.22,21.43,435200.0
2016-04-29,21.16,21.32,21.16,21.16,682660.0
2016-05-03,21.48,21.48,20.67,20.68,22800.0
2016-05-04,20.65,20.65,20.39,20.39,87530.0
2016-05-05,20.49,20.5,20.42,20.36,140380.0
2016-05-06,20.33,20.35,20.16,20.32,45830.0
2016-05-09,20.43,20.48,20.11,20.1,65750.0
2016-05-10,20.39,20.43,20.27,20.35,91880.0
2016-05-11,20.39,20.5,20.34,20.48,244070.0
2016-05-12,20.59,20.59,20.28,20.32,114100.0
2016-05-13,20.19,20.23,20.08,20.15,604440.0
2016-05-16,20.14,20.21,20.14,20.21,20150.0
2016-05-17,20.14,20.37,20.12,20.19,2930000.0
2016-05-18,20.11,20.11,19.97,20.11,186490.0
2016-05-19,19.86,19.9,19.66,19.67,187340.0
2016-05-20,19.92,20.06,19.84,20.05,113900.0
2016-05-23,19.97,20.05,19.89,20.0,36520.0
2016-05-24,19.9,20.14,19.84,20.12,1300000.0
2016-05-25,20.32,20.39,20.27,20.32,74880.0
2016-05-26,20.3,20.48,20.3,20.41,25720.0
2016-05-27,20.45,20.58,20.43,20.51,324390.0
2016-05-31,20.46,20.61,20.45,20.48,1670000.0
2016-06-01,20.48,20.49,20.4,20.46,39390.0
2016-06-02,20.5,20.57,20.48,20.55,9160.0
2016-06-03,20.58,20.88,20.56,20.78,77060.0
2016-06-06,20.85,21.05,20.84,21.1,16149.999999999998
2016-06-07,21.21,21.36,21.18,21.32,816990.0
2016-06-08,21.43,21.48,21.29,21.37,3180000.0
2016-06-09,21.34,21.34,21.14,21.18,45800.0
2016-06-10,21.06,21.06,20.66,20.66,83540.0
2016-06-13,20.55,20.6,20.45,20.57,132250.0
2016-06-14,20.41,20.49,20.22,20.23,207360.0
2016-06-15,20.45,20.63,20.45,20.58,1620000.0
2016-06-16,20.37,20.37,20.14,20.28,76500.0
2016-06-17,20.34,20.56,20.34,20.42,757910.0
2016-06-20,20.83,21.02,20.8,20.92,87130.0
2016-06-21,20.96,21.02,20.46,20.98,1240000.0
2016-06-22,21.14,21.24,21.0,21.21,2910000.0
2016-06-23,21.2,21.52,21.12,21.41,390650.0
2016-06-24,20.5,20.62,20.14,20.47,109580.0
2016-06-27,20.49,20.49,19.98,19.95,123110.0
2016-06-28,20.45,20.62,20.41,20.48,718860.0
2016-06-29,20.59,21.16,20.5,21.16,264100.0
2016-06-30,21.09,21.29,21.09,21.23,90300.0
2016-07-01,21.23,21.57,21.23,21.48,105260.0
2016-07-04,21.52,21.57,21.32,21.51,419910.0
2016-07-05,21.43,21.43,21.09,21.2,1590000.0
2016-07-06,20.78,20.95,20.77,20.95,218980.0
2016-07-07,21.16,21.26,21.09,21.14,110980.0
2016-07-08,21.07,21.37,21.02,21.36,42210.0
2016-07-11,21.32,21.69,21.32,21.66,134890.0
2016-07-12,21.6,22.0,21.6,22.0,145240.0
2016-07-13,21.86,21.93,21.84,21.87,91860.0
2016-07-14,22.16,22.23,21.98,22.23,123750.0
2016-07-15,22.08,22.2,22.07,22.1,112510.0
2016-07-18,21.93,22.24,21.93,22.22,20020.0
2016-07-19,22.36,22.36,22.02,22.08,34980.0
2016-07-20,22.2,22.35,22.1,22.24,230920.0
2016-07-21,22.38,22.38,22.16,22.16,380460.0
2016-07-22,22.16,22.27,22.16,22.25,188460.0
2016-07-25,22.22,22.39,22.1,22.11,41870.0
2016-07-26,22.3,22.3,22.18,22.22,283890.0
2016-07-27,22.24,22.34,22.22,22.27,1270000.0
2016-07-28,22.35,22.41,22.2,22.2,439280.0
2016-07-29,22.27,23.39,22.16,22.39,842730.0
2016-08-01,22.77,22.77,22.3,22.54,1850000.0
2016-08-02,22.46,22.46,22.23,22.26,122880.0
2016-08-03,22.3,22.3,22.06,22.25,51410.0
2016-08-04,22.32,22.54,22.28,22.49,109540.0
2016-08-05,22.56,22.68,22.56,22.62,101980.0
2016-08-08,22.82,22.88,22.77,22.84,349230.0
2016-08-09,22.86,23.09,22.84,23.02,68850.0
2016-08-10,22.91,23.14,22.91,23.01,44960.0
2016-08-11,23.09,23.15,22.98,23.2,49250.0
2016-08-12,23.25,23.27,23.15,23.27,62140.0
2016-08-15,23.39,23.52,23.27,23.49,24170.0
2016-08-16,23.48,23.5,23.26,23.32,24920.0
2016-08-17,23.3,23.3,23.02,23.02,2120000.0
2016-08-18,23.31,23.4,23.29,23.37,153690.0
2016-08-19,23.2,23.21,23.08,23.18,203710.0
2016-08-22,22.96,23.11,22.96,22.96,87750.0
2016-08-23,23.1,23.19,23.09,23.16,506150.0
2016-08-24,22.92,22.93,22.8,22.88,236150.0
2016-08-25,22.91,23.01,22.89,23.01,56800.0
2016-08-26,22.91,23.24,22.91,23.21,133720.0
2016-08-30,23.18,23.18,22.91,22.91,133660.0
2016-08-31,22.91,22.91,22.73,22.77,120500.0
2016-09-01,22.75,22.81,22.64,22.64,35790.0
2016-09-02,22.82,23.16,22.8,23.16,126700.0
2016-09-05,23.32,23.38,23.29,23.32,136110.0
2016-09-06,23.44,23.57,23.42,23.54,1350000.0
2016-09-07,23.59,23.69,23.57,23.57,459990.0
2016-09-08,23.64,23.7,23.53,23.62,251700.0
2016-09-09,23.52,23.52,23.0,23.11,210540.0
2016-09-12,22.61,22.75,22.42,22.74,347770.0
2016-09-13,22.61,22.76,22.47,22.45,741480.0
2016-09-14,22.57,22.7,22.47,22.63,90450.0
2016-09-15,22.57,22.86,22.46,22.86,1170000.0
2016-09-16,22.88,22.88,22.59,22.65,136130.0
2016-09-19,22.95,23.07,22.93,22.98,242600.0
2016-09-20,23.14,23.14,22.89,22.98,440010.0
2016-09-21,23.0,23.2,23.0,23.16,57770.0
2016-09-22,23.46,23.77,23.42,23.61,43710.0
2016-09-23,23.46,23.55,23.45,23.48,296510.0
2016-09-26,23.22,23.22,23.11,23.14,568250.0
2016-09-27,23.45,23.45,23.1,23.24,1380000.0
2016-09-28,23.41,23.41,23.21,23.3,112760.0
2016-09-29,23.43,23.5,23.37,23.38,67950.0
2016-09-30,23.31,23.32,23.05,23.32,667850.0
2016-10-03,23.25,23.37,23.24,23.34,42310.0
2016-10-04,23.28,23.55,23.28,23.42,56530.0
2016-10-05,23.23,23.44,23.23,23.37,150200.0
2016-10-06,23.53,23.54,23.32,23.39,1230000.0
2016-10-07,23.31,23.54,23.3,23.39,878610.0
2016-10-10,23.51,23.7,23.4,23.66,3920000.0
2016-10-11,23.25,23.27,23.05,23.07,119550.0
2016-10-12,23.16,23.16,22.98,22.98,256500.0
2016-10-13,22.89,22.89,22.62,22.73,67790.0
2016-10-14,22.82,23.05,22.82,22.98,140950.0
2016-10-17,22.89,22.96,22.77,22.87,16540.0
2016-10-18,23.02,23.29,23.02,23.27,46240.0
2016-10-19,23.27,23.44,23.22,23.44,77570.0
2016-10-20,23.29,23.46,23.27,23.33,197220.0
2016-10-21,23.34,23.34,23.14,23.25,80860.0
2016-10-24,23.27,23.53,23.27,23.43,138260.0
2016-10-25,23.31,23.52,23.31,23.43,155510.0
2016-10-26,23.37,23.37,23.15,23.25,77480.0
2016-10-27,23.2,23.22,23.07,23.14,78320.0
2016-10-28,23.14,23.14,22.95,23.1,43770.0
2016-10-31,23.05,23.14,23.0,23.14,466010.0
2016-11-01,23.2,23.22,22.89,22.84,42260.0
2016-11-02,22.81,22.84,22.61,22.61,1060000.0
2016-11-03,22.77,22.77,22.5,22.57,176830.0
2016-11-04,22.35,22.57,22.32,22.5,263710.0
2016-11-07,22.94,23.0,22.74,23.0,901450.0
2016-11-08,23.03,23.09,22.93,23.14,243150.0
2016-11-09,22.2,22.68,22.2,22.59,457010.0
2016-11-10,22.82,22.82,21.79,21.94,361430.0
2016-11-11,21.87,21.87,21.21,21.23,20900.0
2016-11-14,21.35,21.52,21.22,21.25,1020000.0
2016-11-15,21.67,21.67,21.38,21.59,562450.0
2016-11-16,21.63,21.63,21.31,21.44,419110.0
2016-11-17,21.46,21.67,21.46,21.64,54170.0
2016-11-18,21.41,21.57,21.36,21.45,309910.0
2016-11-21,21.53,21.66,21.46,21.53,210430.0
2016-11-22,21.75,21.91,21.75,21.8,233790.0
2016-11-23,21.93,21.93,21.62,21.62,109400.0
2016-11-24,21.64,21.75,21.62,21.71,182840.0
2016-11-25,21.8,21.85,21.76,21.8,96380.0
2016-11-28,22.0,22.0,21.86,21.94,615170.0
2016-11-29,21.79,21.99,21.79,21.96,1080000.0
2016-11-30,21.86,22.12,21.86,21.97,914980.0
2016-12-01,22.09,22.11,21.83,21.88,292960.0
2016-12-02,21.88,21.88,21.61,21.82,1290000.0
2016-12-05,21.7,21.93,21.7,21.91,1010000.0
2016-12-06,21.8,22.07,21.8,22.0,1100000.0
2016-12-07,21.96,22.25,21.96,22.23,144870.0
2016-12-08,22.45,22.45,22.32,22.45,265410.0
2016-12-09,22.52,22.52,22.33,22.43,1010000.0
2016-12-12,22.11,22.39,22.11,22.24,463720.0
2016-12-13,22.16,22.46,22.16,22.42,231670.0
2016-12-14,22.3,22.39,22.27,22.33,1790000.0
2016-12-15,22.12,22.12,21.84,21.86,233310.0
2016-12-16,21.67,21.95,21.67,21.79,381500.0
2016-12-19,21.82,21.86,21.77,21.78,147790.0
2016-12-20,21.65,21.77,21.64,21.75,819540.0
2016-12-21,21.77,21.77,21.7,21.73,170960.0
2016-12-22,21.54,21.77,21.36,21.36,604440.0
2016-12-23,21.48,21.52,21.43,21.46,571940.0
2016-12-28,21.8,21.91,21.71,21.75,216440.0
2016-12-29,21.86,22.03,21.77,22.04,539260.0
2016-12-30,22.11,22.11,21.97,22.09,305190.0
2017-01-03,22.14,22.27,22.11,22.14,825570.0
2017-01-04,22.21,22.36,22.21,22.34,723890.0
2017-01-05,22.51,22.61,22.45,22.55,149880.0
2017-01-06,22.71,22.71,22.48,22.48,190970.0
2017-01-09,22.48,22.53,22.41,22.53,432220.0
2017-01-10,22.53,22.73,22.53,22.71,256970.00000000003
2017-01-11,22.74,22.75,22.61,22.67,1440000.0
2017-01-12,22.86,23.02,22.86,22.92,512490.0
2017-01-13,22.93,22.96,22.9,22.95,261440.0
2017-01-16,22.79,22.81,22.75,22.8,297800.0
2017-01-17,22.91,23.09,22.89,22.95,281000.0
2017-01-18,23.06,23.06,22.95,22.98,701020.0
2017-01-19,22.86,22.93,22.77,22.84,678020.0
2017-01-20,22.84,22.87,22.77,22.81,64550.0
2017-01-23,22.95,23.15,22.93,23.05,142580.0
2017-01-24,23.11,23.36,23.11,23.31,218550.0
2017-01-25,23.36,23.48,23.34,23.48,764540.0
2017-01-26,23.59,23.64,23.43,23.44,261920.00000000003
2017-01-27,23.43,23.47,23.39,23.43,265060.0
2017-01-30,23.38,23.39,23.25,23.25,483240.0
2017-01-31,23.29,23.41,23.23,23.3,1200000.0
2017-02-01,23.36,23.52,23.36,23.39,714220.0
2017-02-02,23.38,23.5,23.36,23.5,157190.0
2017-02-03,23.45,23.7,23.41,23.66,593200.0
2017-02-06,23.68,23.72,23.51,23.64,300610.0
2017-02-07,23.52,23.64,23.5,23.51,3290000.0
2017-02-08,23.5,23.64,23.5,23.63,165340.0
2017-02-09,23.71,23.77,23.7,23.79,113870.0
2017-02-10,23.79,23.91,23.77,23.91,177240.0
2017-02-13,23.94,24.03,23.83,24.03,452120.0
2017-02-14,24.02,24.07,23.87,23.94,425890.0
2017-02-15,24.14,24.2,24.05,24.2,684290.0
2017-02-16,24.2,24.28,24.17,24.2,176530.0
2017-02-17,24.1,24.11,23.97,24.02,311820.0
2017-02-20,24.13,24.21,24.13,24.2,162160.0
2017-02-21,24.16,24.29,24.16,24.29,386890.0
2017-02-22,24.37,24.38,24.3,24.35,325290.0
2017-02-23,24.41,24.55,24.39,24.43,134800.0
2017-02-24,24.34,24.34,24.14,24.17,163290.0
2017-02-27,24.17,24.21,24.05,24.13,3230000.0
2017-02-28,24.11,24.11,23.97,24.0,272620.0
2017-03-01,23.93,24.18,23.93,24.18,231220.0
2017-03-02,24.14,24.14,23.91,23.92,486680.0
2017-03-03,23.74,23.93,23.72,23.91,411750.0
2017-03-06,23.93,24.04,23.93,23.94,835010.0
2017-03-07,24.04,24.1,24.01,24.01,2500000.0
2017-03-08,24.33,24.33,23.94,23.94,1340000.0
2017-03-09,23.73,23.77,23.62,23.64,651780.0
2017-03-10,23.73,23.86,23.71,23.8,270840.0
2017-03-13,24.09,24.16,23.73,24.17,1130000.0
2017-03-14,24.18,24.19,24.05,24.11,2750000.0
2017-03-15,24.5,24.5,24.14,24.2,345770.0
2017-03-16,24.69,24.84,24.69,24.8,902300.0
2017-03-17,24.72,24.84,24.71,24.78,2480000.0
2017-03-20,24.89,25.11,24.88,25.06,859300.0
2017-03-21,25.09,25.21,24.84,24.87,2600000.0
2017-03-22,24.71,24.93,24.66,24.87,2810000.0
2017-03-23,24.84,24.94,24.8,24.94,716500.0
2017-03-24,24.84,25.01,24.82,24.98,433400.0
2017-03-27,24.82,24.89,24.74,24.89,176970.0
2017-03-28,24.82,25.01,24.82,24.98,322040.0
2017-03-29,24.82,25.02,24.82,25.0,252060.0
2017-03-30,24.91,25.0,24.86,24.97,165890.0
2017-03-31,24.69,24.77,24.68,24.73,190420.0
2017-04-03,24.78,24.9,24.77,24.84,1810000.0
2017-04-04,25.1,25.1,24.77,24.93,745650.0
2017-04-05,24.94,25.06,24.93,24.95,417860.0
2017-04-06,24.92,24.92,24.7,24.83,301960.0
2017-04-07,24.69,24.8,24.64,24.8,186330.0
2017-04-10,24.97,24.97,24.6,24.65,160320.0
2017-04-11,24.55,24.69,24.46,24.49,1040000.0
2017-04-12,24.67,24.76,24.61,24.62,98570.0
2017-04-13,24.86,24.86,24.15,24.83,221150.0
2017-04-18,24.75,24.75,24.48,24.65,150880.0
2017-04-19,24.54,24.64,24.52,24.55,617640.0
2017-04-20,24.59,24.71,24.59,24.71,232130.0
2017-04-21,24.79,24.82,24.72,24.75,201100.0
2017-04-24,25.02,25.11,24.96,25.05,257920.00000000003
2017-04-25,25.23,25.3,25.21,25.28,324240.0
2017-04-26,25.3,25.34,25.19,25.28,309190.0
2017-04-27,25.21,25.25,25.11,25.11,205860.0
2017-04-28,25.17,25.22,25.14,25.18,462420.0
2017-05-02,25.42,25.48,25.38,25.47,467940.0
2017-05-03,25.43,25.46,25.27,25.34,433290.0
2017-05-04,25.29,25.33,25.12,25.17,700780.0
2017-05-05,25.01,25.2,24.98,25.18,267810.0
2017-05-08,25.35,25.39,25.21,25.29,1010000.0
2017-05-09,25.31,25.61,25.31,25.59,288840.0
2017-05-10,25.51,25.65,25.45,25.64,376330.0
2017-05-11,25.75,25.77,25.61,25.67,1340000.0
2017-05-12,25.74,25.82,25.66,25.82,326350.0
2017-05-15,25.9,26.04,25.73,26.03,348170.0
2017-05-16,26.01,26.09,25.94,26.05,806300.0
2017-05-17,25.96,26.02,25.81,25.82,204390.0
2017-05-18,25.56,25.57,24.98,25.28,498230.0
2017-05-19,25.35,25.77,25.32,25.75,221280.0
2017-05-22,25.84,25.84,25.71,25.75,368300.0
2017-05-23,25.62,25.83,25.62,25.83,277150.0
2017-05-24,25.72,25.86,25.7,25.82,449980.0
2017-05-25,26.08,26.09,26.0,26.03,39690.0
2017-05-26,26.0,26.11,25.99,26.08,79400.0
2017-05-30,25.95,26.0,25.91,25.94,284940.0
2017-05-31,26.0,26.02,25.76,25.81,511650.0
2017-06-01,25.89,25.95,25.84,25.95,631320.0
2017-06-02,26.0,26.14,26.0,26.14,282010.0
2017-06-05,26.16,26.22,26.11,26.12,47160.0
2017-06-06,26.13,26.17,26.02,26.12,173710.0
2017-06-07,26.09,26.16,26.03,26.04,147470.0
2017-06-08,26.15,26.3,26.15,26.23,511460.0
2017-06-09,26.21,26.32,26.2,26.26,421170.0
2017-06-12,26.28,26.28,25.84,25.95,138770.0
2017-06-13,26.01,26.1,26.0,26.04,1440000.0
2017-06-14,26.07,26.24,25.99,26.21,2310000.0
2017-06-15,25.95,25.97,25.63,25.76,309470.0
2017-06-16,25.79,25.9,25.74,25.82,192540.0
2017-06-19,25.99,26.13,25.97,26.13,1830000.0
2017-06-20,26.08,26.1,25.86,25.87,168720.0
2017-06-21,25.78,26.39,25.75,25.92,168020.0
2017-06-22,25.97,26.07,25.94,26.07,439320.0
2017-06-23,26.05,26.13,26.0,26.12,810930.0
2017-06-26,26.31,26.41,26.26,26.3,178420.0
2017-06-27,26.26,26.29,26.15,26.23,338230.0
2017-06-28,26.04,26.25,25.96,26.15,428680.0
2017-06-29,26.29,26.3,25.94,25.97,254000.0
2017-06-30,25.98,26.14,25.93,26.07,221740.0
2017-07-03,26.18,26.27,26.13,26.21,306470.0
2017-07-04,25.96,26.04,25.96,26.03,285540.0
2017-07-05,26.1,26.12,25.92,26.06,366050.0
2017-07-06,26.03,26.08,25.87,25.89,138080.0
2017-07-07,25.87,26.01,25.83,25.91,174300.0
2017-07-10,26.03,26.14,25.98,26.14,301820.0
2017-07-11,26.24,26.3,26.19,26.19,146040.0
2017-07-12,26.42,26.74,26.37,26.71,248550.0
2017-07-13,26.82,26.89,26.79,26.85,159340.0
2017-07-14,26.91,27.19,26.9,27.18,56560.0
2017-07-17,27.01,27.2,27.01,27.11,452470.0
2017-07-18,27.27,27.27,27.09,27.21,372460.0
2017-07-19,27.36,27.51,27.34,27.43,197750.0
2017-07-20,27.41,27.46,27.35,27.38,537040.0
2017-07-21,27.4,27.47,27.31,27.34,128510.0
2017-07-24,27.48,27.52,27.42,27.44,135100.0
2017-07-25,27.47,27.54,27.43,27.45,178470.0
2017-07-26,27.43,27.51,27.41,27.49,77310.0
2017-07-27,27.74,27.74,27.42,27.67,1480000.0
2017-07-28,27.4,27.43,27.31,27.4,1580000.0
2017-07-31,27.53,27.58,27.45,27.48,608900.0
2017-08-01,27.51,27.66,27.51,27.57,1270000.0
2017-08-02,27.68,27.68,27.5,27.55,517400.0
2017-08-03,27.48,27.51,27.44,27.48,77430.0
2017-08-04,27.54,27.63,27.47,27.55,485970.0
2017-08-07,27.64,27.75,27.6,27.72,323980.0
2017-08-08,27.86,27.92,27.81,27.91,282100.0
2017-08-09,27.65,27.65,27.43,27.48,301510.0
2017-08-10,27.35,27.39,27.08,27.13,188140.0
2017-08-11,26.84,27.23,26.68,26.93,886600.0
2017-08-14,27.13,27.31,27.11,27.31,257080.0
2017-08-15,27.36,27.38,27.13,27.23,1190000.0
2017-08-16,27.26,27.5,27.26,27.46,953380.0
2017-08-17,27.5,27.58,27.4,27.45,268310.0
2017-08-18,27.32,27.46,27.24,27.43,658040.0
2017-08-21,27.47,27.55,27.36,27.52,284510.0
2017-08-22,27.67,27.83,27.62,27.8,646430.0
2017-08-23,27.74,27.89,27.73,27.85,267700.0
2017-08-24,27.75,28.07,27.75,27.98,676180.0
2017-08-25,28.03,28.26,28.02,28.11,1240000.0
2017-08-29,27.89,28.02,27.77,28.02,204500.0
2017-08-30,28.11,28.16,28.0,28.03,1120000.0
2017-08-31,28.04,28.18,28.02,28.14,2470000.0
2017-09-01,28.2,28.38,28.17,28.34,252580.0
2017-09-04,28.06,28.17,28.03,28.15,122330.0
2017-09-05,28.15,28.23,28.09,28.14,1350000.0
2017-09-06,28.08,28.18,28.03,28.14,1720000.0
2017-09-07,28.23,28.4,28.21,28.39,595230.0
2017-09-08,28.42,28.43,28.26,28.27,97780.0
2017-09-11,28.48,29.51,28.47,28.62,112830.0
2017-09-12,28.62,28.64,28.57,28.61,118850.0
2017-09-13,28.58,28.58,28.44,28.47,1810000.0
2017-09-14,28.56,28.57,28.4,28.55,3630000.0
2017-09-15,28.67,28.67,28.55,28.64,1150000.0
2017-09-18,28.99,28.99,28.81,28.81,1090000.0
2017-09-19,28.81,28.84,28.74,28.77,186160.0
2017-09-20,28.84,28.9,28.8,28.83,259090.0
2017-09-21,28.8,28.86,28.69,28.76,514640.0
2017-09-22,28.61,28.63,28.52,28.52,3830000.0
2017-09-25,28.5,28.5,27.9,28.04,5660000.0
2017-09-26,28.02,28.41,27.95,27.98,865660.0
2017-09-27,27.98,28.01,27.78,27.78,961340.0
2017-09-28,27.77,27.8,27.65,27.76,1630000.0
2017-09-29,27.93,28.11,27.87,28.11,722070.0
2017-10-02,28.16,28.26,28.0,28.15,558000.0
2017-10-03,28.68,28.68,28.32,28.53,1010000.0
2017-10-04,28.56,28.64,28.54,28.59,371130.0
2017-10-05,28.57,28.82,28.57,28.81,191640.0
2017-10-06,28.74,28.77,28.5,28.61,177930.0
2017-10-09,28.57,28.63,28.54,28.61,154850.0
2017-10-10,28.73,28.94,28.71,28.91,277360.0
2017-10-11,28.99,28.99,28.85,28.98,524100.0
2017-10-12,29.07,29.12,29.05,29.12,1140000.0
2017-10-13,29.14,29.4,29.12,29.3,1550000.0
2017-10-16,29.32,29.38,29.3,29.31,314250.0
2017-10-17,29.27,29.28,29.08,29.14,204950.0
2017-10-18,29.17,29.28,29.17,29.21,389230.0
2017-10-19,29.08,29.08,28.84,28.98,583880.0
2017-10-20,29.12,29.14,29.03,29.09,144220.0
2017-10-23,29.06,29.08,28.9,28.93,570340.0
2017-10-24,28.95,28.98,28.89,28.97,158120.0
2017-10-25,29.0,29.05,28.7,28.8,300160.0
2017-10-26,28.82,28.93,28.78,28.88,153390.0
2017-10-27,28.7,28.95,28.7,28.92,255420.0
2017-10-30,28.97,29.02,28.85,28.93,188370.0
2017-10-31,29.09,29.11,29.02,29.1,132030.0
2017-11-01,29.38,29.49,29.37,29.37,6040000.0
2017-11-02,29.35,29.35,29.22,29.31,5210000.0
2017-11-03,29.27,29.36,29.05,29.22,388290.0
2017-11-06,29.5,29.5,29.24,29.42,1030000.0
2017-11-07,29.55,29.55,29.29,29.29,631130.0
2017-11-08,29.41,29.43,29.35,29.43,602500.0
2017-11-09,29.45,29.47,29.19,29.23,666070.0
2017-11-10,29.36,29.36,29.13,29.18,318690.0
2017-11-13,29.2,29.21,29.01,29.16,270520.0
2017-11-14,29.15,29.17,28.93,28.99,344470.0
2017-11-15,28.84,28.86,28.68,28.85,484320.0
2017-11-16,29.08,29.35,29.07,29.29,231430.0
2017-11-17,29.37,29.48,29.3,29.46,170400.0
2017-11-20,29.82,29.82,29.45,29.55,177440.0
2017-11-21,29.7,30.04,29.7,30.02,487490.0
2017-11-22,30.0,30.08,29.97,29.97,649630.0
2017-11-23,29.9,30.0,29.88,29.98,140910.0
2017-11-24,29.95,30.06,29.95,30.04,250440.0
2017-11-27,29.97,29.97,29.65,29.69,202350.0
2017-11-28,29.76,29.84,29.73,29.83,151050.0
2017-11-29,29.82,29.82,29.4,29.45,69860.0
2017-11-30,29.32,29.36,29.23,29.27,731180.0
2017-12-01,29.15,29.15,28.89,28.97,170090.0
2017-12-04,29.02,29.28,29.02,29.11,109790.0
2017-12-05,29.06,29.16,29.0,29.16,99920.0
2017-12-06,28.55,28.63,28.48,28.49,270950.0
2017-12-07,28.62,28.7,28.45,28.69,155400.0
2017-12-08,28.84,29.13,28.84,28.85,105590.0
2017-12-11,29.08,29.15,29.04,29.08,199330.0
2017-12-12,28.9,28.93,28.78,28.82,118810.0
2017-12-13,29.07,29.21,28.98,29.19,140940.0
2017-12-14,29.16,29.21,29.12,29.13,108340.0
2017-12-15,29.19,29.19,28.93,29.12,127930.0
2017-12-18,29.24,29.43,29.17,29.43,311810.0
2017-12-19,29.36,29.48,29.27,29.28,141110.0
2017-12-20,29.39,29.44,29.32,29.41,158790.0
2017-12-21,29.72,29.72,29.3,29.55,195830.0
2017-12-22,29.62,29.64,29.56,29.56,53610.0
2017-12-27,29.81,30.09,29.72,29.83,1140000.0
2017-12-28,30.5,30.5,30.05,30.09,1220000.0
2017-12-29,30.16,30.26,30.16,30.25,107330.0
2018-01-02,30.87,30.87,30.43,30.62,716900.0
2018-01-03,31.2,31.2,30.8,31.0,65810.0
2018-01-04,31.01,31.22,30.96,31.18,434200.0
2018-01-05,31.17,31.41,31.17,31.39,204540.0
2018-01-08,31.41,31.45,31.3,31.42,175510.0
2018-01-09,31.42,31.54,31.27,31.36,100300.0
2018-01-10,31.23,31.36,31.12,31.17,356670.0
2018-01-11,31.16,31.28,31.09,31.26,108940.0
2018-01-12,31.4,31.68,31.36,31.6,6600000.0
2018-01-15,31.55,31.63,31.52,31.6,280330.0
2018-01-16,31.75,31.95,31.75,31.8,471020.0
2018-01-17,31.71,31.91,31.59,31.88,296010.0
2018-01-18,31.96,32.02,31.88,32.0,349800.0
2018-01-19,32.08,32.22,31.95,32.17,594800.0
2018-01-22,32.24,32.36,31.95,32.33,370550.0
2018-01-23,32.5,32.65,32.39,32.55,119070.0
2018-01-24,32.6,32.95,32.42,32.69,520210.00000000006
2018-01-25,32.78,33.03,31.95,33.02,2910000.0
2018-01-26,33.06,33.2,33.03,33.2,357040.0
2018-01-29,33.1,33.1,32.8,32.85,574800.0
2018-01-30,32.44,32.66,32.27,32.29,236200.0
2018-01-31,32.6,32.84,32.57,32.59,582110.0
2018-02-01,32.53,32.65,32.28,32.37,665520.0
2018-02-02,32.26,32.65,31.56,31.68,1180000.0
2018-02-05,31.5,31.68,31.27,31.44,676990.0
2018-02-06,30.26,30.99,30.17,30.68,686870.0
2018-02-07,30.58,31.04,30.49,30.98,1730000.0
2018-02-08,30.42,30.91,29.81,29.9,867120.0
2018-02-09,29.7,30.91,29.48,29.5,1680000.0
2018-02-12,30.08,30.38,30.0,30.16,585260.0
2018-02-13,30.24,30.5,30.24,30.37,817090.0
2018-02-14,30.77,30.88,30.25,30.83,496340.0
2018-02-15,31.44,31.91,31.43,31.61,229350.0
2018-02-16,31.92,31.98,31.56,31.84,191150.0
2018-02-19,31.43,31.58,31.37,31.44,101440.0
2018-02-20,31.15,31.26,30.98,31.26,1490000.0
2018-02-21,31.4,31.6,31.35,31.6,243750.0
2018-02-22,31.13,31.52,31.07,31.43,600740.0
2018-02-23,31.8,31.8,31.53,31.64,238450.0
2018-02-26,31.86,31.98,31.74,31.86,118460.0
2018-02-27,31.7,31.77,31.35,31.39,556510.0
2018-02-28,31.1,31.25,30.96,30.99,737920.0
2018-03-01,31.15,31.16,30.86,31.06,170420.0
2018-03-02,30.8,30.88,30.27,30.46,643100.0
2018-03-05,30.45,30.89,30.45,30.87,183240.0
2018-03-06,31.12,31.41,31.08,31.11,48410.0
2018-03-07,30.94,31.07,30.78,30.99,470840.0
2018-03-08,31.16,31.24,31.04,31.17,116710.0
2018-03-09,31.28,31.62,31.19,31.62,272480.0
2018-03-12,31.82,31.88,31.73,31.77,336780.0
2018-03-13,31.88,32.02,31.7,31.7,128520.0
2018-03-14,31.8,31.86,31.51,31.62,78770.0
2018-03-15,31.98,31.98,31.59,31.66,119720.0
2018-03-16,31.62,31.62,31.5,31.55,447540.0
2018-03-19,31.44,31.44,31.1,31.12,142640.0
2018-03-20,31.47,31.55,31.36,31.52,220690.0
2018-03-21,31.5,31.54,31.35,31.52,303020.0
2018-03-22,31.18,31.42,30.65,30.96,256770.0
2018-03-23,30.62,30.73,30.37,30.46,214460.0
2018-03-26,30.72,30.94,30.55,30.68,124780.0
2018-03-27,31.16,31.2,30.92,31.0,458470.0
2018-03-28,30.72,30.72,30.2,30.27,117250.0
2018-03-29,30.47,30.8,30.47,30.77,296630.0
2018-04-03,30.43,30.74,30.43,30.61,267490.0
2018-04-04,30.38,30.38,29.7,30.36,333240.0
2018-04-05,30.8,30.94,30.72,30.94,182350.0
2018-04-06,30.37,30.67,30.34,30.43,366540.0
2018-04-09,30.67,30.67,30.32,30.57,182460.0
2018-04-10,30.76,30.76,30.6,30.74,121430.0
2018-04-11,30.65,30.78,30.52,30.78,122920.0
2018-04-12,30.62,30.9,30.59,30.85,351190.0
2018-04-13,30.83,30.86,30.52,30.62,450830.0
2018-04-16,30.42,30.58,30.4,30.45,393850.0
2018-04-17,30.48,30.7,1.0,30.68,427490.0
2018-04-18,30.59,30.88,30.57,30.85,498980.0
2018-04-19,31.01,31.08,30.75,30.8,923430.0
2018-04-20,30.69,30.7,30.32,30.42,101150.0
2018-04-23,30.36,30.46,30.19,30.36,69870.0
2018-04-24,30.28,30.44,30.17,30.29,138290.0
2018-04-25,29.93,29.95,29.62,29.72,251700.0
2018-04-26,29.92,30.1,29.8,30.04,118410.0
2018-04-27,30.16,30.41,30.16,30.29,95280.0
2018-04-30,30.5,30.53,30.39,30.39,82740.0
2018-05-01,30.21,30.23,29.68,29.79,320960.0
2018-05-02,30.3,30.3,29.95,30.03,391260.0
2018-05-03,29.84,29.97,29.32,29.37,101130.0
2018-05-04,29.65,29.77,29.45,29.77,131150.0
2018-05-08,29.96,29.96,29.58,29.68,128330.0
2018-05-09,29.78,30.01,29.72,29.74,261050.0
2018-05-10,30.09,30.46,30.02,30.46,187270.0
2018-05-11,30.35,30.57,30.34,30.41,135500.0
2018-05-14,30.56,30.61,30.5,30.57,335570.0
2018-05-15,30.31,30.31,29.75,29.88,123770.0
2018-05-16,29.98,30.26,29.94,30.17,726000.0
2018-05-17,30.07,30.11,29.9,29.94,261640.0
2018-05-18,29.99,30.04,29.56,29.61,141050.0
2018-05-21,29.78,29.88,29.71,29.72,1070000.0
2018-05-22,29.88,30.02,29.8,29.99,131330.0
2018-05-23,29.73,29.73,29.47,29.64,260660.00000000003
2018-05-24,29.74,29.8,29.39,29.5,188520.0
2018-05-25,29.75,29.81,29.67,29.81,348950.0
2018-05-29,29.82,29.82,29.19,29.28,385470.0
2018-05-30,29.07,29.26,29.05,29.26,1130000.0
2018-05-31,29.48,29.55,29.26,29.36,327670.0
2018-06-01,29.55,29.8,29.55,29.7,355400.0
2018-06-04,29.94,30.08,29.92,30.02,519490.0
2018-06-05,30.05,30.07,29.83,29.83,141160.0
2018-06-06,30.12,30.15,30.01,30.09,557700.0
2018-06-07,30.27,30.29,29.98,30.01,119820.0
2018-06-08,29.67,29.7,29.4,29.65,186880.0
2018-06-11,29.88,29.94,29.73,29.79,1080000.0
2018-06-12,29.87,29.87,29.71,29.77,665780.0
2018-06-13,29.69,29.76,29.6,29.73,276110.0
2018-06-14,29.4,29.73,29.36,29.56,489570.0
2018-06-15,29.28,29.28,28.92,28.94,126830.0
2018-06-18,28.95,28.95,28.52,28.66,241900.0
2018-06-19,28.34,28.37,28.08,28.32,330280.0
2018-06-20,28.63,28.76,28.55,28.55,1560000.0
2018-06-21,28.42,28.43,28.16,28.2,427490.0
2018-06-22,28.48,28.58,28.35,28.43,161210.0
2018-06-25,28.22,28.25,27.9,27.93,957920.0
2018-06-26,28.18,28.18,27.87,27.93,4860000.0
2018-06-27,27.82,28.05,27.55,27.63,2100000.0
2018-06-28,27.35,27.48,27.28,27.42,227050.0
2018-06-29,28.0,28.1,27.91,28.05,863810.0
2018-07-02,27.59,27.61,27.44,27.53,1380000.0
2018-07-03,27.65,27.9,27.65,27.86,853940.0
2018-07-04,27.71,27.73,27.61,27.68,355590.0
2018-07-05,27.51,27.89,27.51,27.64,291990.0
2018-07-06,27.78,28.04,27.61,28.04,325700.0
2018-07-09,28.4,28.42,28.26,28.4,1600000.0
2018-07-10,28.4,28.4,28.3,28.31,468280.0
2018-07-11,28.0,28.12,27.88,27.96,313280.0
2018-07-12,28.23,28.28,28.08,28.28,226210.0
2018-07-13,28.32,28.32,28.11,28.29,1670000.0
2018-07-16,28.24,28.27,28.05,28.06,76870.0
2018-07-17,28.06,28.28,28.0,28.25,197290.0
2018-07-18,28.2,28.2,28.05,28.18,141900.0
2018-07-19,28.03,28.08,27.77,27.88,181610.0
2018-07-20,28.12,28.37,28.03,28.36,212050.0
2018-07-23,28.26,28.26,28.09,28.1,722760.0
2018-07-24,28.34,28.7,28.28,28.6,356280.0
2018-07-25,28.62,28.77,28.58,28.7,132400.0
2018-07-26,28.73,28.84,28.73,28.82,1010000.0
2018-07-27,28.84,28.96,28.81,28.91,846680.0
2018-07-30,28.74,28.89,28.74,28.83,176130.0
2018-07-31,28.72,28.86,28.64,28.82,212390.0
2018-08-01,28.65,28.83,28.64,28.74,472590.0
2018-08-02,28.21,28.24,28.03,28.18,1470000.0
2018-08-03,28.26,28.55,28.21,28.53,72820.0
2018-08-06,28.41,28.44,28.3,28.38,2040000.0
2018-08-07,28.52,28.75,28.52,28.72,104740.0
2018-08-08,28.66,28.69,28.48,28.58,6810000.0
2018-08-09,28.56,28.65,28.51,28.63,1450000.0
2018-08-10,28.19,28.19,27.83,27.97,352880.0
2018-08-13,27.51,27.69,27.39,27.53,230460.0
2018-08-14,27.57,27.71,27.5,27.51,152620.0
2018-08-15,27.33,27.33,26.63,26.73,649540.0
2018-08-16,27.12,27.24,26.95,27.22,137620.0
2018-08-17,27.13,27.18,26.84,27.03,632150.0
2018-08-20,27.4,27.42,27.27,27.32,67480.0
2018-08-21,27.59,27.76,27.59,27.69,443120.0
2018-08-22,27.75,27.88,27.66,27.86,164410.0
2018-08-23,27.71,27.89,27.61,27.61,80620.0
2018-08-24,27.61,27.99,27.61,27.94,202430.0
2018-08-28,28.47,28.49,28.31,28.34,2300000.0
2018-08-29,28.32,28.4,28.19,28.37,643880.0
2018-08-30,28.33,28.33,27.78,27.8,277420.0
2018-08-31,27.85,28.0,27.72,27.75,211260.0
2018-09-03,27.82,27.89,27.7,27.79,86870.0
2018-09-04,27.79,27.81,27.35,27.42,150100.0
2018-09-05,27.05,27.12,26.94,27.0,344990.0
2018-09-06,26.92,27.16,26.86,26.98,355930.0
2018-09-07,27.08,27.14,26.91,27.03,171860.0
2018-09-10,26.83,26.95,26.68,26.71,640960.0
2018-09-11,26.71,26.75,26.33,26.54,845800.0
2018-09-12,26.52,26.93,26.49,26.9,308080.0
2018-09-13,26.92,27.34,26.89,27.1,5300000.0
2018-09-14,27.36,27.39,27.22,27.33,289590.0
2018-09-17,26.99,27.07,26.88,27.0,188760.0
2018-09-18,27.1,27.19,27.02,27.18,391930.0
2018-09-19,27.25,27.52,27.25,27.49,1890000.0
2018-09-20,27.5,27.76,27.42,27.66,474790.0
2018-09-21,27.94,27.98,27.8,27.94,529110.0
2018-09-24,27.49,27.63,27.49,27.63,239510.0
2018-09-25,27.57,27.7,27.48,27.66,326090.0
2018-09-26,27.75,27.89,27.72,27.89,584220.0
2018-09-27,27.76,27.97,27.7,27.91,312400.0
2018-09-28,27.72,27.81,27.55,27.79,529280.0
2018-10-01,27.77,27.86,27.7,27.74,198080.0
2018-10-02,27.29,27.46,27.09,27.46,347760.0
2018-10-03,27.47,27.56,27.36,27.36,248380.0
2018-10-04,26.83,26.9,26.6,26.6,121400.0
2018-10-05,26.7,26.7,26.32,26.31,329100.0
2018-10-08,26.36,26.37,26.2,26.27,1330000.0
2018-10-09,26.42,26.42,26.09,26.34,314350.0
2018-10-10,26.52,26.52,25.8,25.81,341380.0
2018-10-11,25.23,25.61,25.05,25.33,513910.0
2018-10-12,25.94,26.01,25.81,25.94,896210.0
2018-10-15,25.81,25.86,25.61,25.89,3680000.0
2018-10-16,25.79,26.27,25.77,26.26,277710.0
2018-10-17,26.31,26.38,25.94,26.11,326880.0
2018-10-18,25.78,25.92,25.57,25.57,215660.0
2018-10-19,25.76,25.92,25.7,25.73,272910.0
2018-10-22,26.04,26.1,25.84,25.87,509860.0
2018-10-23,25.45,25.47,25.17,25.37,169840.0
2018-10-24,25.39,25.56,25.13,25.14,198030.0
2018-10-25,24.86,25.33,24.86,25.29,532350.0
2018-10-26,25.05,25.05,24.59,24.83,3210000.0
2018-10-29,25.15,25.26,24.75,24.75,297000.0
2018-10-30,24.8,24.86,24.63,24.84,403500.0
2018-10-31,25.15,25.3,25.15,25.24,837620.0
2018-11-01,25.48,25.99,25.45,25.94,370100.0
2018-11-02,26.39,26.8,26.19,26.19,433850.0
2018-11-05,26.15,26.38,26.11,26.3,732730.0
2018-11-06,26.3,26.37,26.12,26.27,423580.0
2018-11-07,26.33,26.73,26.32,26.58,850700.0
2018-11-08,26.59,26.61,26.34,26.4,403920.0
2018-11-09,25.79,25.87,25.62,25.66,654200.0
2018-11-12,25.75,25.75,25.28,25.29,302310.0
2018-11-13,25.68,25.84,25.51,25.79,408150.0
2018-11-14,25.54,25.9,25.37,25.7,537920.0
2018-11-15,26.03,26.11,25.85,26.08,869170.0
2018-11-16,26.11,26.27,25.91,26.15,229760.0
2018-11-19,26.22,26.32,26.04,26.06,402130.0
2018-11-20,26.0,26.0,25.49,25.59,650970.0
2018-11-21,25.85,26.13,25.8,26.08,371430.0
2018-11-22,25.86,25.94,25.77,25.77,2740000.0
2018-11-23,25.81,25.83,25.62,25.72,91880.0
2018-11-26,25.8,26.18,25.8,26.0,455080.0
2018-11-27,25.95,26.06,25.86,26.03,412410.0
2018-11-28,26.42,26.42,26.13,26.23,593620.0
2018-11-29,26.49,26.61,26.37,26.61,571540.0
2018-11-30,26.5,26.5,26.31,26.36,1030000.0
2018-12-03,27.2,27.22,26.98,27.0,2270000.0
2018-12-04,27.02,27.12,26.89,26.95,994900.0
2018-12-05,26.6,26.69,26.55,26.56,668550.0
2018-12-06,26.06,26.06,25.65,25.68,906600.0
2018-12-07,26.0,26.33,25.98,26.0,1460000.0
2018-12-10,25.71,25.76,25.19,25.26,547310.0
2018-12-11,25.61,25.88,25.54,25.6,438470.0
2018-12-12,25.87,26.26,25.87,26.18,639160.0
2018-12-13,26.32,26.34,26.08,26.16,860870.0
2018-12-14,25.79,25.96,25.62,25.96,406990.0
2018-12-17,25.81,25.87,25.63,25.77,353810.0
2018-12-18,25.59,25.75,25.58,25.71,1100000.0
2018-12-19,25.74,25.94,25.71,25.86,319410.0
2018-12-20,25.48,25.68,25.4,25.46,346930.0
2018-12-21,25.57,25.64,25.35,25.53,395580.0
2018-12-24,25.33,25.4,25.26,25.18,47580.0
2018-12-27,25.36,25.38,25.18,25.36,883450.0
2018-12-28,25.55,25.76,25.54,25.73,302010.0
2018-12-31,25.9,25.96,25.86,25.96,153810.0
2019-01-02,25.26,25.71,25.11,25.68,734600.0
2019-01-03,25.24,25.41,25.14,25.3,217000.0
2019-01-04,25.6,26.04,25.53,25.95,993910.0
2019-01-07,26.09,26.11,25.92,26.02,947190.0
2019-01-08,25.9,26.15,25.89,26.02,396580.0
2019-01-09,26.34,26.64,26.31,26.62,3950000.0
2019-01-10,26.47,26.67,26.43,26.67,293300.0
2019-01-11,26.68,26.76,26.56,26.66,2660000.0
2019-01-14,26.31,26.49,26.3,26.45,287600.0
2019-01-15,26.78,26.78,26.58,26.66,264590.0
2019-01-16,26.83,27.02,26.75,27.02,275670.0
2019-01-17,26.75,26.91,26.71,26.91,338380.0
2019-01-18,26.98,27.26,26.98,27.19,1210000.0
2019-01-21,27.09,27.09,26.99,27.05,402620.0
2019-01-22,26.83,26.9,26.79,26.84,427030.0
2019-01-23,26.86,27.0,26.81,26.9,578430.0
2019-01-24,26.99,27.21,26.95,27.2,511990.0
2019-01-25,27.46,27.65,27.38,27.6,960860.0
2019-01-28,27.38,27.39,27.11,27.26,217630.0
2019-01-29,27.25,27.46,27.24,27.38,668700.0
2019-01-30,27.45,27.59,27.4,27.49,213810.0
2019-01-31,27.92,28.12,27.9,28.06,392840.0
2019-02-01,27.96,28.03,27.89,27.98,528060.0
2019-02-04,27.89,28.05,27.85,28.03,284200.0
2019-02-05,28.01,28.3,28.0,28.27,203560.0
2019-02-06,28.24,28.31,28.09,28.1,392380.0
2019-02-07,27.92,27.94,27.51,27.51,189950.0
2019-02-08,27.6,27.68,27.39,27.42,249420.0
2019-02-11,27.59,27.72,27.51,27.56,2550000.0
2019-02-12,27.62,27.74,27.58,27.7,2160000.0
2019-02-13,27.79,27.79,27.54,27.54,996540.0
2019-02-14,27.64,27.64,27.34,27.36,834180.0
2019-02-15,27.25,27.58,27.25,27.53,671990.0
2019-02-18,27.63,27.66,27.58,27.61,2280000.0
2019-02-19,27.53,27.7,27.35,27.7,8580000.0
2019-02-20,27.84,28.08,27.8,28.08,232790.0
2019-02-21,27.99,28.03,27.74,27.77,350060.0
2019-02-22,28.04,28.23,28.02,28.19,324620.0
2019-02-25,28.35,28.59,28.34,28.55,1500000.0
2019-02-26,28.31,28.4,28.22,28.37,11090000.0
2019-02-27,28.18,28.24,28.08,28.15,691330.0
2019-02-28,27.97,28.09,27.83,27.87,740490.0
2019-03-01,28.03,28.09,27.84,27.88,305670.0
2019-03-04,28.02,28.07,27.83,27.83,499060.0
2019-03-05,28.11,28.22,28.04,28.2,265740.0
2019-03-06,28.15,28.24,28.13,28.19,353910.0
2019-03-07,27.91,27.96,27.61,27.7,1040000.0
2019-03-08,27.31,27.41,27.19,27.33,1250000.0
2019-03-11,27.71,27.86,27.61,27.83,429270.0
2019-03-12,28.09,28.09,27.92,28.04,965660.0
2019-03-13,27.95,28.05,27.94,27.97,316650.0
2019-03-14,27.97,28.05,27.8,27.86,149150.0
2019-03-15,28.09,28.3,28.09,28.25,748960.0
2019-03-18,28.42,28.56,28.42,28.49,1020000.0
2019-03-19,28.55,28.67,28.52,28.67,553380.0
2019-03-20,28.52,28.53,28.32,28.32,252900.0
2019-03-21,28.53,28.59,28.41,28.45,2040000.0
2019-03-22,28.52,28.52,27.87,27.94,1070000.0
2019-03-25,27.8,27.99,27.73,27.92,484540.0
2019-03-26,27.94,28.08,27.87,27.97,356690.0
2019-03-27,28.04,28.04,27.64,27.77,361330.0
2019-03-28,27.7,27.84,27.69,27.75,582550.0
2019-03-29,28.07,28.22,28.06,28.21,516560.0
2019-04-01,28.43,28.6,28.43,28.59,478480.0
2019-04-02,28.56,28.68,28.47,28.51,441030.0
2019-04-03,28.8,28.92,28.79,28.87,802200.0
2019-04-04,28.71,28.89,28.69,28.84,955670.0
2019-04-05,28.96,29.12,28.93,29.05,368220.0
2019-04-08,28.92,29.05,28.87,29.05,293420.0
2019-04-09,29.1,29.23,29.03,29.04,456720.0
2019-04-10,29.17,29.24,29.11,29.21,498510.0
2019-04-11,29.08,29.1,28.86,28.86,494860.0
2019-04-12,28.89,29.17,28.88,29.12,216670.0
2019-04-15,29.04,29.07,28.84,28.89,449230.0
2019-04-16,29.1,29.15,29.05,29.11,479560.0
2019-04-17,29.21,29.37,29.16,29.16,619800.0
2019-04-18,29.0,29.18,28.96,29.17,414360.0
2019-04-23,28.97,29.04,28.91,29.04,671870.0
2019-04-24,28.94,29.02,28.69,28.8,1060000.0
2019-04-25,28.67,28.67,28.46,28.59,916010.0
2019-04-26,28.61,28.8,28.57,28.81,144540.0
2019-04-29,28.87,28.91,28.76,28.78,218350.0
2019-04-30,28.66,28.8,28.57,28.69,4190000.000000001
2019-05-01,28.9,28.94,28.73,28.85,164090.0
2019-05-02,28.75,28.79,28.59,28.61,424130.0
2019-05-03,28.72,29.02,28.7,28.97,2770000.0
2019-05-07,28.29,28.33,27.86,27.89,724010.0
2019-05-08,28.0,28.08,27.79,27.92,1570000.0
2019-05-09,27.44,27.45,26.97,27.03,560610.0
2019-05-10,27.56,27.62,27.12,27.17,476530.0
2019-05-13,27.08,27.08,26.55,26.56,338140.0
2019-05-14,26.84,27.02,26.81,26.98,500430.0
2019-05-15,27.15,27.17,26.76,26.95,1930000.0
2019-05-16,26.9,27.07,26.82,27.07,197870.0
2019-05-17,26.58,26.58,26.37,26.46,1140000.0
2019-05-20,26.36,26.48,26.19,26.28,491200.0
2019-05-21,26.51,26.54,26.35,26.5,180960.0
2019-05-22,26.51,26.65,26.48,26.5,180090.0
2019-05-23,26.22,26.27,26.04,26.2,200640.0
2019-05-24,26.31,26.36,26.15,26.19,412820.0
2019-05-28,26.38,26.45,26.25,26.28,756270.0
2019-05-29,26.11,26.27,26.08,26.22,398810.0
2019-05-30,26.47,26.62,26.41,26.58,340100.0
2019-05-31,26.39,26.7,26.3,26.7,1110000.0
2019-06-03,26.77,27.01,26.71,26.96,2100000.0
2019-06-04,26.75,26.9,26.71,26.9,253800.0
2019-06-05,26.86,27.07,26.72,26.75,406440.0
2019-06-06,26.74,26.83,26.65,26.74,2060000.0
2019-06-07,26.78,27.16,26.75,27.02,2110000.0
2019-06-10,27.14,27.29,27.11,27.29,269750.0
2019-06-11,27.4,27.58,27.39,27.47,1340000.0
2019-06-12,27.32,27.38,27.24,27.24,627780.0
2019-06-13,27.14,27.31,27.12,27.16,236820.0
2019-06-14,27.09,27.15,26.98,27.01,989880.0
2019-06-17,27.0,27.03,26.9,26.99,149270.0
2019-06-18,27.09,27.66,27.04,27.61,347010.0
2019-06-19,27.64,27.7,27.59,27.65,1090000.0
2019-06-20,28.08,28.45,28.07,28.25,4830000.0
2019-06-21,28.13,28.25,28.11,28.19,1830000.0
2019-06-24,28.22,28.25,28.14,28.2,2850000.0
2019-06-25,28.03,28.1,28.0,28.04,2460000.0
2019-06-26,27.99,28.21,27.98,28.19,1430000.0
2019-06-27,28.34,28.39,28.24,28.26,537780.0
2019-06-28,28.3,28.39,28.25,28.3,397480.0
2019-07-01,28.68,28.81,28.61,28.63,520430.0
2019-07-02,28.6,28.63,28.51,28.56,651480.0
2019-07-03,28.39,28.49,28.36,28.45,331880.0
2019-07-04,28.55,28.67,28.53,28.67,1310000.0
2019-07-05,28.57,28.58,28.24,28.34,718330.0
2019-07-08,28.09,28.48,28.05,28.17,3080000.0
2019-07-09,28.01,28.09,27.91,28.09,123270.0
2019-07-10,28.09,28.44,28.06,28.32,2680000.0
2019-07-11,28.48,28.52,28.25,28.28,268820.0
2019-07-12,28.35,28.38,28.2,28.25,124660.0
2019-07-15,28.38,28.43,28.35,28.39,387850.0
2019-07-16,28.48,28.52,28.42,28.46,408320.0
2019-07-17,28.36,28.39,28.22,28.29,179360.0
2019-07-18,28.25,28.34,28.19,28.3,327150.0
2019-07-19,28.54,28.61,28.41,28.41,416700.0
2019-07-22,28.3,28.39,28.24,28.35,191760.0
2019-07-23,28.35,28.38,28.23,28.27,3610000.0
2019-07-24,28.3,28.34,28.23,28.32,198150.0
2019-07-25,28.35,28.41,28.05,28.15,185270.0
2019-07-26,28.15,28.21,28.06,28.1,1690000.0
2019-07-29,27.95,28.06,27.94,28.01,1750000.0
2019-07-30,28.11,28.11,27.8,27.88,1060000.0
2019-07-31,27.84,27.9,27.81,27.81,1440000.0
2019-08-01,27.6,27.75,27.55,27.75,1160000.0
2019-08-02,27.08,27.08,26.67,26.72,566130.0
2019-08-05,26.29,26.47,25.85,25.85,1020000.0
2019-08-06,26.02,26.22,25.96,25.97,1400000.0
2019-08-07,26.14,26.23,25.76,25.99,2030000.0
2019-08-08,26.41,26.48,26.3,26.47,858220.0
2019-08-09,26.51,26.52,26.17,26.37,867530.0
2019-08-12,26.43,26.43,25.91,25.97,211760.0
2019-08-13,25.83,26.42,25.7,26.26,442270.0
2019-08-14,26.18,26.19,25.63,25.7,1030000.0
2019-08-15,25.88,25.88,25.48,25.67,458770.0
2019-08-16,25.96,26.09,25.91,26.04,320660.0
2019-08-19,26.41,26.41,26.21,26.23,413300.0
2019-08-20,26.3,26.37,26.19,26.26,379620.0
2019-08-21,26.36,26.49,26.36,26.42,208440.0
2019-08-22,26.26,26.33,26.07,26.14,71680.0
2019-08-23,26.28,26.32,25.89,25.89,370350.0
2019-08-27,25.85,26.1,25.76,25.98,527130.0
2019-08-28,25.92,25.98,25.81,25.97,356890.0
2019-08-29,25.82,26.21,25.82,26.21,474210.0
2019-08-30,26.27,26.47,26.25,26.37,343120.0
2019-09-02,26.35,26.47,26.34,26.35,196500.0
2019-09-03,26.2,26.3,26.12,26.27,582830.0
2019-09-04,26.61,26.72,26.58,26.71,780950.0
2019-09-05,26.88,27.12,26.88,27.06,879590.0
2019-09-06,27.11,27.22,27.08,27.18,2650000.0
2019-09-09,27.21,27.26,27.15,27.27,298760.0
2019-09-10,27.15,27.2,27.04,27.12,239540.0
2019-09-11,27.25,27.4,27.05,27.38,875710.0
2019-09-12,27.5,27.76,27.49,27.62,2060000.0
2019-09-13,27.7,27.84,27.7,27.8,585030.0
2019-09-16,27.52,27.68,27.48,27.65,347850.0
2019-09-17,27.4,27.51,27.29,27.5,277700.0
2019-09-18,27.52,27.55,27.45,27.45,275620.0
2019-09-19,27.33,27.55,27.32,27.52,425820.0
2019-09-20,27.55,27.61,27.5,27.53,415030.0
2019-09-23,27.49,27.5,27.29,27.41,131350.0
2019-09-24,27.39,27.45,27.22,27.22,406180.0
2019-09-25,27.08,27.08,26.89,27.05,520760.0
2019-09-26,27.07,27.22,27.05,27.09,129490.0
2019-09-27,27.05,27.17,27.04,27.16,185580.0
2019-09-30,27.05,27.07,26.94,27.01,468530.0
2019-10-01,27.02,27.04,26.73,26.83,430470.0
2019-10-02,26.73,26.75,26.48,26.5,606450.0
2019-10-03,26.7,26.83,26.56,26.77,422210.0
2019-10-04,26.74,26.87,26.67,26.86,755940.0
2019-10-07,26.85,26.93,26.78,26.87,281900.0
2019-10-08,26.99,26.99,26.6,26.6,248780.0
2019-10-09,26.62,26.85,26.62,26.77,238990.0
2019-10-10,26.82,27.09,26.76,27.07,333100.0
2019-10-11,27.2,27.63,27.2,27.63,322320.0
2019-10-14,27.45,27.5,27.32,27.37,697260.0
2019-10-15,27.46,27.59,27.39,27.56,130860.0
2019-10-16,27.48,27.63,27.44,27.63,9590000.0
2019-10-17,27.64,27.91,27.63,27.79,639980.0
2019-10-18,27.7,27.8,27.66,27.74,170600.0
2019-10-21,27.75,27.84,27.72,27.76,396570.0
2019-10-22,27.91,28.0,27.83,27.96,162790.0
2019-10-23,27.81,27.89,27.71,27.86,286410.0
2019-10-24,27.94,28.04,27.94,28.01,580260.0
2019-10-25,28.0,28.12,27.91,28.1,426660.0
2019-10-28,28.14,28.34,28.14,28.33,293550.0
2019-10-29,28.22,28.24,28.13,28.2,258830.0
2019-10-30,28.14,28.2,28.04,28.12,377470.0
2019-10-31,28.29,28.33,27.99,28.0,804960.0
2019-11-01,28.27,28.5,28.27,28.45,977300.0
2019-11-04,28.74,28.89,28.74,28.78,637170.0
2019-11-05,28.91,29.06,28.84,28.88,511940.0
2019-11-06,28.89,29.02,28.84,28.94,519790.0
2019-11-07,29.0,29.11,28.87,29.06,991630.0
2019-11-08,28.9,28.92,28.79,28.83,2640000.0
2019-11-11,28.38,28.58,28.37,28.55,601400.0
2019-11-12,28.64,28.65,28.48,28.5,637960.0
2019-11-13,28.29,28.29,28.1,28.2,655200.0
2019-11-14,28.2,28.28,28.17,28.2,346270.0
2019-11-15,28.33,28.51,28.3,28.5,386270.0
2019-11-18,28.56,28.6,28.39,28.5,1220000.0
2019-11-19,28.6,28.7,28.41,28.45,527270.0
2019-11-20,28.41,28.46,28.33,28.43,354530.0
2019-11-21,28.15,28.29,28.09,28.2,367660.0
2019-11-22,28.26,28.4,28.22,28.23,814520.0
2019-11-25,28.49,28.58,28.46,28.52,674790.0
2019-11-26,28.51,28.51,28.31,28.34,934060.0
2019-11-27,28.51,28.53,28.39,28.42,481210.0
2019-11-28,28.67,28.67,28.38,28.41,218740.0
2019-11-29,28.14,28.25,28.11,28.14,1470000.0
2019-12-02,28.16,28.22,28.04,28.04,484960.0
2019-12-03,28.13,28.18,27.75,27.81,899520.0
2019-12-04,27.88,28.2,27.87,28.17,473880.0
2019-12-05,28.22,28.28,28.13,28.24,335980.0
2019-12-06,28.42,28.46,28.35,28.4,301100.0
2019-12-09,28.49,28.5,28.4,28.42,271470.0
2019-12-10,28.45,28.45,28.27,28.44,245260.0
2019-12-11,28.54,28.67,28.53,28.67,576950.0
2019-12-12,28.78,29.31,28.77,29.16,3970000.0
2019-12-13,29.49,29.64,29.23,29.25,1420000.0
2019-12-16,29.41,29.62,29.41,29.59,2040000.0
2019-12-17,29.79,29.82,29.71,29.75,619860.0
2019-12-18,29.8,29.93,29.79,29.85,1020000.0
2019-12-19,29.89,29.93,29.83,29.93,530700.0
2019-12-20,29.93,30.01,29.92,30.01,476200.0
2019-12-23,29.95,30.02,29.92,30.02,574280.0
2019-12-24,30.15,30.15,29.99,30.03,405600.0
2019-12-27,30.38,30.46,30.31,30.36,413280.0
2019-12-30,30.36,30.43,30.25,30.28,867130.0
2019-12-31,30.24,30.26,30.2,30.21,248110.0
2020-01-02,30.21,30.71,30.21,30.65,245960.0
2020-01-03,30.34,30.46,30.19,30.43,325150.0
2020-01-06,30.11,30.93,29.98,30.16,436600.0
2020-01-07,30.25,30.33,30.08,30.16,1350000.0
2020-01-08,30.02,30.23,29.98,30.18,488430.0
2020-01-09,30.61,30.64,30.47,30.53,701580.0
2020-01-10,30.63,30.77,30.61,30.69,587010.0
2020-01-13,30.92,30.98,30.83,30.98,492140.0
2020-01-14,30.9,30.98,30.82,30.9,350950.0
2020-01-15,30.8,30.89,30.79,30.79,723050.0
2020-01-16,30.88,30.99,30.85,30.92,306750.0
2020-01-17,31.04,31.09,31.0,31.01,1580000.0
2020-01-20,31.01,31.02,30.93,30.99,475240.0
2020-01-21,30.49,30.53,30.35,30.53,995330.0
2020-01-22,30.76,30.88,30.61,30.88,944230.0
2020-01-23,30.39,30.41,30.05,30.08,605450.0
2020-01-24,30.49,30.6,30.22,30.24,648520.0
2020-01-27,29.41,29.41,28.8,29.03,1880000.0
2020-01-28,29.26,29.4,29.0,29.38,3120000.0
2020-01-29,29.61,29.68,29.45,29.46,3720000.0
2020-01-30,28.86,29.02,28.7,28.81,1030000.0
2020-01-31,28.84,28.86,28.39,28.42,806820.0
2020-02-03,28.62,28.87,28.52,28.77,724770.0
2020-02-04,29.31,29.63,29.31,29.63,597820.0
2020-02-05,29.39,30.04,29.38,29.7,1380000.0
2020-02-06,30.0,30.02,29.7,29.81,572380.0
2020-02-07,29.66,29.69,29.27,29.38,519600.0
2020-02-10,29.44,29.47,29.31,29.37,499100.0
2020-02-11,29.71,29.92,29.61,29.83,464470.0
2020-02-12,29.94,30.15,29.94,30.15,1360000.0
2020-02-13,29.9,29.94,29.73,29.92,282840.0
2020-02-14,30.01,30.01,29.87,29.88,349050.0
2020-02-17,30.08,30.09,30.0,30.04,141710.0
2020-02-18,29.61,29.73,29.57,29.64,225560.0
2020-02-19,29.89,29.91,29.82,29.86,188100.0
2020-02-20,29.85,29.86,29.32,29.32,199740.0
2020-02-21,29.14,29.37,29.14,29.35,352900.0
2020-02-24,28.65,28.67,27.96,28.19,2240000.0
2020-02-25,28.64,28.68,28.16,28.2,964370.0
2020-02-26,28.24,28.5,27.82,28.42,1600000.0
2020-02-27,28.15,28.22,27.42,27.61,808950.0
2020-02-28,27.0,27.12,26.48,26.86,3000000.0
2020-03-02,27.74,27.9,27.0,27.46,4440000.0
2020-03-03,27.79,28.31,27.69,27.99,2220000.0
2020-03-04,27.95,28.24,27.91,28.03,4770000.0
2020-03-05,28.32,28.33,27.9,27.98,2430000.0
2020-03-06,27.46,27.52,26.97,27.03,281920.0
2020-03-09,27.42,27.42,24.9,25.33,982030.0
2020-03-10,25.83,26.39,25.65,25.69,1460000.0
2020-03-11,25.83,26.0,25.44,25.5,1180000.0
2020-03-12,24.24,24.24,22.05,22.36,2720000.0
2020-03-13,23.93,24.73,23.11,23.53,941290.0
2020-03-16,23.05,23.05,21.2,22.05,6470000.0
2020-03-17,22.33,22.58,21.39,22.33,5320000.0
2020-03-18,21.2,21.36,20.64,20.71,443610.0
2020-03-19,20.38,20.82,20.14,20.55,779630.0
2020-03-20,22.16,22.26,21.16,21.31,773450.0
2020-03-23,20.38,21.92,20.07,20.34,1890000.0
2020-03-24,21.32,21.87,21.3,21.82,2550000.0
2020-03-25,22.44,22.7,21.92,22.52,1680000.0
2020-03-26,22.37,23.37,22.31,23.24,564350.0
2020-03-27,22.66,22.85,22.06,22.22,1020000.0
2020-03-30,22.28,22.44,22.1,22.44,868870.0
2020-03-31,22.65,23.0,22.42,23.0,2000000.0
2020-04-01,22.23,22.23,22.04,22.05,758480.0
2020-04-02,22.47,22.63,22.1,22.41,800990.0
2020-04-03,22.38,22.51,22.15,22.16,224250.0
2020-04-06,22.15,23.21,22.15,23.21,1040000.0
2020-04-07,23.65,24.06,23.42,23.74,1700000.0
2020-04-08,23.45,23.63,23.2,23.58,1250000.0
2020-04-09,23.86,24.09,23.52,23.96,398000.0
2020-04-14,24.22,24.33,24.06,24.18,433630.0
2020-04-15,24.05,24.1,23.47,23.52,1730000.0
2020-04-16,23.92,24.0,23.69,23.81,1160000.0
2020-04-17,24.38,24.51,24.06,24.09,384180.0
2020-04-20,24.27,24.27,23.94,24.15,888290.0
2020-04-21,23.78,23.78,23.26,23.26,801780.0
2020-04-22,23.83,24.01,23.75,23.97,651520.0
2020-04-23,24.08,24.25,23.96,24.16,228750.0
2020-04-24,23.86,23.97,23.61,23.7,1250000.0
2020-04-27,24.14,24.45,23.9,24.22,355220.0
2020-04-28,24.2,24.67,24.18,24.45,385890.0
2020-04-29,24.58,24.91,24.52,24.9,354510.0
2020-04-30,25.35,25.39,24.84,24.84,2040000.0
2020-05-01,23.93,24.03,23.78,23.78,202970.0
2020-05-04,23.91,23.91,23.74,23.81,1010000.0
2020-05-05,24.18,24.3,24.03,24.18,2120000.0
2020-05-06,24.41,24.44,23.98,24.01,3710000.0
2020-05-07,24.18,24.29,24.07,24.17,643290.0
2020-05-11,24.93,24.93,24.4,24.55,911760.0
2020-05-12,24.42,24.86,24.42,24.82,729070.0
2020-05-13,24.64,24.79,24.48,24.51,813930.0
2020-05-14,24.2,24.32,23.83,24.15,885830.0
2020-05-15,24.35,24.43,24.02,24.11,1620000.0
2020-05-18,24.46,24.93,24.32,24.93,1480000.0
2020-05-19,25.2,25.2,24.88,25.09,660560.0
2020-05-20,24.67,25.36,24.67,25.36,469120.0
2020-05-21,25.02,25.1,24.81,24.87,842400.0
2020-05-22,24.42,24.67,24.34,24.51,1120000.0
2020-05-26,25.24,25.31,25.08,25.2,569940.0
2020-05-27,25.08,25.29,24.8,24.94,816860.0
2020-05-28,25.07,25.17,25.01,25.1,872770.0
2020-05-29,24.9,25.23,24.9,24.98,1140000.0
2020-06-01,25.35,25.87,25.35,25.68,668000.0
2020-06-02,25.66,26.52,25.66,26.34,710260.0
2020-06-03,26.59,27.1,26.48,27.1,1230000.0
2020-06-04,27.05,27.05,26.65,26.77,1090000.0
2020-06-05,27.06,27.56,27.06,27.56,821600.0
2020-06-08,27.56,27.56,27.2,27.36,1330000.0
2020-06-09,27.53,27.67,27.15,27.32,544850.0
2020-06-10,27.46,27.86,27.37,27.38,397280.0
2020-06-11,27.2,27.2,26.65,26.65,490630.0
2020-06-12,26.43,26.89,26.38,26.62,299370.0
2020-06-15,26.36,26.36,25.4,26.22,780380.0
2020-06-16,26.25,27.4,26.25,26.79,631920.0
2020-06-17,26.75,27.06,26.75,26.91,765880.0
2020-06-18,27.02,27.18,26.85,26.99,308120.0
2020-06-19,27.15,27.32,27.13,27.14,720480.0
2020-06-22,27.1,27.3,27.03,27.23,907570.0
2020-06-23,27.5,27.69,27.34,27.67,839920.0
2020-06-24,27.67,27.67,27.1,27.1,488540.0
2020-06-25,26.98,27.25,26.84,27.03,729840.0
2020-06-26,27.14,27.37,26.87,26.95,211970.0
2020-06-29,26.97,27.06,26.83,26.98,972660.0
2020-06-30,27.12,27.37,26.95,27.03,585830.0
2020-07-01,27.18,27.39,26.93,27.2,397890.0
2020-07-02,27.73,28.07,27.73,27.92,1010000.0
2020-07-03,28.09,28.26,28.07,28.11,812830.0
2020-07-06,28.59,29.07,28.59,29.05,622960.0
2020-07-07,28.83,29.07,28.48,28.82,410270.0
2020-07-08,28.82,29.08,28.8,29.0,485840.0
2020-07-09,29.39,29.6,29.08,29.16,527990.0
2020-07-10,28.98,29.14,28.91,29.05,1840000.0
2020-07-13,29.35,29.56,29.24,29.49,748800.0
2020-07-14,28.85,28.95,28.57,28.89,635950.0
2020-07-15,28.98,29.23,28.98,29.09,328750.0
2020-07-16,28.54,28.71,28.34,28.66,325260.0
2020-07-17,28.78,28.86,28.72,28.83,461350.0
2020-07-20,28.85,29.16,28.78,29.16,352270.0
2020-07-21,29.5,29.8,29.5,29.66,394540.0
2020-07-22,29.6,29.71,29.26,29.39,341870.0
2020-07-23,29.57,29.59,29.29,29.47,579960.0
2020-07-24,28.81,29.1,28.74,29.05,757430.0
2020-07-27,29.16,29.53,29.11,29.43,841210.0
2020-07-28,29.55,29.62,29.38,29.46,1540000.0
2020-07-29,29.61,29.77,29.48,29.68,392240.0
2020-07-30,29.62,29.62,29.19,29.34,790050.0
2020-07-31,29.62,29.66,29.22,29.28,2180000.0
2020-08-03,29.46,29.6,29.35,29.49,1180000.0
2020-08-04,29.82,30.0,29.62,29.73,700990.0
2020-08-05,30.0,30.36,30.0,30.34,640370.0
2020-08-06,30.3,30.31,30.05,30.08,648770.0
2020-08-07,29.86,29.95,29.69,29.87,613420.0
2020-08-10,29.78,29.87,29.62,29.69,579160.0
2020-08-11,29.85,30.09,29.72,30.01,706760.0
2020-08-12,29.87,30.17,29.84,30.16,802720.0
2020-08-13,30.0,30.15,29.96,30.05,289590.0
2020-08-14,30.09,30.09,29.8,30.01,321020.0
2020-08-17,30.22,30.33,30.07,30.27,351530.0
2020-08-18,30.11,30.37,30.08,30.19,713840.0
2020-08-19,30.34,30.34,30.1,30.18,537440.0
2020-08-20,29.7,29.72,29.44,29.55,279150.0
2020-08-21,30.01,30.03,29.7,29.9,302940.0
2020-08-24,30.33,30.5,30.22,30.22,581830.0
2020-08-25,30.48,30.57,30.37,30.51,665200.0
2020-08-26,30.59,30.71,30.56,30.66,270770.0
2020-08-27,30.63,30.81,30.42,30.47,1420000.0
2020-08-28,30.85,30.85,30.55,30.76,352920.0
2020-09-01,30.91,30.91,30.46,30.62,1000000.0
2020-09-02,30.76,30.91,30.46,30.53,438800.0
2020-09-03,30.64,30.65,29.92,30.04,446240.0
2020-09-04,30.11,30.32,29.64,29.82,941590.0
2020-09-07,29.93,30.07,29.9,30.04,1110000.0
2020-09-08,30.09,30.12,29.54,29.76,607930.0
2020-09-09,29.6,29.99,29.57,29.97,419440.0
2020-09-10,29.98,30.12,29.72,29.96,476580.0
2020-09-11,30.02,30.1,29.9,29.94,257590.0
2020-09-14,30.35,30.41,30.19,30.35,2260000.0
2020-09-15,30.57,30.76,30.52,30.69,139510.0
2020-09-16,30.68,30.82,30.64,30.82,388720.0
2020-09-17,30.44,30.87,30.24,30.42,359480.0
2020-09-18,30.68,30.71,30.42,30.42,576270.0
2020-09-21,30.33,30.33,29.55,29.57,960620.0
2020-09-22,29.66,29.85,29.49,29.5,862170.0
2020-09-23,29.67,29.81,29.44,29.44,978160.0
2020-09-24,29.0,29.08,28.73,29.08,549450.0
2020-09-25,29.08,29.1,28.71,28.87,284340.0
2020-09-28,29.36,29.6,29.31,29.4,504700.0
2020-09-29,29.4,29.49,29.23,29.46,443210.0
2020-09-30,29.46,29.97,29.43,29.93,741740.0
2020-10-01,30.38,30.53,29.97,30.12,705110.0
2020-10-02,29.72,30.09,29.63,30.03,1370000.0
2020-10-05,30.0,30.19,29.85,30.17,365610.0
2020-10-06,30.26,30.51,30.18,30.44,390360.0
2020-10-07,30.55,30.67,30.51,30.67,663570.0
2020-10-08,30.7,30.8,30.67,30.73,196490.0
2020-10-09,30.73,31.15,30.73,31.14,486150.0
2020-10-12,31.34,31.36,31.15,31.33,521110.0
2020-10-13,31.26,31.36,31.08,31.17,532620.0
2020-10-14,31.14,31.28,31.03,31.24,350630.0
2020-10-15,30.87,30.87,30.46,30.68,1160000.0
2020-10-16,30.8,30.97,30.78,30.88,577510.0
2020-10-19,30.99,31.1,30.94,30.98,488860.0
2020-10-20,30.99,31.14,30.94,31.1,751890.0
2020-10-21,31.33,31.5,31.05,31.3,2600000.0
2020-10-22,31.49,31.49,31.06,31.23,841240.0
2020-10-23,31.16,31.34,31.12,31.18,915590.0
2020-10-26,31.2,31.22,30.8,30.95,270300.0
2020-10-27,31.04,31.18,30.99,31.13,322400.0
2020-10-28,31.0,31.0,30.34,30.5,819840.0
2020-10-29,30.72,30.72,30.34,30.52,475510.0
2020-10-30,30.09,30.41,30.07,30.19,646140.0
2020-11-02,30.39,30.7,30.34,30.5,285270.0
2020-11-03,30.87,31.13,30.58,30.83,1980000.0
2020-11-04,30.83,31.8,30.54,31.8,621600.0
2020-11-05,32.0,32.37,31.91,32.21,2680000.0
2020-11-06,32.14,32.38,31.88,32.38,707410.0
2020-11-09,32.66,33.57,32.66,33.04,440380.0
2020-11-10,32.59,32.69,32.23,32.36,1120000.0
2020-11-11,32.21,32.51,32.21,32.44,704800.0
2020-11-12,32.44,32.76,32.38,32.74,1560000.0
2020-11-13,32.6,32.79,32.54,32.65,777520.0
2020-11-16,33.0,33.45,33.0,33.24,827020.0
2020-11-17,33.1,33.24,32.96,33.11,1170000.0
2020-11-18,33.24,33.41,33.17,33.22,531010.0
2020-11-19,33.07,33.15,32.8,33.1,1410000.0
2020-11-20,33.15,33.35,33.08,33.33,932780.0
2020-11-23,33.5,33.8,33.34,33.43,1170000.0
2020-11-24,33.76,34.0,33.55,33.79,390740.0
2020-11-25,33.59,33.74,33.45,33.68,972510.0
2020-11-26,33.86,33.92,33.81,33.87,615870.0
2020-11-27,34.01,34.16,33.97,34.08,758770.0
2020-11-30,33.9,33.9,33.29,33.29,690180.0
2020-12-01,33.7,33.96,33.64,33.96,834810.0
2020-12-02,33.92,34.0,33.79,34.0,533400.0
2020-12-03,34.25,34.49,34.13,34.44,1180000.0
2020-12-04,34.63,34.74,34.51,34.61,1060000.0
2020-12-07,34.72,34.76,34.31,34.71,374630.0
2020-12-08,35.0,35.0,34.5,34.69,837800.0
2020-12-09,34.75,34.95,34.55,34.56,510100.0
2020-12-10,34.57,34.8,34.35,34.77,640820.0
2020-12-11,34.85,34.85,34.47,34.65,1100000.0
2020-12-14,34.7,34.84,34.53,34.53,847370.0
2020-12-15,34.5,34.65,34.33,34.64,604290.0
2020-12-16,34.91,35.06,34.83,34.95,629730.0
2020-12-17,35.28,35.36,35.11,35.18,792760.0
2020-12-18,35.2,35.23,35.02,35.23,861800.0
2020-12-21,34.85,34.87,34.06,34.66,1350000.0
2020-12-22,34.4,34.65,34.38,34.38,671250.0
2020-12-23,34.74,34.82,34.69,34.78,601740.0
2020-12-24,34.75,34.85,34.75,34.78,200670.0
2020-12-29,35.03,35.26,34.98,35.24,743670.0
2020-12-30,35.66,35.81,35.66,35.75,306930.0
2020-12-31,36.0,36.15,35.77,35.89,215610.0
2021-01-04,36.34,36.49,36.04,36.08,719390.0
2021-01-05,36.26,36.53,36.14,36.53,333870.0
2021-01-06,36.64,36.67,36.4,36.63,275810.0
2021-01-07,36.73,36.73,36.48,36.64,735640.0
2021-01-08,37.21,37.58,37.08,37.58,502920.0
2021-01-11,37.32,37.46,37.13,37.31,564350.0
2021-01-12,37.41,37.59,37.34,37.55,477640.0
2021-01-13,37.7,37.73,37.42,37.49,519110.0
2021-01-14,37.82,38.17,37.8,38.17,323670.0
2021-01-15,37.81,37.82,37.35,37.57,506750.0
2021-01-18,37.5,37.66,37.41,37.62,1020000.0
2021-01-19,38.19,38.3,37.96,37.97,575980.0
2021-01-20,38.68,39.49,38.45,38.52,598090.0
2021-01-21,38.86,38.89,38.56,38.7,336520.0
2021-01-22,38.31,38.37,38.07,38.3,540700.0
2021-01-25,38.98,39.02,38.3,38.48,397730.0
2021-01-26,38.12,38.41,38.04,38.27,755230.0
2021-01-27,38.06,38.08,37.35,37.62,1540000.0
2021-01-28,37.02,37.53,36.7,37.52,927810.0
2021-01-29,36.8,37.02,36.61,36.86,1680000.0
2021-02-01,37.24,37.89,37.23,37.44,499400.0
2021-02-02,38.13,38.33,38.08,38.22,1050000.0
2021-02-03,38.59,38.66,38.28,38.42,1350000.0
2021-02-04,38.31,38.76,38.13,38.25,563780.0
2021-02-05,38.43,38.68,38.41,38.68,716240.0
2021-02-08,38.63,38.89,38.54,38.77,639780.0
2021-02-09,38.86,39.1,38.79,39.08,330210.0
2021-02-10,39.47,39.61,39.16,39.35,261120.0
2021-02-11,39.6,39.91,39.56,39.91,434510.0
2021-02-12,39.78,39.89,39.53,39.89,256100.00000000003
2021-02-15,40.09,40.3,40.09,40.21,335470.0
2021-02-16,40.17,40.27,39.96,39.97,547350.0
2021-02-17,40.11,40.19,39.7,39.74,953680.0
2021-02-18,39.7,39.7,39.06,39.21,592840.0
2021-02-19,39.52,39.92,39.48,39.92,1290000.0
2021-02-22,38.8,38.9,38.62,38.79,798290.0
2021-02-23,38.82,38.84,37.91,38.54,468500.0
2021-02-24,38.22,38.54,37.94,38.34,712400.0
2021-02-25,38.81,38.82,38.33,38.35,534070.0
2021-02-26,37.3,37.49,36.89,37.27,1070000.0
2021-03-01,37.8,38.25,37.71,38.24,994480.0
2021-03-02,37.68,37.98,37.63,37.76,799680.0
2021-03-03,38.47,38.53,37.84,38.04,354700.0
2021-03-04,37.61,37.82,37.32,37.69,752220.0
2021-03-05,37.25,37.48,36.6,36.75,1070000.0
2021-03-08,36.54,36.75,36.26,36.48,697710.0
2021-03-09,36.27,37.05,36.21,36.9,2450000.0
2021-03-10,36.76,37.2,36.69,36.78,858590.0
2021-03-11,37.65,37.91,37.06,37.91,2000000.0
2021-03-12,37.51,37.51,37.11,37.29,622720.0
2021-03-15,37.17,37.47,37.13,37.32,642960.0
2021-03-16,37.5,37.78,37.43,37.64,336260.0
2021-03-17,37.36,37.47,37.04,37.25,454380.0
2021-03-18,37.59,37.68,37.24,37.38,258450.0
2021-03-19,37.1,37.35,36.97,37.35,721110.0
2021-03-22,37.14,37.45,37.04,37.45,416030.0
2021-03-23,36.94,36.96,36.72,36.85,550640.0
2021-03-24,36.33,36.51,36.15,36.25,400370.0
2021-03-25,35.95,36.07,35.68,36.01,779290.0
2021-03-26,36.58,36.58,36.17,36.29,411600.0
2021-03-29,36.49,36.65,36.34,36.5,591470.0
2021-03-30,36.78,36.78,36.48,36.77,592430.0
2021-03-31,36.74,36.93,36.5,36.87,620030.0
2021-04-01,37.12,37.49,37.1,37.37,741760.0
2021-04-06,37.37,37.68,37.22,37.64,493460.0
2021-04-07,37.36,37.39,37.02,37.15,891450.0
2021-04-08,37.54,37.56,37.34,37.48,476230.0
2021-04-09,37.16,37.19,37.0,37.02,1160000.0
2021-04-12,36.86,37.5,36.78,36.83,360470.0
2021-04-13,36.79,37.09,36.7,37.09,541330.0
2021-04-14,37.31,37.43,37.28,37.37,429620.0
2021-04-15,37.27,37.55,37.25,37.46,313980.0
2021-04-16,37.56,37.74,37.5,37.64,356600.0
2021-04-19,37.66,37.76,37.5,37.5,1080000.0
2021-04-20,37.75,37.76,37.21,37.21,775930.0
2021-04-21,37.2,37.35,37.03,37.35,800500.0
2021-04-22,37.5,37.57,37.33,37.5,1070000.0
2021-04-23,37.68,37.83,37.66,37.82,208350.0
2021-04-26,37.91,37.96,37.74,37.89,772180.0
2021-04-27,38.05,38.08,37.92,37.96,426630.0
2021-04-28,37.98,38.25,37.93,38.13,456390.0
2021-04-29,38.34,38.43,37.89,37.97,767930.0
2021-04-30,37.84,37.87,37.5,37.53,687490.0
2021-05-04,37.41,37.45,36.77,36.88,708550.0
2021-05-05,37.09,37.28,37.05,37.28,194510.0
2021-05-06,37.32,37.5,37.28,37.5,460720.0
2021-05-07,37.55,38.1,37.49,38.1,454520.0
2021-05-10,37.81,37.9,37.48,37.53,228860.0
2021-05-11,37.09,37.14,36.58,37.14,432100.0
2021-05-12,36.87,37.01,36.33,36.33,502290.0
2021-05-13,36.41,36.42,35.85,36.19,371010.0
2021-05-14,36.5,36.67,36.32,36.66,1150000.0
2021-05-17,36.54,36.67,36.34,36.61,1310000.0
2021-05-18,37.27,37.35,37.13,37.23,352470.0
2021-05-19,37.3,37.3,36.71,37.0,464230.0
2021-05-20,37.18,37.27,36.84,37.27,277080.0
2021-05-21,37.21,37.3,37.0,37.02,305990.0
2021-05-24,37.19,37.24,37.02,37.22,158120.0
2021-05-25,37.51,37.76,37.51,37.53,233290.0
2021-05-26,37.84,37.85,37.71,37.76,424540.0
2021-05-27,37.82,37.99,37.77,37.87,582960.0
2021-05-28,38.19,38.19,37.92,38.18,523990.0
2021-06-01,38.82,38.99,38.78,38.9,505130.0
2021-06-02,38.78,38.96,38.7,38.95,723740.0
2021-06-03,38.79,38.8,38.48,38.64,485280.0
2021-06-04,38.63,38.89,38.49,38.85,179780.0
2021-06-07,38.7,38.86,38.64,38.64,480360.0
2021-06-08,38.63,38.73,38.47,38.54,1430000.0
2021-06-09,38.6,38.65,38.47,38.52,314470.0
2021-06-10,38.61,38.86,38.51,38.76,286280.0
2021-06-11,38.82,38.9,38.58,38.61,284870.0
2021-06-14,38.7,38.84,38.63,38.82,355400.0
2021-06-15,38.8,38.84,38.51,38.51,327050.0
2021-06-16,38.5,38.54,38.39,38.53,773990.0
2021-06-17,38.12,38.35,38.0,38.27,422720.0
2021-06-18,38.22,38.32,37.87,37.94,263970.0
2021-06-21,37.82,37.98,37.73,37.92,259500.0
2021-06-22,38.0,38.02,37.7,37.84,286450.0
2021-06-23,38.23,38.43,38.09,38.21,1030000.0
2021-06-24,38.31,38.64,38.31,38.5,396740.0
2021-06-25,38.79,38.9,38.73,38.76,427640.0
2021-06-28,38.95,38.95,38.72,38.8,165300.0
2021-06-29,38.59,38.67,38.5,38.66,647490.0
2021-06-30,38.75,38.93,38.58,38.59,441420.0
2021-07-01,38.59,38.85,38.27,38.37,468640.0
2021-07-02,38.15,38.4,38.05,38.31,340880.0
2021-07-05,38.26,38.32,38.14,38.21,427230.0
2021-07-06,38.27,38.29,37.81,37.89,243670.0
2021-07-07,37.88,38.1,37.66,37.75,388670.0
2021-07-08,37.5,37.5,36.88,37.04,581740.0
2021-07-09,37.12,37.56,37.12,37.53,790650.0
2021-07-12,37.53,37.62,37.38,37.61,247050.0
2021-07-13,38.1,38.1,37.61,37.92,467980.0
2021-07-14,37.8,38.11,37.77,37.95,399590.0
2021-07-15,38.2,38.23,37.98,38.07,359170.0
2021-07-16,38.04,38.06,37.75,37.79,273860.0
2021-07-19,37.47,37.55,36.93,37.07,302740.0
2021-07-20,37.08,37.16,36.86,37.1,299990.0
2021-07-21,37.04,37.29,36.95,37.29,605020.0
2021-07-22,37.58,37.62,37.45,37.45,168120.0
2021-07-23,37.37,37.39,36.84,36.93,1210000.0
2021-07-26,36.4,36.55,36.08,36.46,1740000.0
2021-07-27,35.98,35.98,35.3,35.39,1020000.0
2021-07-28,35.66,36.34,35.66,36.34,812740.0
2021-07-29,36.63,36.98,36.63,36.75,921000.0
2021-07-30,36.75,36.75,36.3,36.52,618180.0
2021-08-02,36.7,36.9,36.59,36.86,521700.00000000006
2021-08-03,36.87,36.87,36.52,36.67,302010.0
2021-08-04,36.9,37.26,36.9,37.01,448180.0
2021-08-05,36.83,37.11,36.83,37.09,183720.0
2021-08-06,36.8,36.9,36.6,36.7,636920.0
2021-08-09,36.77,36.9,36.7,36.86,151760.0
2021-08-10,36.93,37.0,36.75,36.8,339760.0
2021-08-11,36.75,37.08,36.7,36.8,306160.0
2021-08-12,36.83,36.83,36.46,36.59,370850.0
2021-08-13,36.35,36.46,36.29,36.35,942440.0
2021-08-16,36.09,36.2,36.03,36.11,544270.0
2021-08-17,36.0,36.0,35.48,35.61,396330.0
2021-08-18,35.72,35.96,35.72,35.78,647860.0
2021-08-19,35.03,35.18,34.75,34.99,991270.0
2021-08-20,34.68,35.0,34.5,34.92,485540.0
2021-08-23,35.15,35.36,35.08,35.32,167430.0
2021-08-24,35.9,36.28,35.85,36.18,423840.0
2021-08-25,36.2,36.32,36.13,36.31,425660.0
2021-08-26,36.0,36.18,35.92,36.01,1170000.0
2021-08-27,36.08,36.39,36.05,36.39,255610.0
2021-08-31,36.93,37.1,36.93,37.02,1150000.0
2021-09-01,37.35,37.53,37.22,37.53,745360.0
2021-09-02,37.39,37.52,37.32,37.45,2020000.0
2021-09-03,37.33,37.57,37.27,37.47,786860.0
2021-09-06,37.63,37.78,37.61,37.78,176450.0
2021-09-07,37.69,37.78,37.55,37.71,247300.0
2021-09-08,37.41,37.55,37.04,37.12,379420.0
2021-09-09,36.86,37.14,36.77,37.08,1020000.0
2021-09-10,37.3,37.48,37.14,37.16,294750.0
2021-09-13,36.9,37.19,36.88,37.18,202030.0
2021-09-14,36.94,37.13,36.86,37.0,604400.0
2021-09-15,36.75,36.85,36.65,36.65,544730.0
2021-09-16,36.63,36.65,36.3,36.44,918660.0
2021-09-17,36.87,36.87,36.35,36.37,300020.0
2021-09-20,35.77,35.83,35.4,35.56,654240.0
2021-09-21,35.66,35.92,35.58,35.69,740360.0
2021-09-22,36.43,36.43,36.03,36.29,865290.0
2021-09-23,36.44,36.71,36.28,36.42,328210.0
2021-09-24,36.35,36.45,36.05,36.08,987700.0
2021-09-27,36.32,36.37,36.0,36.29,228730.0
2021-09-28,36.3,36.35,35.76,35.79,682580.0
2021-09-29,35.89,35.93,35.66,35.66,121670.0
2021-09-30,35.93,36.04,35.74,35.96,431670.0
2021-10-01,35.43,35.87,35.39,35.66,357650.0
2021-10-04,35.44,35.59,35.1,35.1,574170.0
2021-10-05,35.23,35.62,35.2,35.59,318180.0
2021-10-06,35.26,35.26,34.83,35.09,216290.0
2021-10-07,35.85,36.04,35.79,36.03,1580000.0
2021-10-08,36.01,36.11,35.71,36.04,425610.0
2021-10-11,36.21,36.33,36.17,36.25,322860.0
2021-10-12,35.71,36.04,35.68,35.91,240770.0
2021-10-13,35.97,36.28,35.87,36.18,296400.0
2021-10-14,36.43,36.56,36.3,36.35,407180.0
2021-10-15,36.67,36.93,36.61,36.87,530450.0
2021-10-18,36.66,36.81,36.59,36.78,499760.0
2021-10-19,37.13,37.22,36.91,37.17,347790.0
2021-10-20,37.1,37.32,37.07,37.21,366870.0
2021-10-21,36.92,36.98,36.79,36.79,581030.0
2021-10-22,36.94,37.11,36.75,36.75,197490.0
2021-10-25,36.95,37.03,36.77,37.0,276120.0
2021-10-26,37.08,37.25,36.96,36.96,448220.0
2021-10-27,36.76,36.86,36.54,36.65,235550.0
2021-10-28,36.55,36.61,36.37,36.5,420960.0
2021-10-29,36.27,36.33,36.0,36.1,464090.0
2021-11-01,36.08,36.44,36.04,36.4,338470.0
2021-11-02,36.23,36.26,36.08,36.08,357040.0
2021-11-03,36.0,36.16,35.96,36.1,300640.0
2021-11-04,36.4,36.47,36.1,36.16,280890.0
2021-11-05,36.11,36.36,36.11,36.23,1090000.0
2021-11-08,36.38,36.53,36.34,36.5,227450.0
2021-11-09,36.53,36.68,36.36,36.43,197190.0
2021-11-10,36.59,36.66,36.37,36.53,155180.0
2021-11-11,36.53,36.94,36.45,36.84,212860.0
2021-11-12,36.84,36.98,36.75,36.98,263330.0
2021-11-15,36.95,37.1,36.93,36.94,502450.0
2021-11-16,37.14,37.17,36.78,36.91,210310.0
2021-11-17,37.01,37.05,36.72,36.75,214570.0
2021-11-18,36.66,36.73,36.16,36.34,472210.0
2021-11-19,36.48,36.53,36.15,36.37,286960.0
2021-11-22,36.37,36.37,36.11,36.11,248180.0
2021-11-23,36.04,36.12,35.8,35.88,342820.0
2021-11-24,36.06,36.24,35.67,35.82,406140.0
2021-11-25,36.06,36.08,35.92,35.96,254970.0
2021-11-26,35.12,35.14,34.56,34.56,381300.0
2021-11-29,35.06,35.21,34.78,34.83,489850.0
2021-11-30,34.74,35.11,34.56,34.61,564210.0
2021-12-01,35.26,35.66,35.2,35.63,515070.00000000006
2021-12-02,35.45,35.58,35.3,35.44,631340.0
2021-12-03,35.4,35.5,34.81,34.93,580910.0
2021-12-06,35.0,35.11,34.71,35.05,913180.0
2021-12-07,35.53,35.7,35.47,35.69,447780.0
2021-12-08,35.69,35.91,35.63,35.86,708350.0
2021-12-09,35.99,36.01,35.69,35.75,478230.0
2021-12-10,35.56,35.84,35.53,35.61,223690.0
2021-12-13,35.61,35.65,35.16,35.17,358140.0
2021-12-14,35.14,35.18,34.94,34.98,254480.0
2021-12-15,35.0,35.07,34.63,34.64,267200.0
2021-12-16,35.31,35.4,35.11,35.14,627030.0
2021-12-17,34.93,35.01,34.69,34.92,155130.0
2021-12-20,34.18,34.39,34.07,34.17,372860.0
2021-12-21,34.67,34.82,34.54,34.81,583330.0
2021-12-22,34.82,35.05,34.72,34.99,240860.0
2021-12-23,35.1,35.28,35.07,35.28,245360.0
2021-12-24,35.2,35.21,35.1,35.15,39340.0
2021-12-29,35.26,35.35,33.33,35.19,321400.0
2021-12-30,35.21,35.57,35.15,35.55,327790.0
2021-12-31,35.7,35.76,35.62,35.65,230700.0
2022-01-04,35.71,35.83,35.56,35.61,380880.0
2022-01-05,35.31,35.7,35.27,35.51,756030.0
2022-01-06,35.06,35.31,34.94,35.22,206540.0
2022-01-07,35.32,35.53,35.22,35.41,393130.0
2022-01-10,35.7,35.72,35.23,35.4,340610.0
2022-01-11,35.73,36.12,35.67,36.12,277340.0
2022-01-12,36.36,36.76,36.34,36.64,444800.0
2022-01-13,36.55,36.72,36.43,36.58,925080.0
2022-01-14,36.29,36.38,36.06,36.25,388610.0
2022-01-17,36.23,36.35,36.2,36.25,262900.0
2022-01-18,35.98,36.1,35.7,35.78,216930.0
2022-01-19,35.58,36.08,35.56,35.94,2060000.0
2022-01-20,36.24,36.66,36.21,36.57,541810.0
2022-01-21,35.98,36.12,35.65,35.88,1130000.0
2022-01-24,35.44,35.54,34.49,34.53,694590.0
2022-01-25,34.73,34.92,34.55,34.69,520160.0
2022-01-26,34.84,35.25,34.83,34.96,323130.0
2022-01-27,34.01,34.56,33.97,34.52,806320.0
2022-01-28,34.37,34.37,33.75,34.15,635660.0
2022-01-31,34.69,35.15,34.49,35.07,253940.0
2022-02-01,35.41,35.57,35.27,35.55,390620.0
2022-02-02,35.71,35.93,35.41,35.41,206070.0
2022-02-03,35.3,35.39,35.09,35.3,147540.0
2022-02-04,35.47,35.5,35.0,35.22,302320.0
2022-02-07,35.28,35.36,35.07,35.28,376910.0
2022-02-08,35.07,35.51,35.06,35.51,286130.0
2022-02-09,35.75,36.11,35.75,36.06,433180.0
2022-02-10,36.08,36.34,35.77,36.22,226210.0
2022-02-11,35.8,36.02,35.7,35.86,217510.0
2022-02-14,35.2,35.33,34.8,35.15,551900.0
2022-02-15,35.09,35.72,35.08,35.72,132600.0
2022-02-16,35.95,36.06,35.73,35.89,303940.0
2022-02-17,36.07,36.12,35.76,35.91,206110.0
2022-02-18,35.69,35.77,35.27,35.34,334170.0
2022-02-21,35.5,35.54,34.98,35.09,206030.0
2022-02-22,34.53,35.06,34.5,34.87,416470.0
2022-02-23,35.02,35.11,34.61,34.69,267530.0
2022-02-24,33.93,33.93,32.66,32.99,526090.0
2022-02-25,33.71,34.17,33.57,34.1,361690.0
2022-02-28,33.6,33.93,33.41,33.89,162320.0
2022-03-01,34.16,34.4,33.61,33.63,548960.0
2022-03-02,33.4,33.71,33.31,33.71,192350.0
2022-03-03,33.53,33.71,33.17,33.23,219540.0
2022-03-04,32.92,33.0,32.29,32.29,451560.0
2022-03-07,31.82,32.08,31.5,31.67,595010.0
2022-03-08,31.14,31.64,31.06,31.21,3320000.0
2022-03-09,31.53,32.17,31.5,32.17,521740.0
2022-03-10,32.22,32.24,31.52,31.55,1170000.0
2022-03-11,31.72,32.05,31.28,31.28,354840.0
2022-03-14,30.82,31.04,30.55,30.67,629560.0
2022-03-15,29.9,30.41,29.62,30.33,643760.0
2022-03-16,31.31,32.24,31.31,32.22,383240.0
2022-03-17,32.62,32.66,32.18,32.46,295570.0
2022-03-18,32.51,33.03,32.29,33.03,272500.0
2022-03-21,32.42,32.7,32.35,32.48,650830.0
2022-03-22,32.85,33.28,32.82,33.11,366270.0
2022-03-23,33.18,33.25,32.8,33.16,2200000.0
2022-03-24,33.1,33.16,32.88,33.04,378660.0
2022-03-25,32.8,32.93,32.67,32.78,282410.0
2022-03-28,32.72,33.02,32.65,32.77,70560.0
2022-03-29,33.07,33.58,33.03,33.51,163980.0
2022-03-30,33.78,33.78,33.43,33.62,292620.0
2022-03-31,33.41,33.49,33.12,33.17,255020.0
2022-04-01,33.35,33.68,33.26,33.41,172430.0
2022-04-04,33.89,34.14,33.79,34.08,216720.0
2022-04-05,34.13,34.22,33.57,33.61,256000.0
2022-04-06,33.52,33.57,33.06,33.08,141930.0
2022-04-07,33.08,33.13,32.72,32.72,349470.0
2022-04-08,33.05,33.14,32.87,32.97,114890.0
2022-04-11,32.47,32.76,32.41,32.6,298330.0
2022-04-12,32.0,32.87,32.0,32.69,180960.0
2022-04-13,32.75,32.8,32.56,32.8,387880.0
2022-04-14,32.83,32.93,32.45,32.51,336190.0
2022-04-19,32.34,32.36,31.86,32.1,209780.0
2022-04-20,32.15,32.3,32.01,32.07,552080.0
2022-04-21,32.02,32.1,31.7,31.71,253170.0
2022-04-22,31.63,31.68,31.4,31.42,407900.0
2022-04-25,30.62,30.76,30.5,30.62,171620.0
2022-04-26,30.84,30.88,30.32,30.42,620840.0
2022-04-27,30.67,30.69,30.33,30.46,329300.0
2022-04-28,30.8,31.0,30.49,30.62,290590.0
2022-04-29,31.56,31.72,31.34,31.42,258150.0
2022-05-03,31.13,31.22,30.99,31.15,317670.0
2022-05-04,31.06,31.07,30.74,30.74,244080.0
2022-05-05,31.29,31.33,30.25,30.27,373180.0
2022-05-06,30.09,30.33,29.83,30.12,257230.00000000003
2022-05-09,29.57,29.72,29.16,29.2,813110.0
2022-05-10,29.58,29.62,29.02,29.05,233140.0
2022-05-11,29.52,29.7,29.11,29.46,223470.0
2022-05-12,28.82,29.07,28.52,28.9,209890.0
2022-05-13,29.28,29.54,29.15,29.49,354730.0
2022-05-16,29.27,29.53,29.21,29.43,181000.0
2022-05-17,29.99,30.29,29.97,30.11,619800.0
2022-05-18,30.14,30.25,29.81,29.83,212540.0
2022-05-19,29.47,29.9,29.32,29.89,277750.0
2022-05-20,30.24,30.37,29.96,30.01,253680.0
2022-05-23,30.24,30.38,30.11,30.36,193310.0
2022-05-24,29.75,29.89,29.53,29.62,257130.0
2022-05-25,30.04,30.04,29.62,29.8,343040.0
2022-05-26,29.67,30.38,29.65,30.26,415430.0
2022-05-27,30.42,30.71,30.37,30.71,135630.0
2022-05-30,31.18,31.37,31.17,31.29,309540.0
2022-05-31,31.43,31.58,31.29,31.29,348730.0
2022-06-01,31.35,31.43,30.93,30.98,536690.0
2022-06-06,31.17,31.58,31.16,31.28,223520.0
2022-06-07,31.05,31.23,30.94,31.1,302720.0
2022-06-08,31.47,31.51,31.31,31.51,659240.0
2022-06-09,31.23,31.63,30.87,30.96,189150.0
2022-06-10,31.02,31.34,30.3,30.31,194070.0
2022-06-13,29.79,29.88,29.14,29.29,178910.0
2022-06-14,29.79,29.83,29.43,29.65,504500.0
2022-06-15,29.67,29.84,29.62,29.76,584450.0
2022-06-16,29.46,29.47,28.92,29.01,472760.0
2022-06-17,29.21,29.52,28.99,29.18,383560.0
2022-06-20,29.14,29.26,29.09,29.25,154050.0
2022-06-21,29.46,29.7,29.45,29.68,634050.0
2022-06-22,28.97,29.22,28.78,29.19,156840.0
2022-06-23,29.06,29.26,28.91,29.11,336240.0
2022-06-24,29.42,29.7,29.38,29.66,530710.0
2022-06-27,29.93,30.08,29.78,29.9,365100.0
2022-06-28,30.08,30.12,29.77,29.82,335750.0
2022-06-29,29.46,29.6,29.4,29.45,203320.0
2022-06-30,29.17,29.28,28.9,29.16,548590.0
2022-07-01,28.87,29.12,28.78,29.03,338500.0
2022-07-04,28.97,29.08,28.87,29.04,215430.0
2022-07-05,29.11,29.16,28.38,28.48,688290.0
2022-07-06,28.56,28.75,28.5,28.53,350700.0
2022-07-07,28.92,29.4,28.86,29.32,251350.0
2022-07-08,29.17,29.39,29.0,29.39,99690.0
2022-07-11,28.67,28.89,28.41,28.54,412190.0
2022-07-12,28.26,28.52,28.19,28.52,180120.0
2022-07-13,28.46,28.49,27.98,28.32,373040.0
2022-07-14,28.3,28.37,27.83,27.98,400300.0
2022-07-15,27.97,28.22,27.9,28.21,273960.0
2022-07-18,28.61,28.84,28.61,28.7,152000.0
2022-07-19,28.55,28.92,28.54,28.89,177070.0
2022-07-20,28.97,28.99,28.71,28.89,307760.0
2022-07-21,28.92,29.08,28.79,29.0,682020.0
2022-07-22,28.99,29.13,28.94,29.02,227420.0
2022-07-25,28.9,29.03,28.82,28.97,311730.0
2022-07-26,29.07,29.13,28.79,28.79,121940.0
2022-07-27,28.9,29.05,28.9,29.0,970940.0
2022-07-28,29.26,29.36,29.04,29.25,389710.0
2022-07-29,29.22,29.26,28.99,29.2,453470.0
2022-08-01,29.42,29.42,29.0,29.18,245780.0
2022-08-02,28.93,29.15,28.8,29.06,260180.0
2022-08-03,28.96,29.12,28.9,29.12,189040.0
2022-08-04,29.14,29.48,29.11,29.37,178670.0
2022-08-05,29.57,29.61,29.25,29.36,198790.0
2022-08-08,29.43,29.68,29.42,29.6,146610.0
2022-08-09,29.6,29.63,29.41,29.45,167090.0
2022-08-10,29.15,29.79,29.08,29.77,138290.0
2022-08-11,29.95,30.29,29.88,30.06,279360.0
2022-08-12,30.05,30.09,29.85,30.05,255910.0
2022-08-15,30.11,30.13,29.92,30.1,239770.0
2022-08-16,29.98,30.11,29.92,30.1,818330.0
2022-08-17,30.13,30.13,29.88,29.94,1320000.0
2022-08-18,29.84,30.01,29.73,29.84,944680.0
2022-08-19,29.71,29.76,29.39,29.41,1160000.0
2022-08-22,29.39,29.41,29.15,29.21,379930.0
2022-08-23,29.1,29.43,29.05,29.37,140700.0
2022-08-24,29.16,29.51,29.07,29.5,63500.0
2022-08-25,29.72,29.97,29.62,29.8,251420.0
2022-08-26,29.82,30.25,29.63,29.69,280790.0
2022-08-30,29.47,29.7,29.0,29.15,326550.0
2022-08-31,29.5,29.51,29.24,29.25,270730.0
2022-09-01,28.94,29.01,28.66,28.76,1010000.0
2022-09-02,28.82,29.04,28.72,29.02,264880.0
2022-09-05,28.72,28.77,28.62,28.71,85930.0
2022-09-06,28.72,28.83,28.35,28.48,159110.0
2022-09-07,28.4,28.43,28.2,28.41,549960.0
2022-09-08,28.48,28.53,28.26,28.47,681770.0
2022-09-09,28.83,28.96,28.77,28.91,136740.0
2022-09-12,29.05,29.34,28.98,29.34,112170.0
2022-09-13,29.34,29.38,28.63,28.64,101960.0
2022-09-14,28.54,28.65,28.45,28.56,393000.0
2022-09-15,28.4,28.65,28.28,28.39,277420.0
2022-09-16,28.1,28.13,27.9,27.97,202070.0
2022-09-20,28.15,28.28,27.91,27.97,337110.0
2022-09-21,27.75,27.82,27.65,27.7,278990.0
2022-09-22,27.29,27.61,27.25,27.31,204160.0
2022-09-23,27.17,27.17,26.68,26.72,230410.0
2022-09-26,26.44,26.61,26.36,26.37,205830.0
2022-09-27,26.44,26.63,26.35,26.36,310170.0
2022-09-28,26.12,26.28,25.73,26.22,202600.0
2022-09-29,25.92,26.09,25.67,25.83,271610.0
2022-09-30,25.95,26.08,25.79,26.0,365520.0
2022-10-03,25.85,26.2,25.73,26.14,731490.0
2022-10-04,26.18,27.11,26.18,27.07,220880.0
2022-10-05,27.17,27.21,26.72,26.8,199400.0
2022-10-06,27.03,27.15,26.83,26.92,387110.0
2022-10-07,26.6,26.8,26.42,26.45,232520.0
2022-10-10,26.06,26.23,25.91,25.96,147560.0
2022-10-11,25.72,25.85,25.5,25.72,340150.0
2022-10-12,25.86,25.86,25.5,25.55,236990.0
2022-10-13,25.39,25.66,24.83,25.56,347520.0
2022-10-14,25.87,25.92,25.44,25.49,234820.0
2022-10-17,25.55,26.0,25.48,25.96,74140.0
2022-10-18,26.05,26.22,25.79,25.79,274490.0
2022-10-19,25.83,25.85,25.51,25.52,66920.0
2022-10-20,25.5,26.06,25.46,25.92,228780.0
2022-10-21,25.66,25.84,25.39,25.8,170810.0
2022-10-24,25.35,25.38,24.83,25.06,364880.0
2022-10-25,25.16,25.37,25.01,25.33,480500.0
2022-10-26,25.36,25.87,25.35,25.87,174010.0
2022-10-27,25.57,25.76,25.46,25.75,147560.0
2022-10-28,25.14,25.3,25.07,25.24,279860.0
2022-10-31,25.1,25.37,25.03,25.31,222780.0
2022-11-01,25.84,26.03,25.71,25.79,1180000.0
2022-11-02,26.03,26.14,25.72,25.79,558920.0
2022-11-03,25.61,25.78,25.4,25.72,526050.0
2022-11-04,26.23,26.73,26.21,26.62,346440.0
2022-11-07,26.63,26.99,26.6,26.81,379780.0
2022-11-08,26.78,27.04,26.71,27.04,221960.0
2022-11-09,26.87,27.01,26.71,26.79,231370.0
2022-11-10,26.41,27.49,26.34,27.39,348950.0
2022-11-11,27.93,28.16,27.8,27.98,503910.0
2022-11-14,27.99,28.12,27.88,28.11,370820.0
2022-11-15,28.6,28.9,28.49,28.77,243880.0
2022-11-16,28.5,28.5,28.13,28.14,317040.0
2022-11-17,28.13,28.13,27.56,28.01,289950.0
2022-11-18,28.01,28.13,27.87,28.02,149840.0
2022-11-21,27.61,27.69,27.51,27.54,338370.0
2022-11-22,27.54,27.76,27.5,27.68,533570.0
2022-11-23,27.75,27.94,27.7,27.88,207160.0
2022-11-24,28.02,28.27,28.02,28.21,100810.0
2022-11-25,28.12,28.15,27.87,27.92,512670.0
2022-11-28,27.72,28.08,27.66,27.91,153810.0
2022-11-29,28.43,28.45,28.25,28.27,327350.0
2022-11-30,28.73,28.97,28.69,28.9,208300.0
2022-12-01,29.07,29.3,28.97,29.04,268250.0
2022-12-02,28.92,29.18,28.54,29.18,1210000.0
2022-12-05,29.8,29.8,28.87,28.87,526090.0
2022-12-06,28.97,28.98,28.74,28.91,292630.0
2022-12-07,28.57,28.7,28.4,28.57,349080.0
2022-12-08,28.88,29.06,28.76,28.92,58650.0
2022-12-09,29.2,29.21,28.8,29.04,269540.0
2022-12-12,28.75,28.78,28.46,28.47,938120.0
2022-12-13,28.71,29.31,28.47,29.12,595950.0
2022-12-14,29.14,29.14,28.89,28.99,241750.0
2022-12-15,28.6,28.76,28.33,28.33,353760.0
2022-12-16,28.41,28.55,28.26,28.41,335630.0
2022-12-19,28.5,28.64,28.36,28.38,690530.0
2022-12-20,28.15,28.5,28.14,28.42,1240000.0
2022-12-21,28.43,28.59,28.28,28.53,3380000.0
2022-12-22,28.71,28.8,28.34,28.34,830190.0
2022-12-23,28.42,28.45,28.25,28.41,314650.0
2022-12-28,28.54,28.73,28.39,28.46,245530.0
2022-12-29,28.53,28.87,28.49,28.87,748230.0
2022-12-30,28.68,28.71,28.59,28.64,78440.0
2023-01-03,28.78,28.97,28.65,28.72,456250.0
2023-01-04,29.07,29.3,29.01,29.27,466190.0
2023-01-05,29.19,29.46,29.17,29.3,405800.0
2023-01-06,29.35,29.78,29.29,29.78,534230.0
2023-01-09,30.16,30.44,30.09,30.4,76240.0
2023-01-10,30.17,30.36,30.13,30.24,654140.0
2023-01-11,30.29,30.44,30.22,30.41,411110.0
2023-01-12,30.32,30.7,30.12,30.58,460020.0
2023-01-13,30.76,30.82,30.55,30.72,145310.0
2023-01-16,30.75,30.79,30.61,30.66,231860.0
2023-01-17,30.58,30.75,30.54,30.73,599460.0
2023-01-18,30.76,31.0,30.65,30.65,728040.0
2023-01-19,30.61,30.8,30.47,30.65,394910.0
2023-01-20,31.0,31.1,30.85,31.04,2810000.0
2023-01-23,31.25,31.58,31.2,31.46,2900000.0
2023-01-24,31.48,31.48,31.21,31.39,335670.0
2023-01-25,31.42,31.44,31.13,31.31,562030.0
2023-01-26,31.66,31.74,31.53,31.64,815040.0
2023-01-27,31.63,31.68,31.44,31.62,117350.0
2023-01-30,31.0,31.2,30.96,31.15,1270000.0
2023-01-31,30.84,30.97,30.64,30.93,1090000.0
2023-02-01,31.2,31.28,31.02,31.16,1440000.0
2023-02-02,31.28,31.44,31.13,31.26,937790.0
2023-02-03,31.07,31.19,30.77,30.88,1240000.0
2023-02-06,30.31,30.37,30.1,30.27,712230.0
2023-02-07,30.42,30.46,30.15,30.28,179160.0
2023-02-08,30.55,30.58,30.21,30.27,622480.0
2023-02-09,30.65,30.8,30.56,30.58,712580.0
2023-02-10,30.3,30.35,30.13,30.2,321790.0
2023-02-13,30.26,30.43,30.2,30.39,118950.0
2023-02-14,30.33,30.5,30.11,30.22,334870.0
2023-02-15,29.91,30.07,29.86,29.99,211570.0
2023-02-16,30.31,30.33,29.91,30.19,191000.0
2023-02-17,29.92,29.92,29.73,29.77,170250.0
2023-02-20,30.15,30.16,30.02,30.11,59760.0
2023-02-21,29.89,29.89,29.62,29.65,452640.0
2023-02-22,29.41,29.52,29.3,29.39,813640.0
2023-02-23,29.53,29.8,29.46,29.47,320270.0
2023-02-24,29.27,29.29,28.82,28.84,228270.0
2023-02-27,28.96,29.13,28.93,29.02,333220.0
2023-02-28,28.85,29.07,28.79,28.94,425660.0
2023-03-01,29.52,29.59,29.39,29.45,1300000.0
2023-03-02,29.34,29.53,29.27,29.49,245940.0
2023-03-03,29.59,29.75,29.59,29.74,3030000.0
2023-03-06,29.84,29.94,29.7,29.86,378880.0
2023-03-07,29.78,29.81,29.37,29.4,189850.0
2023-03-08,29.19,29.44,29.13,29.34,195300.0
2023-03-09,29.12,29.2,29.0,29.06,420530.0
2023-03-10,28.64,28.95,28.55,28.95,610750.0
2023-03-13,28.98,28.98,28.45,28.68,646210.0
2023-03-14,28.4,28.72,28.33,28.69,389550.0
2023-03-15,28.63,28.65,27.91,27.98,1050000.0
2023-03-16,28.29,28.48,28.1,28.47,198810.0
2023-03-17,28.77,28.8,28.32,28.42,146970.0
2023-03-20,28.26,28.59,28.02,28.48,304040.0
2023-03-21,28.62,28.83,28.59,28.65,317580.0
2023-03-22,28.81,29.03,28.81,28.94,68910.0
2023-03-23,29.37,29.59,29.28,29.52,91170.0
2023-03-24,29.24,29.27,28.88,29.05,284940.0
2023-03-27,29.25,29.25,28.89,28.96,148800.0
2023-03-28,29.13,29.36,29.1,29.33,328190.0
2023-03-29,29.34,29.56,29.32,29.56,306120.0
2023-03-30,29.58,29.84,29.55,29.79,241440.0
2023-03-31,29.79,29.87,29.71,29.82,220240.0
2023-04-03,29.61,29.84,29.33,29.78,428330.0
2023-04-04,29.75,29.87,29.72,29.77,290450.0
2023-04-05,29.9,29.95,29.51,29.6,726870.0
2023-04-06,29.52,29.68,29.5,29.65,337440.0
2023-04-11,29.88,30.09,29.83,30.04,674990.0
2023-04-12,29.9,30.16,29.8,29.87,598290.0
2023-04-13,29.94,30.21,29.94,30.18,426130.0
2023-04-14,30.22,30.38,29.94,29.97,529780.0
2023-04-17,30.3,30.34,30.06,30.07,898930.0
2023-04-18,30.11,30.31,30.1,30.12,961350.0
2023-04-19,29.92,29.93,29.72,29.79,387370.0
2023-04-20,29.82,29.92,29.69,29.85,296460.0
2023-04-21,29.5,29.55,29.34,29.47,297860.0
2023-04-24,29.35,29.47,29.3,29.38,365480.0
2023-04-25,29.15,29.15,28.93,28.94,367610.0
2023-04-26,29.2,29.24,29.07,29.18,327210.0
2023-04-27,29.24,29.37,29.2,29.35,228040.0
2023-04-28,29.6,29.6,29.33,29.6,202180.0
2023-05-02,29.53,29.6,29.14,29.14,439330.0
2023-05-03,29.23,29.47,29.2,29.3,340840.0
2023-05-04,29.49,29.53,29.37,29.37,526380.0
2023-05-05,29.65,29.72,29.52,29.72,369530.0
2023-05-09,29.66,29.67,29.5,29.61,334730.0
2023-05-10,29.55,29.72,29.45,29.64,341910.0
2023-05-11,29.43,29.56,29.28,29.36,87260.0
2023-05-12,29.19,29.39,29.17,29.17,1160000.0
2023-05-15,29.52,29.64,29.4,29.61,906970.0
2023-05-16,29.58,29.63,29.49,29.54,308260.0
2023-05-17,29.5,29.54,29.37,29.53,131200.0
2023-05-18,29.6,29.75,29.4,29.46,152120.0
2023-05-19,29.54,29.64,29.5,29.51,303800.0
2023-05-22,29.73,29.89,29.69,29.79,205920.0
2023-05-23,29.63,29.66,29.49,29.57,160480.0
2023-05-24,29.39,29.41,29.15,29.19,860980.0
2023-05-25,29.22,29.3,29.07,29.07,486110.0
2023-05-26,29.22,29.59,29.22,29.52,484230.0
2023-05-30,29.55,29.63,29.25,29.25,421830.0
2023-05-31,29.01,29.13,28.79,28.79,737410.0
2023-06-01,29.08,29.44,29.03,29.4,507460.0
2023-06-02,29.79,30.07,29.78,29.97,257730.00000000003
2023-06-05,29.86,29.96,29.83,29.91,1120000.0
2023-06-06,29.92,30.14,29.85,30.14,210260.0
2023-06-07,30.12,30.38,30.08,30.27,163670.0
2023-06-08,30.08,30.29,30.06,30.29,267280.0
2023-06-09,30.38,30.58,30.31,30.47,135070.0
2023-06-12,30.45,30.53,30.39,30.51,169600.0
2023-06-13,30.73,30.89,30.68,30.79,569230.0
2023-06-14,30.65,31.0,30.6,30.99,497070.0
2023-06-15,31.04,31.21,30.95,31.18,410080.0
2023-06-16,31.34,31.4,31.15,31.2,273160.0
2023-06-19,31.08,31.11,31.01,31.09,392970.0
2023-06-20,30.87,30.91,30.6,30.66,306200.0
2023-06-21,30.54,30.66,30.42,30.49,226710.0
2023-06-22,30.47,30.51,30.3,30.38,648570.0
2023-06-23,30.13,30.18,29.9,29.95,190200.0
2023-06-26,30.09,30.22,30.05,30.11,123470.0
2023-06-27,30.35,30.38,30.24,30.32,1530000.0
2023-06-28,30.26,30.26,30.09,30.14,2300000.0
2023-06-29,30.09,30.13,29.97,30.07,326540.0
2023-06-30,30.18,30.43,30.12,30.35,345880.0
2023-07-03,30.6,30.81,30.59,30.66,385360.0
2023-07-04,30.86,30.87,30.78,30.85,272360.0
2023-07-05,30.58,30.6,30.48,30.52,105530.0
2023-07-06,30.24,30.27,29.79,29.85,908110.0
2023-07-07,29.91,30.26,29.85,30.26,426480.0
2023-07-10,30.04,30.27,30.03,30.21,1040000.0
2023-07-11,30.51,30.53,30.32,30.45,1000000.0
2023-07-12,30.62,31.18,30.59,31.16,76180.0
2023-07-13,31.21,31.54,31.21,31.51,241760.0
2023-07-14,31.51,31.6,31.43,31.53,349280.0
2023-07-17,31.39,31.59,31.23,31.4,442170.0
2023-07-18,31.38,31.41,31.25,31.35,382220.0
2023-07-19,31.29,31.45,31.21,31.31,190190.0
2023-07-20,31.19,31.27,30.98,31.0,228800.0
2023-07-21,31.1,31.14,31.0,31.05,96280.0
2023-07-24,31.01,31.47,30.98,31.42,152140.0
2023-07-25,31.66,31.78,31.58,31.68,280550.0
2023-07-26,31.6,31.69,31.46,31.65,209730.0
2023-07-27,31.79,31.9,31.6,31.71,337930.0
2023-07-28,31.83,32.15,31.79,32.13,169450.0
2023-07-31,32.06,32.2,32.0,32.14,505170.0
2023-08-01,32.04,32.09,31.79,31.81,1690000.0
2023-08-02,31.36,31.44,31.0,31.07,565690.0
2023-08-03,31.1,31.27,30.96,31.25,729350.0
2023-08-04,31.19,31.42,31.07,31.41,2490000.0
2023-08-07,31.29,31.34,31.03,31.07,200430.0
2023-08-08,30.91,31.05,30.58,30.68,392630.0
2023-08-09,30.96,31.07,30.76,30.82,277930.0
2023-08-10,30.96,31.31,30.92,31.12,144360.0
2023-08-11,30.72,30.77,30.43,30.43,226850.0
2023-08-14,30.32,30.48,30.08,30.27,347120.0
2023-08-15,30.3,30.3,29.99,30.06,213800.0
2023-08-16,30.03,30.13,29.83,29.9,250920.0
2023-08-17,30.13,30.16,29.9,29.91,128240.0
2023-08-18,29.74,29.89,29.48,29.65,295000.0
2023-08-21,29.55,29.71,29.55,29.61,268950.0
2023-08-22,29.81,29.91,29.65,29.69,327960.0
2023-08-23,29.88,30.12,29.79,30.1,236240.0
2023-08-24,30.37,30.54,29.99,29.99,178410.0
2023-08-25,29.98,30.11,29.78,29.92,493140.0
2023-08-29,30.43,31.0,30.32,30.62,944030.0
2023-08-30,30.51,30.68,30.41,30.58,573480.0
2023-08-31,30.38,30.49,30.22,30.22,1020000.0
2023-09-01,30.36,30.73,30.32,30.52,436490.0
2023-09-04,30.73,30.78,30.65,30.65,97650.0
2023-09-05,30.46,30.47,30.34,30.41,170720.0
2023-09-06,30.31,30.46,30.19,30.24,256170.00000000003
2023-09-07,29.97,30.08,29.83,29.93,166130.0
2023-09-08,30.01,30.05,29.93,30.01,327880.0
2023-09-11,30.16,30.35,30.16,30.21,201880.0
2023-09-12,30.21,30.23,30.06,30.19,184920.0
2023-09-13,30.04,30.39,30.03,30.22,244260.0
2023-09-14,30.28,30.48,30.25,30.39,261150.0
2023-09-15,30.47,30.52,30.22,30.27,464710.0
2023-09-18,30.22,30.35,30.04,30.17,148880.0
2023-09-19,30.04,30.14,29.95,29.98,374010.0
2023-09-20,29.91,30.18,29.89,30.12,2640000.0
2023-09-21,29.61,29.65,29.4,29.49,355780.0
2023-09-22,29.79,29.94,29.74,29.81,146440.0
2023-09-25,29.61,29.71,29.49,29.61,124260.0
2023-09-26,29.33,29.39,29.24,29.27,4590000.0
2023-09-27,29.39,29.42,29.25,29.31,98910.0
2023-09-28,29.21,29.35,29.11,29.31,1080000.0
2023-09-29,29.68,29.69,29.42,29.42,159050.0
2023-10-02,29.48,29.53,29.16,29.21,319540.0
2023-10-03,29.04,29.09,28.85,28.85,152110.0
2023-10-04,28.59,28.87,28.54,28.73,179450.0
2023-10-05,28.79,28.82,28.64,28.68,206210.0
2023-10-06,28.91,29.2,28.7,29.2,136980.0
2023-10-09,28.93,29.0,28.78,28.92,111800.0
2023-10-10,29.08,29.49,29.07,29.47,852810.0
2023-10-11,29.57,29.74,29.53,29.62,366320.0
2023-10-12,29.9,29.92,29.43,29.48,2410000.0
2023-10-13,29.46,29.47,29.26,29.27,109020.0
2023-10-16,29.27,29.48,29.15,29.46,171710.0
2023-10-17,29.39,29.45,29.22,29.42,144850.0
2023-10-18,29.21,29.27,28.94,28.94,483790.0
2023-10-19,28.81,28.88,28.75,28.84,100280.0
2023-10-20,28.63,28.64,28.45,28.48,1270000.0
2023-10-23,28.34,28.44,28.11,28.43,206890.0
2023-10-24,28.46,28.81,28.39,28.76,114570.0
2023-10-25,28.52,28.59,28.38,28.5,179400.0
2023-10-26,28.1,28.31,28.05,28.23,97080.0
2023-10-27,28.5,28.54,28.34,28.35,144340.0
2023-10-30,28.53,28.71,28.44,28.44,190810.0
2023-10-31,30.71,30.71,28.1,28.14,428910.0
2023-11-01,28.2,28.48,28.17,28.42,225980.0
2023-11-02,28.8,29.1,28.78,29.06,315570.0
2023-11-03,29.32,29.73,29.21,29.69,116860.0
2023-11-06,30.0,30.11,29.97,30.03,439480.0
2023-11-07,29.71,29.89,29.64,29.86,173430.0
2023-11-08,29.7,29.84,29.64,29.74,190590.0
2023-11-09,29.69,29.77,29.59,29.69,66370.0
2023-11-10,29.36,29.5,29.3,29.45,1230000.0
2023-11-13,29.56,29.71,29.46,29.67,224690.0
2023-11-14,29.55,30.35,29.53,30.31,335550.0
2023-11-15,30.46,30.78,30.46,30.73,386350.0
2023-11-16,30.42,30.73,30.23,30.26,273200.0
2023-11-17,30.27,30.45,30.24,30.34,212130.0
2023-11-20,30.51,30.75,30.47,30.72,155280.0
2023-11-21,30.7,30.86,30.53,30.59,318290.0
2023-11-22,30.53,30.64,30.42,30.52,121280.0
2023-11-23,30.72,30.77,30.62,30.66,58830.0
2023-11-24,30.43,30.57,30.38,30.54,162980.0
2023-11-27,30.43,30.5,30.37,30.38,317130.0
2023-11-28,30.5,30.74,30.48,30.73,339900.0
2023-11-29,30.62,30.73,30.55,30.58,327500.0
2023-11-30,30.59,30.67,30.41,30.63,326500.0
2023-12-01,30.52,30.77,30.39,30.65,579120.0
2023-12-04,30.57,30.63,30.38,30.43,321110.0
2023-12-05,30.19,30.33,30.12,30.21,378440.0
2023-12-06,30.39,30.5,30.37,30.37,179640.0
2023-12-07,30.24,30.45,30.21,30.37,414880.0
2023-12-08,30.37,30.45,30.2,30.28,111620.0
2023-12-11,30.28,30.51,30.26,30.41,140320.0
2023-12-12,30.51,30.57,30.25,30.38,210050.0
2023-12-13,30.25,30.36,30.21,30.26,576950.0
2023-12-14,30.82,31.26,30.8,31.2,357950.0
2023-12-15,31.23,31.3,31.04,31.18,177480.0
2023-12-18,31.06,31.12,30.8,30.9,204700.0
2023-12-19,30.96,31.3,30.95,31.24,585620.0
2023-12-20,31.27,31.4,31.0,31.03,145460.0
2023-12-21,31.01,31.22,30.96,31.18,168330.0
2023-12-22,30.84,31.11,30.84,31.01,71790.0
2023-12-27,33.5,33.5,31.24,31.52,426160.0
2023-12-28,31.91,31.99,31.77,31.82,211050.0
2023-12-29,31.84,32.19,31.71,31.8,170870.0
2024-01-02,31.67,31.71,31.33,31.47,213150.0
2024-01-03,31.35,31.45,31.11,31.28,88320.0
2024-01-04,31.32,31.5,31.08,31.32,229820.0
2024-01-05,31.18,31.48,31.05,31.38,493090.0
2024-01-08,31.09,31.44,30.95,31.31,206240.0
2024-01-09,31.15,31.15,30.89,30.98,126480.0
2024-01-10,30.91,31.11,30.82,30.82,336340.0
2024-01-11,31.12,31.17,30.81,30.82,248150.0
2024-01-12,31.02,31.35,30.97,31.21,195700.0
2024-01-15,31.08,31.13,30.93,31.01,28850.0
2024-01-16,30.67,30.73,30.49,30.56,1450000.0
2024-01-17,30.0,30.03,29.84,29.87,251800.0
2024-01-18,30.12,30.27,30.09,30.21,217690.0
2024-01-19,30.36,30.43,30.18,30.27,279820.0
2024-01-22,30.27,30.38,30.2,30.28,348130.0
2024-01-23,30.42,30.59,30.22,30.41,201190.0
2024-01-24,30.67,31.07,30.66,30.98,186900.0
2024-01-25,30.85,30.99,30.79,30.84,103340.0
2024-01-26,30.67,31.0,30.62,30.97,92560.0
2024-01-29,31.01,31.18,30.8,30.81,149140.0
2024-01-30,30.8,31.15,30.57,30.63,350240.0
2024-01-31,30.55,30.83,30.52,30.75,629580.0
2024-02-01,30.65,30.95,30.6,30.73,401280.0
2024-02-02,30.98,31.06,30.58,30.58,1620000.0
2024-02-05,30.75,30.91,30.5,30.64,404760.0
2024-02-06,31.25,31.55,31.12,31.37,201820.0
2024-02-07,31.28,31.5,31.23,31.38,260390.0
2024-02-08,31.41,31.48,31.2,31.27,92890.0
2024-02-09,31.29,31.47,31.12,31.24,154230.0
2024-02-12,31.31,31.8,31.3,31.74,206620.0
2024-02-13,31.58,31.65,30.95,31.06,228680.0
2024-02-14,31.34,31.48,31.16,31.44,203160.0
2024-02-15,31.44,31.72,31.42,31.52,253370.0
2024-02-16,31.77,31.87,31.69,31.83,143410.0
2024-02-19,31.76,31.81,31.7,31.77,100770.0
2024-02-20,31.78,31.96,31.74,31.82,93300.0
2024-02-21,31.98,32.0,31.83,31.89,87680.0
2024-02-22,32.2,32.29,32.08,32.11,201170.0
2024-02-23,32.19,32.25,32.09,32.15,213170.0
2024-02-26,32.15,32.18,31.95,32.06,175420.0
2024-02-27,32.09,32.25,32.08,32.15,241330.0
2024-02-28,31.9,31.92,31.66,31.67,92650.0
2024-02-29,31.84,31.9,31.64,31.7,265960.0
2024-03-01,31.91,32.16,31.85,32.12,325030.0
2024-03-04,32.22,32.23,31.98,32.07,167830.0
2024-03-05,31.89,31.99,31.75,31.86,91610.0
2024-03-06,32.06,32.41,32.02,32.31,355860.0
2024-03-07,32.11,33.85,32.09,32.38,365300.0
2024-03-08,32.5,32.64,32.36,32.43,169620.0
2024-03-11,32.48,32.64,32.41,32.51,186880.0
2024-03-12,32.78,32.85,32.57,32.77,138950.0
2024-03-13,32.63,32.69,32.56,32.63,200420.0
2024-03-14,32.72,32.76,32.46,32.54,352810.0
2024-03-15,32.28,32.45,32.27,32.33,255880.0
2024-03-18,32.49,32.55,32.21,32.35,62970.0
2024-03-19,32.17,32.38,32.01,32.19,327960.0
2024-03-20,32.19,32.36,32.14,32.28,558520.0
2024-03-21,32.83,32.88,32.64,32.69,243660.0
2024-03-22,32.48,32.54,32.35,32.42,547620.0
2024-03-25,32.43,32.51,32.27,32.45,64940.0
2024-03-26,32.56,32.59,32.36,32.43,98160.0
2024-03-27,32.39,32.58,32.34,32.39,166370.0
2024-03-28,32.55,32.72,32.41,32.59,1740000.0
2024-04-02,32.76,32.98,32.73,32.79,789400.0
2024-04-03,32.59,32.85,32.58,32.8,216220.0
2024-04-04,32.87,33.16,32.84,33.13,146750.0
2024-04-05,32.68,32.78,32.61,32.74,286110.0
2024-04-08,32.83,33.32,32.7,33.03,183610.0
2024-04-09,33.09,33.28,33.08,33.12,204300.0
2024-04-10,33.33,33.44,32.61,32.68,467220.0
2024-04-11,32.97,33.14,32.61,32.78,175970.0
2024-04-12,32.77,32.8,32.01,32.32,615820.0
2024-04-15,32.41,32.46,31.84,32.21,272180.0
2024-04-16,31.7,31.76,31.48,31.58,155130.0
2024-04-17,31.64,31.77,31.22,31.56,281860.0
2024-04-18,32.04,32.09,31.55,31.86,398800.0
2024-04-19,31.41,31.69,31.31,31.6,133170.0
2024-04-22,31.73,31.8,31.62,31.73,290880.0
2024-04-23,31.95,32.13,31.92,32.12,78810.0
2024-04-24,32.54,32.55,32.2,32.25,511740.0
2024-04-25,32.25,32.42,31.91,32.23,213290.0
2024-04-26,32.65,32.74,32.56,32.62,431070.0
2024-04-29,32.9,32.98,32.87,32.94,120760.0
2024-04-30,32.99,33.01,32.66,32.73,85200.0
2024-05-01,32.25,32.78,31.94,32.69,80520.0
2024-05-02,33.04,33.31,32.94,33.23,338930.0
2024-05-03,33.38,33.7,33.29,33.6,255900.0
2024-05-06,33.65,33.72,33.45,33.45,8440.0
2024-05-07,33.5,33.65,33.33,33.53,212170.0
2024-05-08,33.43,33.51,33.27,33.46,121360.0
2024-05-09,33.46,33.63,33.35,33.5,518010.0
2024-05-10,33.67,33.79,33.45,33.61,397690.0
2024-05-13,33.71,33.94,33.63,33.84,289330.0
2024-05-14,33.85,34.04,33.75,33.96,171790.0
2024-05-15,34.05,34.37,34.05,34.37,211930.0
2024-05-16,34.38,34.62,34.32,34.51,179710.0
2024-05-17,34.43,34.7,34.42,34.64,93330.0
2024-05-20,34.59,34.62,34.41,34.55,186290.0
2024-05-21,34.25,34.38,34.2,34.3,100580.0
2024-05-22,34.39,34.67,34.25,34.26,236330.0
2024-05-23,34.28,34.45,34.05,34.14,154160.0
2024-05-24,33.94,34.21,33.92,34.1,60250.0
2024-05-27,34.25,34.27,34.2,34.27,142090.0
2024-05-28,34.22,34.41,34.01,34.07,482150.0
2024-05-29,33.8,33.81,33.48,33.53,444370.0
2024-05-30,33.28,33.54,33.18,33.52,181040.0
2024-05-31,33.11,33.31,32.99,33.0,169750.0
2024-06-03,33.72,34.11,33.46,33.49,315690.0
2024-06-04,32.89,33.1,32.65,32.94,374730.0
2024-06-05,33.21,33.6,33.2,33.56,226340.0
2024-06-06,33.65,33.86,33.55,33.76,82260.0
2024-06-07,33.81,33.91,33.42,33.62,567320.0
2024-06-10,33.52,33.74,33.45,33.63,333020.0
2024-06-11,33.63,33.66,33.35,33.37,1340000.0
2024-06-12,33.64,34.07,33.59,34.02,134440.0
2024-06-13,33.9,34.04,33.64,33.84,1210000.0
2024-06-14,33.98,34.02,33.51,33.81,65920.0
2024-06-17,33.91,34.0,33.82,33.95,524330.0
2024-06-18,34.14,34.39,34.07,34.33,202390.0
2024-06-19,34.56,34.72,34.5,34.55,76820.0
2024-06-20,34.58,34.65,33.97,34.36,279130.0
2024-06-21,34.35,34.38,34.2,34.22,168140.0
2024-06-24,34.1,34.45,34.07,34.34,198870.0
2024-06-25,34.21,34.28,33.71,34.03,105280.0
2024-06-26,34.26,34.3,33.95,34.0,108860.0
2024-06-27,34.03,34.21,34.0,34.07,95450.0
2024-06-28,34.27,34.39,34.05,34.31,1250000.0
2024-07-01,34.31,34.41,34.21,34.27,85060.0
2024-07-02,34.1,34.24,34.02,34.19,644420.0
2024-07-03,34.36,34.83,34.35,34.79,226870.0
2024-07-04,34.92,35.0,34.87,34.91,251980.0
2024-07-05,35.0,35.1,34.71,34.9,155120.0
2024-07-08,34.99,35.11,34.75,35.04,91100.0
2024-07-09,35.1,35.17,35.0,35.06,120710.0
2024-07-10,35.1,35.29,35.05,35.25,103520.0
2024-07-11,35.5,35.75,35.47,35.53,142990.0
2024-07-12,37.66,37.66,35.47,35.7,247590.0
2024-07-15,35.48,35.55,35.02,35.47,466000.0
2024-07-16,35.38,35.46,35.32,35.4,851860.0
2024-07-17,35.28,35.33,34.88,35.06,292950.0
2024-07-18,35.18,35.22,34.38,34.72,240410.0
2024-07-19,34.52,34.54,34.24,34.32,141010.0
2024-07-22,35.2,35.2,34.32,34.45,237000.0
2024-07-23,34.34,34.47,34.29,34.41,175060.0
2024-07-24,34.15,34.3,34.07,34.13,158780.0
2024-07-25,34.43,34.43,33.67,33.86,151280.0
2024-07-26,33.92,34.18,33.92,34.06,75480.0
2024-07-29,35.0,35.0,33.9,33.92,71800.0
2024-07-30,34.06,34.13,33.84,33.9,181420.0
2024-07-31,34.45,34.65,34.38,34.59,376230.0
2024-08-01,34.53,34.63,33.89,34.2,561580.0
2024-08-02,33.63,33.66,33.32,33.38,213420.0
2024-08-05,31.99,32.57,31.52,32.37,430730.0
2024-08-06,32.55,32.68,32.23,32.5,228180.0
2024-08-07,33.06,33.43,33.02,33.28,189550.0
2024-08-08,33.14,33.55,32.96,33.53,91410.0
2024-08-09,33.69,33.86,33.55,33.68,251250.0
2024-08-12,33.8,34.01,33.74,33.91,211350.0
2024-08-13,33.92,34.08,33.78,34.08,91510.0
2024-08-14,34.01,34.24,33.97,34.11,76230.0
2024-08-15,34.11,34.45,34.03,34.45,402010.0
2024-08-16,34.62,34.76,34.53,34.7,207700.0
2024-08-19,34.8,35.19,34.8,35.15,165990.0
2024-08-20,35.1,35.17,34.82,34.91,92070.0
2024-08-21,34.89,35.11,34.84,35.07,46870.0
2024-08-22,35.01,35.1,34.74,34.76,227800.0
2024-08-23,34.96,35.3,34.89,35.25,52140.0
2024-08-26,35.14,35.14,35.14,35.14,1000.0
2024-08-27,35.0,35.1,34.86,34.93,168400.0
2024-08-28,35.0,35.05,33.88,34.8,178640.0
2024-08-29,34.8,34.97,34.78,34.94,121310.0
2024-08-30,35.03,35.2,34.83,34.83,170550.0
2024-09-02,34.76,34.84,34.7,34.81,78190.0
2024-09-03,34.68,34.79,34.31,34.4,183860.0
2024-09-04,34.0,34.43,33.97,34.33,152930.0
2024-09-05,34.21,34.57,33.17,34.24,112320.0
2024-09-06,34.26,34.45,33.23,33.77,157740.0
2024-09-09,33.81,33.98,33.79,33.88,234460.0
2024-09-10,33.87,33.92,33.72,33.76,221690.0
2024-09-11,33.84,33.93,33.49,33.71,222050.0
2024-09-12,34.15,34.24,34.06,34.18,287800.0
2024-09-13,34.43,34.58,34.39,34.54,118600.0
2024-09-16,34.58,34.68,34.54,34.57,134520.0
2024-09-17,34.72,34.86,34.72,34.76,89110.0
2024-09-18,34.73,34.78,34.58,34.59,197200.0
2024-09-19,35.06,35.2,34.96,35.18,224350.0
2024-09-20,35.25,35.36,35.06,35.14,138290.0
2024-09-23,35.28,35.53,35.17,35.5,170690.0
2024-09-24,35.85,36.39,35.85,36.32,522500.0
2024-09-25,36.02,36.4,35.98,36.26,307990.0
2024-09-26,36.75,37.5,36.73,37.3,1830000.0
2024-09-27,37.18,37.51,37.1,37.3,1010000.0
2024-09-30,37.4,37.43,36.82,36.89,716070.0
2024-10-01,36.87,37.0,35.78,36.77,206660.0
2024-10-02,37.6,37.75,37.24,37.33,174440.0
2024-10-03,37.27,37.36,36.78,37.1,111360.0
2024-10-04,37.42,37.47,36.91,37.18,106730.0
2024-10-07,38.0,38.0,37.29,37.5,104970.0
2024-10-08,36.72,36.89,36.31,36.7,143450.0
2024-10-09,36.42,36.87,36.3,36.67,221270.0
2024-10-10,36.65,37.56,36.41,36.65,192500.0
2024-10-11,36.48,36.89,36.4,36.87,256820.0
2024-10-14,36.79,36.99,36.61,36.81,227320.0
2024-10-15,36.38,36.52,36.16,36.24,356250.0
2024-10-16,36.29,36.48,36.22,36.44,660950.0
2024-10-17,36.31,36.44,36.12,36.3,543310.0
2024-10-18,36.59,36.78,36.54,36.6,634260.0
2024-10-21,36.28,36.35,36.1,36.1,201690.0
2024-10-22,36.13,36.2,35.92,36.1,427670.0
2024-10-23,36.17,36.23,35.91,35.95,180780.0
2024-10-24,35.85,35.95,35.72,35.72,165510.0
2024-10-25,35.78,36.02,35.63,35.91,621490.0
2024-10-28,35.93,36.07,35.8,36.0,323600.0
2024-10-29,35.82,36.11,35.77,35.91,117980.0
2024-10-30,35.72,35.78,35.5,35.58,406040.0
2024-10-31,35.43,35.56,34.51,35.29,183010.0
2024-11-01,35.58,35.77,35.5,35.67,511520.0
2024-11-04,35.63,35.93,35.6,35.82,422120.0
2024-11-05,36.03,36.29,35.98,36.16,1110000.0
2024-11-06,35.8,35.96,35.38,35.62,247600.0
2024-11-07,36.1,36.49,36.06,36.41,137120.0
2024-11-08,36.19,36.22,35.55,35.57,92600.0
2024-11-11,35.65,35.7,35.32,35.34,144670.0
2024-11-12,34.9,34.93,34.58,34.71,195080.0
2024-11-13,34.69,34.82,34.4,34.49,65840.0
2024-11-14,34.31,34.44,34.23,34.4,438230.0
2024-11-15,34.33,34.54,34.17,34.26,819190.0
2024-11-18,34.5,34.64,33.23,34.55,228990.0
2024-11-19,34.79,34.82,34.41,34.65,136540.0
2024-11-20,34.67,34.74,34.38,34.4,165280.0
2024-11-21,34.41,34.49,34.27,34.46,105590.0
2024-11-22,34.47,34.54,34.32,34.46,236540.0
2024-11-25,34.61,34.75,34.52,34.6,187930.0
2024-11-26,34.39,34.68,33.56,34.47,107470.0
2024-11-27,34.71,34.72,34.3,34.46,337870.0
2024-11-28,34.34,34.39,34.24,34.31,118060.0
2024-11-29,34.28,34.61,34.25,34.6,237990.0
2024-12-02,34.54,34.72,34.5,34.58,234080.0
2024-12-03,34.83,34.97,34.48,34.78,304130.0
2024-12-04,34.94,34.98,34.81,34.91,417190.0
2024-12-05,34.99,35.17,34.96,35.14,293510.0
2024-12-06,35.18,35.32,34.97,35.12,451610.0
2024-12-09,35.41,35.94,35.38,35.81,1370000.0
2024-12-10,35.24,35.36,35.09,35.19,337240.0
2024-12-11,35.14,35.37,35.12,35.28,166730.0
2024-12-12,35.52,35.58,35.04,35.23,437430.0
2024-12-13,35.13,35.29,35.08,35.11,315230.0
2024-12-16,35.07,35.4,35.0,35.01,244520.0
2024-12-17,34.85,34.91,34.47,34.87,283520.0
2024-12-18,34.98,35.0,34.79,34.79,663310.0
2024-12-19,34.39,34.53,34.15,34.38,358290.0
2024-12-20,34.15,37.51,33.95,34.35,291410.0
2024-12-23,35.75,35.75,34.29,34.39,246600.0
2024-12-24,34.57,34.59,34.4,34.57,44610.0
2024-12-27,34.4,34.69,34.17,34.35,328290.0
2024-12-30,35.0,35.0,33.91,34.01,160720.0
2024-12-31,34.08,34.19,33.97,34.14,59010.0
2025-01-02,34.0,34.28,33.93,34.11,233360.0
2025-01-03,34.19,34.27,34.1,34.25,234400.0
2025-01-06,35.28,35.28,34.22,34.5,200420.0
2025-01-07,34.41,34.52,34.25,34.3,184020.0
2025-01-08,34.04,34.12,33.82,33.96,5320000.0
2025-01-09,33.82,34.0,33.8,33.91,77810.0
2025-01-10,33.69,33.76,33.23,33.28,217450.0
2025-01-13,33.05,33.1,32.84,32.95,479090.0
2025-01-14,33.42,33.54,33.33,33.37,389600.0
2025-01-15,33.41,33.85,33.37,33.71,392980.0
2025-01-16,34.11,34.15,33.82,33.86,315000.0
2025-01-17,33.87,34.23,33.85,34.16,124020.0
2025-01-20,34.28,34.68,34.05,34.52,245150.0
2025-01-21,34.31,34.41,34.09,34.25,166810.0
2025-01-22,34.14,34.41,34.09,34.25,309150.0
2025-01-23,34.25,34.35,33.99,34.35,693860.0
2025-01-24,36.41,36.41,34.4,34.55,741030.0
2025-01-27,33.88,34.05,33.71,33.86,161320.0
2025-01-28,33.83,33.94,33.74,33.8,381510.0
2025-01-29,34.35,34.41,34.2,34.28,172210.0
2025-01-30,34.3,34.72,34.26,34.72,88810.0
2025-01-31,34.78,34.9,34.57,34.74,97600.0
2025-02-03,33.7,34.3,33.59,34.3,215660.0
2025-02-04,34.43,34.81,34.35,34.78,306450.0
2025-02-05,34.61,34.69,34.48,34.68,262560.0
2025-02-06,34.65,34.78,34.61,34.7,159780.0
2025-02-07,35.0,35.11,34.73,34.79,189810.0
2025-02-10,34.89,35.1,34.85,35.04,122540.0
2025-02-11,34.71,35.03,34.68,35.0,79830.0
2025-02-12,35.11,35.13,34.77,35.0,263320.0
2025-02-13,35.09,35.28,34.89,35.27,151780.0
2025-02-14,35.39,35.54,35.34,35.44,614450.0
2025-02-17,35.58,35.7,35.55,35.68,183720.0
2025-02-18,35.75,35.83,35.68,35.83,425160.0
2025-02-19,35.95,35.97,35.65,35.73,104930.0
2025-02-20,35.72,36.2,35.68,35.98,181500.0
2025-02-21,36.21,36.3,36.08,36.21,1160000.0
2025-02-24,35.9,35.93,35.4,35.48,424570.0
2025-02-25,35.32,35.5,35.28,35.33,97430.0
2025-02-26,35.84,35.96,35.73,35.92,153720.0
2025-02-27,35.46,36.0,35.12,35.36,1870000.0
2025-02-28,34.4,34.58,34.28,34.51,487210.0
2025-03-03,34.58,34.84,34.52,34.72,383490.0
2025-03-04,34.48,34.54,34.16,34.24,270090.0
2025-03-05,35.13,35.31,35.05,35.18,337790.0
2025-03-06,35.55,35.68,35.44,35.55,477250.0
2025-03-07,35.56,35.65,35.29,35.29,186150.0
2025-03-10,35.23,35.25,34.73,34.84,126460.0
2025-03-11,34.97,35.12,34.69,34.86,451100.0
2025-03-12,34.96,35.26,34.86,35.1,171040.0
2025-03-13,34.78,35.0,34.69,34.95,218850.0
2025-03-14,35.21,35.56,35.21,35.49,177750.0
2025-03-17,35.52,36.08,35.51,36.05,141630.0
2025-03-18,36.09,36.22,35.87,36.07,372990.0
2025-03-19,35.98,36.22,35.97,36.05,173920.0
2025-03-20,36.0,36.05,35.64,35.77,192960.0
2025-03-21,35.71,35.77,35.57,35.72,630080.0
2025-03-24,35.95,36.01,35.81,35.89,154880.0
2025-03-25,35.77,35.91,35.61,35.83,254480.0
2025-03-26,35.8,35.81,35.62,35.67,178530.0
2025-03-27,35.62,35.86,35.59,35.83,344170.0
2025-03-28,35.41,35.46,35.11,35.12,217580.0
2025-03-31,34.76,34.85,34.57,34.83,204740.0
2025-04-01,35.13,35.23,34.88,35.19,240350.0
2025-04-02,35.11,35.22,35.04,35.19,245470.0
2025-04-03,34.67,34.83,34.49,34.64,212030.0
2025-04-04,34.5,34.64,32.25,32.82,335120.0
2025-04-07,30.74,32.16,30.56,31.3,1030000.0
2025-04-08,31.75,32.31,31.5,31.84,628920.0
2025-04-09,31.12,31.67,30.78,30.96,529960.0
2025-04-10,33.16,33.28,32.54,32.54,200970.0
2025-04-11,33.08,33.34,32.94,33.04,281100.0
2025-04-14,33.74,34.08,33.7,33.89,311410.0
2025-04-15,33.9,34.07,33.88,33.98,765240.0
2025-04-16,33.58,33.8,33.43,33.78,487250.0
2025-04-17,33.99,34.03,33.78,33.95,333910.0
2025-04-22,34.17,34.35,34.06,34.33,155190.0
2025-04-23,34.89,35.41,34.64,34.84,228670.0
2025-04-24,34.55,35.0,34.54,34.93,73480.0
2025-04-25,34.88,34.91,34.66,34.83,183350.0
2025-04-28,34.98,35.1,34.9,34.94,338520.0
2025-04-29,35.1,35.2,35.04,35.15,369070.0
2025-04-30,35.29,35.41,34.95,35.07,243180.0
2025-05-01,35.36,35.5,35.28,35.32,71180.0
2025-05-02,36.04,36.4,36.02,36.2,91760.0
2025-05-05,36.55,36.68,36.55,36.68,1960.0
2025-05-06,36.27,36.49,36.04,36.49,470000.0
2025-05-07,36.19,36.22,36.02,36.03,105210.0
2025-05-08,36.14,36.19,35.89,36.06,216670.0
2025-05-09,36.11,36.4,36.09,36.2,231740.0
2025-05-12,36.82,37.25,36.82,36.93,443900.0
2025-05-13,36.74,37.07,36.55,37.07,578210.0
2025-05-14,37.17,37.42,37.16,37.4,524950.0
2025-05-15,37.18,37.33,37.11,37.21,1300000.0
2025-05-16,37.27,37.33,37.1,37.14,1080000.0
2025-05-19,37.04,37.26,36.92,37.26,566320.0
2025-05-20,37.19,37.27,37.08,37.2,1840000.0
2025-05-21,37.33,37.58,37.27,37.58,1270000.0
2025-05-22,37.11,37.25,36.9,37.08,1330000.0
2025-05-23,37.15,37.33,36.79,37.15,236330.0
2025-05-26,37.28,37.3,37.28,37.3,41520.0
2025-05-27,37.19,37.22,37.03,37.1,458720.0
2025-05-28,37.03,37.19,36.99,36.99,360460.0
2025-05-29,37.33,37.48,37.12,37.16,342700.0
2025-05-30,36.99,37.03,36.7,36.77,207050.0
2025-06-02,36.69,36.94,36.65,36.88,157080.0
2025-06-03,36.99,37.12,36.92,37.08,97470.0
2025-06-04,37.3,37.57,37.3,37.52,148630.0
2025-06-05,37.65,37.93,37.65,37.87,227880.0
2025-06-06,37.76,37.86,37.71,37.79,344470.0
2025-06-09,38.12,38.22,38.08,38.2,193350.0
2025-06-10,38.26,38.43,38.21,38.3,150080.0
2025-06-11,38.63,38.82,38.55,38.73,412760.0
2025-06-12,38.68,38.75,38.5,38.7,169280.0
2025-06-13,38.02,38.2,37.95,38.2,2170000.0
2025-06-16,38.34,38.76,38.34,38.65,771820.0
2025-06-17,38.6,38.72,38.22,38.26,263430.0
2025-06-18,38.24,38.25,38.01,38.12,80870.0
2025-06-19,37.7,37.71,37.47,37.49,295480.0
2025-06-20,37.96,38.19,37.82,37.86,141240.0
2025-06-23,37.73,37.95,37.61,37.91,67930.0
2025-06-24,38.87,39.03,38.67,39.0,199360.0
2025-06-25,39.13,39.19,39.03,39.07,124780.0
2025-06-26,39.24,39.42,39.23,39.38,178310.0
2025-06-27,39.5,39.5,39.25,39.37,137550.0
2025-06-30,39.34,39.41,39.19,39.29,1340000.0
2025-07-01,39.54,39.61,39.43,39.48,551860.0
2025-07-02,39.53,39.56,39.37,39.54,432600.0
2025-07-03,39.77,39.91,39.61,39.88,217080.0
2025-07-04,39.55,39.71,39.44,39.51,357800.0
2025-07-07,39.33,39.56,39.29,39.48,188830.0
2025-07-08,39.56,39.64,39.44,39.49,93370.0
2025-07-09,39.53,39.61,39.39,39.44,168790.0
2025-07-10,39.63,39.66,39.41,39.54,144310.0
2025-07-11,39.63,39.65,39.47,39.5,130060.0
2025-07-14,39.47,39.59,39.44,39.56,118290.0
2025-07-15,39.84,40.01,39.76,39.76,125050.0
2025-07-16,39.87,39.88,39.65,39.82,293630.0
2025-07-17,40.09,40.2,39.88,40.19,176490.0
2025-07-18,40.21,40.49,40.19,40.31,159260.0
2025-07-21,40.27,40.55,40.23,40.51,87790.0
2025-07-22,40.2,40.33,40.11,40.32,143390.0
2025-07-23,40.57,40.7,40.53,40.64,133650.0
2025-07-24,40.79,40.83,40.6,40.6,211890.0
2025-07-25,40.39,40.39,40.26,40.35,61740.0
2025-07-28,40.5,40.52,40.12,40.22,154170.0
2025-07-29,40.12,40.31,40.09,40.17,247830.0
2025-07-30,40.23,40.28,39.97,39.97,236270.0
2025-07-31,39.99,40.07,39.74,39.81,396350.0
2025-08-01,39.46,39.54,39.14,39.34,412580.0
2025-08-04,39.69,39.87,39.64,39.69,274450.0
2025-08-05,39.93,40.05,39.81,39.92,199480.0
2025-08-06,39.94,40.01,39.87,39.96,134600.0
2025-08-07,40.39,40.56,40.34,40.37,311030.0
2025-08-08,40.3,40.36,40.22,40.32,93300.0
2025-08-11,40.37,40.4,40.27,40.33,103640.0
2025-08-12,40.39,40.67,40.29,40.67,127860.0
2025-08-13,40.97,41.24,40.93,41.19,368860.0
2025-08-14,40.91,40.98,40.63,40.63,92680.0
2025-08-15,40.81,40.9,40.76,40.77,347420.0
2025-08-18,41.0,41.02,40.9,40.96,234800.0
2025-08-19,40.96,40.99,40.77,40.83,785600.0
2025-08-20,40.62,40.68,40.43,40.57,133480.0
2025-08-21,40.59,40.67,40.5,40.63,96040.0
2025-08-22,40.64,41.34,40.6,41.33,159040.0
2025-08-25,41.37,41.4,41.37,41.4,2510.0
2025-08-26,41.05,41.26,40.95,41.07,266590.0
2025-08-27,40.86,40.87,40.57,40.7,175460.0
2025-08-28,40.77,40.93,40.67,40.89,474660.0
2025-08-29,40.79,40.82,40.5,40.72,238940.0
2025-09-01,40.78,40.88,40.77,40.77,262380.0
2025-09-02,40.86,41.0,40.29,40.56,280720.0
2025-09-03,40.74,40.93,40.65,40.85,564060.0
2025-09-04,40.64,40.68,40.53,40.63,437110.0
2025-09-05,41.05,41.39,41.02,41.19,384900.0
2025-09-08,41.44,41.55,41.38,41.52,290370.0
2025-09-09,41.74,41.89,41.72,41.81,497110.0
2025-09-10,42.16,42.25,42.01,42.19,679760.0
2025-09-11,42.28,42.62,42.13,42.58,134590.0
2025-09-12,42.63,42.68,42.52,42.57,365070.0
2025-09-15,42.65,42.91,42.64,42.87,250390.0
2025-09-16,43.11,43.16,42.99,43.05,404900.0
2025-09-17,43.29,43.6,43.24,43.41,1030000.0
2025-09-18,43.21,43.47,43.05,43.24,274820.0
2025-09-19,43.12,43.28,43.1,43.12,233720.0
2025-09-22,43.11,43.28,43.1,43.24,176300.0
2025-09-23,43.23,43.55,43.16,43.51,223520.0
2025-09-24,43.44,43.5,43.23,43.26,235390.0
2025-09-25,43.22,43.45,42.77,42.96,344230.0
2025-09-26,42.61,42.69,42.37,42.69,321050.0
2025-09-29,43.1,43.27,43.01,43.15,233410.0
2025-09-30,43.15,43.33,43.12,43.19,333550.0
2025-10-01,43.25,43.64,43.24,43.58,267410.0
2025-10-02,43.94,44.04,43.67,43.7,101120.0
2025-10-03,43.93,44.08,43.9,44.03,108120.0
2025-10-06,43.94,44.2,43.87,44.12,278340.0
2025-10-07,44.2,44.35,43.97,43.97,272590.0
2025-10-08,43.75,44.1,43.71,44.1,211940.0
2025-10-09,44.12,44.24,43.82,43.83,249080.0
2025-10-10,43.76,43.84,42.74,42.74,417380.0
2025-10-13,43.25,43.53,43.19,43.52,365600.0
2025-10-14,42.78,43.05,42.52,43.05,232300.0
2025-10-15,43.73,43.94,43.57,43.81,607710.0
2025-10-16,44.15,44.34,44.05,44.26,381140.0
2025-10-17,43.59,43.96,43.25,43.78,483350.0
2025-10-20,44.23,44.63,44.14,44.62,109320.0
2025-10-21,44.49,44.49,44.12,44.23,162730.0
2025-10-22,44.32,44.44,44.12,44.12,136720.0
2025-10-23,44.28,44.43,44.09,44.43,93550.0
2025-10-24,44.67,44.82,44.52,44.74,126920.0
2025-10-27,45.08,45.22,45.0,45.16,758880.0
2025-10-28,44.79,45.12,44.73,45.12,705230.0
2025-10-29,45.42,45.65,45.33,45.57,192380.0
2025-10-30,45.21,45.27,44.88,45.04,144140.0
2025-10-31,44.97,45.03,44.71,44.75,302170.0
2025-11-03,45.1,45.23,44.94,45.12,220120.0
2025-11-04,44.64,44.88,44.36,44.66,379040.0
2025-11-05,44.18,44.67,44.15,44.64,252220.0
2025-11-06,44.65,44.83,44.3,44.31,313400.0
2025-11-07,44.29,44.31,43.74,43.84,479740.0
2025-11-10,44.88,44.94,44.57,44.57,595900.0
2025-11-11,44.76,45.02,44.66,44.97,616230.0
2025-11-12,45.17,45.19,44.9,45.01,671520.0
2025-11-13,45.25,45.37,44.79,44.85,502120.0
2025-11-14,44.33,44.91,44.05,44.91,316050.0
2025-11-17,45.0,45.0,44.25,44.4,481640.0
2025-11-18,43.66,43.88,43.58,43.76,172090.0
2025-11-19,43.67,43.95,43.6,43.63,450690.0
2025-11-20,44.11,44.23,43.69,43.69,201600.0
2025-11-21,42.78,42.95,42.46,42.92,380880.0
2025-11-24,43.04,43.44,42.89,43.42,213060.0
2025-11-25,43.44,43.66,43.19,43.44,282630.0
2025-11-26,43.76,44.05,43.75,44.05,466780.0
2025-11-27,43.98,43.99,43.9,43.95,196850.0
2025-11-28,43.99,44.19,43.84,44.19,134470.0
2025-12-01,43.83,44.16,43.83,44.12,310670.0
2025-12-02,44.04,44.14,43.9,43.92,1280000.0
2025-12-03,43.96,44.13,43.87,44.0,107120.0
2025-12-04,44.1,44.2,44.0,44.07,707780.0
2025-12-05,44.52,44.69,44.43,44.43,232360.0
2025-12-08,44.34,44.46,44.11,44.18,125320.0
2025-12-09,44.58000183105469,44.75,44.0099983215332,44.20000076293945,126855.0
2025-12-10,44.290000915527344,44.38999938964844,44.209999084472656,44.34000015258789,218789.0
2025-12-11,44.08000183105469,44.43000030517578,44.029998779296875,44.38999938964844,156470.0
2025-12-12,44.56999969482422,44.619998931884766,43.900001525878906,43.95000076293945,547605.0
2025-12-15,44.02000045776367,44.27000045776367,43.97999954223633,44.130001068115234,194095.0
2025-12-16,43.540000915527344,43.7400016784668,43.459999084472656,43.529998779296875,312861.0
2025-12-17,43.79999923706055,50.0,43.400001525878906,43.40999984741211,271408.0
2025-12-18,43.5099983215332,43.970001220703125,43.5,43.970001220703125,309796.0
2025-12-19,43.91999816894531,44.29999923706055,43.810001373291016,44.2599983215332,176560.0
2025-12-22,44.369998931884766,44.5099983215332,44.310001373291016,44.45000076293945,183293.0
2025-12-23,44.45000076293945,47.45000076293945,44.380001068115234,44.529998779296875,136238.0
2025-12-24,44.689998626708984,44.869998931884766,44.61000061035156,44.83000183105469,192996.0
2025-12-29,44.959999084472656,45.18170166015625,44.7599983215332,44.84000015258789,285008.0
2025-12-30,44.939998626708984,46.0,44.880001068115234,45.18000030517578,235811.0
2025-12-31,45.08000183105469,49.65999984741211,44.95000076293945,45.119998931884766,44534.0
2026-01-02,45.95000076293945,46.06999969482422,45.5,45.97999954223633,75183.0
2026-01-05,46.380001068115234,46.560001373291016,46.22999954223633,46.560001373291016,302071.0
2026-01-06,46.81999969482422,49.349998474121094,46.689998626708984,46.959999084472656,363436.0
2026-01-07,46.83000183105469,46.90999984741211,46.61109924316406,46.79999923706055,231513.0
2026-01-08,46.5099983215332,46.650001525878906,46.459999084472656,46.459999084472656,346938.0
2026-01-09,46.470001220703125,46.779998779296875,46.45000076293945,46.75,305295.0
2026-01-12,46.869998931884766,47.31999969482422,46.79999923706055,47.2599983215332,266739.0
2026-01-13,47.060001373291016,59.777099609375,46.9900016784668,47.2400016784668,446670.0
2026-01-14,47.310001373291016,50.06999969482422,47.029998779296875,47.22999954223633,253771.0
2026-01-15,47.380001068115234,47.790000915527344,47.29999923706055,47.7400016784668,386995.0
2026-01-16,47.599998474121094,47.63999938964844,47.150001525878906,47.29999923706055,257401.0
2026-01-19,47.380001068115234,47.58000183105469,47.369998931884766,47.56999969482422,158226.0
2026-01-20,47.31999969482422,47.36000061035156,46.88999938964844,47.29999923706055,382871.0
2026-01-21,47.349998474121094,47.810001373291016,47.22999954223633,47.720001220703125,487470.0
2026-01-22,47.83000183105469,48.2599983215332,47.68000030517578,48.22999954223633,155750.0
2026-01-23,48.060001373291016,48.163330078125,47.849998474121094,48.119998931884766,238561.0
2026-01-26,48.400001525878906,48.63999938964844,48.20000076293945,48.599998474121094,519661.0
2026-01-27,48.880001068115234,51.5099983215332,48.709999084472656,49.27000045776367,480608.0
2026-01-28,49.90999984741211,49.970001220703125,49.40999984741211,49.47999954223633,484031.0
2026-01-29,49.970001220703125,49.9900016784668,48.79999923706055,49.119998931884766,380440.0
2026-01-30,49.0,49.290000915527344,48.72999954223633,48.72999954223633,267588.0
2026-02-02,47.61000061035156,51.650001525878906,47.52000045776367,48.47999954223633,861060.0
2026-02-03,49.18000030517578,52.0,48.68949890136719,49.02000045776367,405373.0
2026-02-04,49.349998474121094,49.470001220703125,48.47999954223633,48.63999938964844,406683.0
2026-02-05,48.5099983215332,48.630001068115234,47.869998931884766,48.310001373291016,1145888.0
2026-02-06,48.029998779296875,49.20370101928711,47.9900016784668,48.959999084472656,272402.0
2026-02-09,49.86000061035156,49.900001525878906,48.93000030517578,49.70000076293945,559403.0
2026-02-10,49.66999816894531,49.869998931884766,49.599998474121094,49.79999923706055,548340.0
2026-02-11,50.029998779296875,52.779998779296875,49.869998931884766,50.150001525878906,984167.0
2026-02-12,50.5,50.77000045776367,49.83000183105469,49.939998626708984,803003.0
2026-02-13,49.93000030517578,50.02000045776367,49.310001373291016,49.90999984741211,506448.0
2026-02-16,50.619998931884766,50.619998931884766,49.97999954223633,50.040000915527344,164798.0
2026-02-17,49.97999954223633,50.599998474121094,49.380001068115234,49.84000015258789,234658.0
2026-02-18,50.040000915527344,50.4900016784668,49.95000076293945,50.459999084472656,229592.0
2026-02-19,50.33000183105469,60.54999923706055,49.70000076293945,50.09000015258789,203445.0
2026-02-20,50.150001525878906,50.97999954223633,50.0,50.84000015258789,1069789.0
2026-02-23,50.95000076293945,52.0,50.470001220703125,50.689998626708984,327299.0
2026-02-24,50.900001525878906,53.72999954223633,50.79999923706055,51.45000076293945,245508.0
2026-02-25,51.61000061035156,51.95000076293945,51.56999969482422,51.81999969482422,268182.0
2026-02-26,52.0,54.91999816894531,50.91999816894531,51.380001068115234,494678.0
2026-02-27,51.529998779296875,51.54999923706055,50.88999938964844,51.2599983215332,702466.0
2026-03-02,50.2400016784668,50.47999954223633,49.810001373291016,50.13999938964844,801413.0
2026-03-03,49.0,49.02000045776367,46.529998779296875,47.38999938964844,692508.0
2026-03-04,47.119998931884766,48.36820983886719,46.900001525878906,48.290000915527344,575512.0
2026-03-05,48.36000061035156,48.54999923706055,46.0,47.130001068115234,499934.0
2026-03-06,48.209999084472656,48.27000045776367,46.47999954223633,47.130001068115234,306199.0
2026-03-09,46.16999816894531,47.24700164794922,46.0,47.11000061035156,367596.0
2026-03-10,48.209999084472656,48.70000076293945,47.69499969482422,48.619998931884766,477275.0
2026-03-11,48.27000045776367,48.31999969482422,47.72999954223633,47.95000076293945,1112631.0
2026-03-12,47.900001525878906,48.0,46.470001220703125,46.81999969482422,546127.0
2026-03-13,46.54999923706055,47.38999938964844,46.290000915527344,46.599998474121094,467108.0
2026-03-16,46.81999969482422,47.75,46.7599983215332,47.38999938964844,412434.0
2026-03-17,47.65999984741211,48.25,47.5,47.9900016784668,265780.0
2026-03-18,48.619998931884766,48.70000076293945,47.52000045776367,47.58000183105469,982987.0
2026-03-19,46.900001525878906,47.0099983215332,46.09000015258789,46.7599983215332,555155.0
2026-03-20,47.18000030517578,47.220001220703125,45.869998931884766,45.91999816894531,399900.0
2026-03-23,44.790000915527344,47.310001373291016,44.45000076293945,46.5,652800.0
2026-03-24,46.5099983215332,46.619998931884766,45.79999923706055,46.31999969482422,316277.0
2026-03-25,47.02000045776367,47.345001220703125,46.66999816894531,47.099998474121094,257126.0
2026-03-26,46.36000061035156,46.52000045776367,45.79999923706055,45.79999923706055,342536.0
2026-03-27,45.869998931884766,45.90999984741211,45.150001525878906,45.31999969482422,200077.0
2026-03-30,45.25,45.630001068115234,44.86000061035156,45.2599983215332,454705.0
2026-03-31,44.7400016784668,45.47999954223633,44.5,45.27000045776367,446648.0
2026-04-01,47.02000045776367,47.2400016784668,46.5,47.13999938964844,543676.0
2026-04-02,45.709999084472656,46.650001525878906,45.400001525878906,46.279998779296875,275798.0
2026-04-07,47.43000030517578,47.81999969482422,46.04999923706055,46.279998779296875,267519.0
2026-04-08,49.189998626708984,49.900001525878906,49.00699996948242,49.33000183105469,515037.0
2026-04-09,49.0,49.422698974609375,48.63999938964844,49.16999816894531,269262.0
2026-04-10,49.400001525878906,49.869998931884766,49.33000183105469,49.70000076293945,318355.0
2026-04-13,49.18000030517578,49.54999923706055,49.0,49.45000076293945,202094.0
2026-04-14,50.22999954223633,50.81999969482422,50.22999954223633,50.790000915527344,313420.0
2026-04-15,50.77000045776367,51.0,50.560001373291016,50.849998474121094,413381.0
2026-04-16,51.40999984741211,51.5099983215332,50.810001373291016,51.18000030517578,1265158.0
2026-04-17,50.939998626708984,52.619998931884766,50.93000030517578,52.40999984741211,458846.0
2026-04-20,51.5,51.810001373291016,51.22999954223633,51.65999984741211,292766.0
2026-04-21,51.97999954223633,52.029998779296875,51.15250015258789,51.400001525878906,502714.0
2026-04-22,51.72999954223633,52.11000061035156,51.4900016784668,51.939998626708984,944800.0
2026-04-23,51.38999938964844,51.630001068115234,51.060001373291016,51.59000015258789,642702.0
2026-04-24,51.5,52.11000061035156,51.349998474121094,51.959999084472656,182848.0
2026-04-27,52.16999816894531,52.369998931884766,52.0099983215332,52.09000015258789,228179.0
2026-04-28,51.84000015258789,51.90999984741211,51.189998626708984,51.29999923706055,238884.0
2026-04-29,51.93000030517578,52.0,51.400001525878906,51.54999923706055,137807.0
2026-04-30,51.2400016784668,52.018699645996094,51.20000076293945,51.91999816894531,344823.0
2026-05-01,52.34000015258789,53.0,52.099998474121094,52.720001220703125,167757.0
2026-05-05,52.72999954223633,53.73099899291992,52.720001220703125,53.63999938964844,424614.0
2026-05-06,54.209999084472656,55.349998474121094,54.150001525878906,55.02000045776367,669392.0
2026-05-07,55.34000015258789,55.599998474121094,54.93000030517578,55.060001373291016,413083.0
2026-05-08,54.88999938964844,55.45000076293945,54.66999816894531,55.38999938964844,297837.0
2026-05-11,55.2599983215332,55.65999984741211,55.04999923706055,55.599998474121094,275696.0
2026-05-12,54.349998474121094,54.380001068115234,53.279998779296875,53.41999816894531,385907.0
2026-05-13,54.540000915527344,54.84000015258789,54.099998474121094,54.790000915527344,454674.0
2026-05-14,54.880001068115234,55.130001068115234,54.63999938964844,55.099998474121094,220040.0
2026-05-15,53.599998474121094,53.86000061035156,52.874881744384766,53.349998474121094,517685.0
2026-05-18,53.150001525878906,53.790000915527344,52.880001068115234,53.029998779296875,869366.0
2026-05-19,52.709999084472656,52.81999969482422,51.810001373291016,52.209999084472656,1048011.0
2026-05-20,52.31999969482422,53.459999084472656,52.2599983215332,53.33000183105469,600261.0
2026-05-21,53.41999816894531,53.709999084472656,53.11000061035156,53.220001220703125,150252.0
2026-05-22,53.970001220703125,54.099998474121094,53.630001068115234,54.040000915527344,188186.0
2026-05-26,55.20000076293945,55.810001373291016,55.04999923706055,55.529998779296875,360204.0
2026-05-27,55.619998931884766,56.41999816894531,55.5,55.68000030517578,308303.0
2026-05-28,55.0,55.939998626708984,54.79999923706055,55.83000183105469,607847.0
2026-05-29,56.15999984741211,56.33000183105469,55.81999969482422,56.09000015258789,753810.0
2026-06-01,56.90999984741211,57.099998474121094,56.33000183105469,56.91999816894531,677743.0
2026-06-02,57.029998779296875,57.63990020751953,56.9900016784668,57.58000183105469,651937.0
2026-06-03,57.220001220703125,57.459999084472656,56.599998474121094,56.79999923706055,632092.0
2026-06-04,56.18000030517578,56.2599983215332,55.41999816894531,56.060001373291016,1055042.0
2026-06-05,54.939998626708984,55.189998626708984,53.38359832763672,53.70000076293945,604278.0
2026-06-08,52.72999954223633,54.0,52.61000061035156,53.59000015258789,359754.0
2026-06-09,54.52000045776367,54.869998931884766,52.8838005065918,53.2400016784668,534947.0
2026-06-10,53.47999954223633,53.93000030517578,52.428001403808594,53.13999938964844,878783.0
2026-06-11,53.11000061035156,53.76210021972656,52.83000183105469,53.529998779296875,532867.0
2026-06-12,54.5,55.765098571777344,54.27000045776367,55.41999816894531,343771.0
2026-06-15,56.41999816894531,57.09000015258789,56.380001068115234,56.9900016784668,533978.0
2026-06-16,56.689998626708984,57.0,56.310001373291016,56.400001525878906,502500.0
2026-06-17,57.0,57.547698974609375,56.56999969482422,57.060001373291016,261656.0
2026-06-18,57.20000076293945,57.77000045776367,56.93000030517578,57.63999938964844,305942.0
2026-06-19,57.220001220703125,57.40999984741211,57.005409240722656,57.099998474121094,307311.0
2026-06-22,57.66999816894531,58.36000061035156,57.560001373291016,58.0,871861.0
2026-06-23,55.70000076293945,55.91999816894531,54.83000183105469,55.20000076293945,526259.0
2026-06-24,55.36000061035156,55.38999938964844,54.24959945678711,55.09000015258789,470481.0
2026-06-25,56.040000915527344,56.310001373291016,54.959999084472656,55.47999954223633,710822.0
2026-06-26,54.79999923706055,55.0,53.9900016784668,54.959999084472656,371985.0
