Date,Open,High,Low,Close,Volume
2006-11-08,9.48,9.55,9.48,9.54,47700.0
2006-11-09,9.51,9.64,9.51,9.6,38380.0
2006-11-10,9.55,9.67,9.55,9.65,40090.0
2006-11-13,9.55,9.71,9.55,9.71,81310.0
2006-11-14,9.62,9.69,9.62,9.69,72130.0
2006-11-15,9.55,9.67,9.55,9.66,68100.0
2006-11-16,9.64,9.77,9.64,9.75,425040.0
2006-11-17,9.59,9.69,9.55,9.58,138510.0
2006-11-20,9.39,9.55,9.38,9.5,83420.0
2006-11-21,9.57,9.66,9.57,9.64,151310.0
2006-11-22,9.66,9.68,9.64,9.64,98860.0
2006-11-23,9.66,9.66,9.58,9.62,56680.0
2006-11-24,9.6,9.6,9.51,9.54,44330.0
2006-11-27,9.53,9.57,9.48,9.54,104370.0
2006-11-28,9.39,9.41,9.35,9.41,30070.0
2006-11-29,9.38,9.4,9.34,9.4,66180.0
2006-11-30,9.36,9.43,9.35,9.37,23770.0
2006-12-01,9.46,9.51,9.45,9.47,52100.0
2006-12-04,9.47,9.51,9.42,9.42,62810.0
2006-12-05,9.55,9.58,9.52,9.56,26580.0
2006-12-06,9.49,9.54,9.49,9.51,36560.0
2006-12-07,9.49,9.56,9.49,9.53,47260.0
2006-12-08,9.48,9.48,9.37,9.4,19810.0
2006-12-11,9.17,9.27,9.1,9.14,129810.0
2006-12-12,8.99,9.0,8.75,8.95,252340.0
2006-12-13,8.92,9.12,8.9,9.11,77210.0
2006-12-14,9.23,9.38,9.23,9.35,74270.0
2006-12-15,9.45,9.51,9.4,9.47,59390.0
2006-12-18,9.45,9.61,9.41,9.59,72140.0
2006-12-19,9.26,9.51,9.15,9.34,146740.0
2006-12-20,9.3,9.4,9.22,9.4,113770.0
2006-12-21,9.36,9.42,9.34,9.42,59770.0
2006-12-22,9.44,9.47,9.38,9.47,21230.0
2006-12-27,9.7,9.89,9.7,9.89,84300.0
2006-12-28,9.85,9.88,9.76,9.88,61750.0
2006-12-29,9.76,9.85,9.75,9.81,41440.0
2007-01-02,9.84,9.88,9.82,9.87,424490.0
2007-01-03,9.81,9.96,9.8,9.95,317930.0
2007-01-04,9.84,9.94,9.84,9.93,65750.0
2007-01-05,9.95,10.0,9.89,9.96,95200.0
2007-01-08,9.79,9.83,9.75,9.81,104070.0
2007-01-09,9.68,9.78,9.63,9.78,76300.0
2007-01-10,9.6,9.66,9.52,9.65,46320.0
2007-01-11,9.65,9.87,9.65,9.86,74250.0
2007-01-12,10.0,10.17,9.99,10.14,113970.0
2007-01-15,10.2,10.29,10.17,10.28,212820.0
2007-01-16,10.25,10.27,10.15,10.26,306890.0
2007-01-17,10.21,10.26,10.21,10.23,101720.0
2007-01-18,10.31,10.32,10.18,10.27,188950.0
2007-01-19,10.17,10.24,10.16,10.22,84570.0
2007-01-22,10.2,10.27,10.19,10.25,170270.0
2007-01-23,10.16,10.17,10.01,10.07,85680.0
2007-01-24,10.08,10.26,10.08,10.26,284940.0
2007-01-25,10.22,10.25,10.11,10.22,258160.00000000003
2007-01-26,10.27,10.46,10.25,10.4,245120.0
2007-01-29,10.34,10.39,10.2,10.24,180070.0
2007-01-30,10.29,10.29,10.2,10.26,129580.0
2007-01-31,10.21,10.21,10.07,10.09,135080.0
2007-02-01,10.16,10.25,10.1,10.19,94780.0
2007-02-02,10.36,10.36,10.25,10.36,123800.0
2007-02-05,10.38,10.46,10.38,10.43,270740.0
2007-02-06,10.43,10.47,10.38,10.44,125340.0
2007-02-07,10.51,10.55,10.44,10.52,142440.0
2007-02-08,10.5,10.52,10.42,10.48,204050.0
2007-02-09,10.45,10.46,10.38,10.45,168790.0
2007-02-12,10.11,10.23,10.11,10.22,227920.0
2007-02-13,10.22,10.23,9.94,10.07,222410.0
2007-02-14,9.84,9.97,9.8,9.94,392040.0
2007-02-15,10.15,10.16,10.05,10.13,301640.0
2007-02-16,10.17,10.17,10.12,10.13,129950.0
2007-02-19,10.18,10.22,10.14,10.14,281050.0
2007-02-20,10.13,10.13,10.01,10.06,122860.0
2007-02-21,10.05,10.07,9.96,9.97,115580.0
2007-02-22,10.03,10.05,9.82,9.9,139820.0
2007-02-23,9.69,9.69,9.57,9.63,197820.0
2007-02-26,9.48,9.64,9.4,9.61,253490.0
2007-02-27,9.5,9.5,9.3,9.3,262080.0
2007-02-28,9.11,9.2,8.88,9.1,685980.0
2007-03-01,9.05,9.23,8.9,9.1,87560.0
2007-03-02,9.1,9.15,8.99,9.02,35900.0
2007-03-05,8.63,8.71,8.48,8.69,181050.0
2007-03-06,8.82,9.02,8.81,8.92,140190.0
2007-03-07,8.82,8.93,8.65,8.82,89780.0
2007-03-08,8.98,9.32,8.98,9.2,81100.0
2007-03-09,9.18,9.22,9.0,9.11,42840.0
2007-03-12,9.21,9.22,9.0,9.15,66890.0
2007-03-13,9.1,9.18,9.02,9.05,35520.0
2007-03-14,8.8,8.89,8.71,8.82,77430.0
2007-03-15,8.96,8.97,8.81,8.87,162710.0
2007-03-16,8.69,8.8,8.65,8.72,20800.0
2007-03-19,8.96,8.96,8.84,8.96,41720.0
2007-03-20,9.02,9.02,8.9,8.92,64069.99999999999
2007-03-21,9.05,9.13,9.05,9.12,27430.0
2007-03-22,9.32,9.43,9.32,9.43,236370.0
2007-03-23,9.41,9.47,9.36,9.46,46880.0
2007-03-26,9.36,9.42,9.25,9.3,36750.0
2007-03-27,9.25,9.37,9.25,9.36,33150.0
2007-03-28,9.18,9.26,9.15,9.17,67230.0
2007-03-29,9.1,9.29,9.1,9.22,137920.0
2007-03-30,9.17,9.35,9.15,9.35,19820.0
2007-04-02,9.03,9.03,8.85,8.9,246010.0
2007-04-03,8.99,9.09,8.95,9.09,164020.0
2007-04-04,9.13,9.13,9.07,9.12,173920.0
2007-04-05,9.17,9.23,9.1,9.19,155900.0
2007-04-10,9.37,9.45,9.3,9.44,153860.0
2007-04-11,9.41,9.46,9.32,9.34,107080.0
2007-04-12,9.3,9.35,9.25,9.31,55790.0
2007-04-13,9.44,9.51,9.38,9.49,259180.0
2007-04-16,9.62,9.92,9.59,9.89,319890.0
2007-04-17,9.85,9.89,9.78,9.85,154530.0
2007-04-18,9.89,9.89,9.67,9.77,78650.0
2007-04-19,9.6,9.69,9.46,9.64,116320.0
2007-04-20,9.83,9.93,9.78,9.85,237990.0
2007-04-23,9.97,9.98,9.85,9.89,185300.0
2007-04-24,10.17,10.19,10.03,10.05,293490.0
2007-04-25,10.08,10.28,10.08,10.25,106700.0
2007-04-26,10.35,10.36,10.18,10.19,131310.0
2007-04-27,10.16,10.17,9.97,10.04,125970.0
2007-04-30,9.81,10.13,9.8,10.02,227530.0
2007-05-02,10.05,10.15,10.02,10.04,108050.0
2007-05-03,10.08,10.2,10.07,10.18,193800.0
2007-05-04,10.17,10.2,10.1,10.12,195980.0
2007-05-07,10.2,10.2,10.07,10.13,32270.000000000004
2007-05-08,10.18,10.18,9.99,10.03,66740.0
2007-05-09,9.95,10.08,9.92,10.03,287210.0
2007-05-10,10.05,10.1,9.93,9.94,340480.0
2007-05-11,9.97,10.1,9.9,10.1,207250.0
2007-05-14,10.19,10.21,10.13,10.19,109850.0
2007-05-15,10.16,10.2,10.09,10.17,79530.0
2007-05-16,10.2,10.33,10.11,10.33,79230.0
2007-05-17,10.4,10.4,10.32,10.34,52380.0
2007-05-18,10.4,10.54,10.37,10.5,255600.0
2007-05-21,10.57,10.71,10.55,10.65,376730.0
2007-05-22,10.62,10.75,10.62,10.69,64519.99999999999
2007-05-23,10.71,10.79,10.59,10.65,144700.0
2007-05-24,10.55,10.59,10.47,10.48,157460.0
2007-05-25,10.51,10.65,10.49,10.61,132890.0
2007-05-28,10.64,10.77,10.64,10.67,44170.0
2007-05-29,10.75,10.85,10.7,10.85,110330.0
2007-05-30,10.82,10.82,10.53,10.7,217690.0
2007-05-31,10.79,10.86,10.71,10.84,83140.0
2007-06-01,10.88,10.95,10.8,10.92,130270.0
2007-06-04,10.85,10.88,10.66,10.74,96810.0
2007-06-05,10.78,10.78,10.67,10.75,95880.0
2007-06-06,10.75,10.75,10.43,10.47,306770.0
2007-06-07,10.47,10.55,10.4,10.45,87890.0
2007-06-08,10.34,10.47,10.3,10.4,139460.0
2007-06-11,10.52,10.61,10.43,10.58,95550.0
2007-06-12,10.48,10.57,10.43,10.53,41910.0
2007-06-13,10.44,10.55,10.38,10.55,44030.0
2007-06-14,10.64,10.71,10.52,10.71,46430.0
2007-06-15,10.7,10.74,10.53,10.74,21650.0
2007-06-18,10.59,10.68,10.51,10.64,110250.0
2007-06-19,10.53,10.79,10.53,10.79,112760.0
2007-06-20,10.79,10.8,10.72,10.74,72460.0
2007-06-21,10.85,10.85,10.72,10.8,77700.0
2007-06-22,10.8,10.86,10.7,10.72,46910.0
2007-06-25,10.75,10.75,10.67,10.71,43500.0
2007-06-26,10.8,10.8,10.68,10.69,45360.0
2007-06-27,10.62,10.72,10.57,10.59,62200.0
2007-06-28,10.68,10.8,10.66,10.79,40710.0
2007-06-29,10.82,10.89,10.78,10.87,16160.0
2007-07-02,10.93,10.93,10.79,10.83,20210.0
2007-07-03,10.92,10.99,10.87,10.98,107700.0
2007-07-04,10.97,11.0,10.96,10.97,53330.0
2007-07-05,10.92,11.06,10.87,10.94,33610.0
2007-07-06,11.0,11.1,11.0,11.09,49050.0
2007-07-09,11.1,11.2,11.06,11.19,141150.0
2007-07-10,11.15,11.19,10.97,11.05,127380.0
2007-07-11,11.0,11.02,10.89,11.01,29000.0
2007-07-12,11.03,11.23,10.96,11.23,109170.0
2007-07-13,11.27,11.34,11.23,11.27,50890.0
2007-07-16,11.31,11.35,11.24,11.33,60660.0
2007-07-17,11.38,11.38,11.25,11.34,139160.0
2007-07-18,11.3,11.33,11.12,11.2,95770.0
2007-07-19,11.38,11.52,11.33,11.5,59340.0
2007-07-20,11.53,11.55,11.34,11.34,182580.0
2007-07-23,11.44,11.6,11.4,11.57,67580.0
2007-07-24,11.57,11.61,11.44,11.5,114270.0
2007-07-25,11.48,11.58,11.35,11.4,195890.0
2007-07-26,11.59,11.64,11.46,11.46,43490.0
2007-07-27,11.08,11.23,11.0,11.17,165540.0
2007-07-30,11.15,11.3,11.05,11.22,254160.0
2007-07-31,11.25,11.56,11.2,11.45,231210.0
2007-08-01,11.01,11.2,10.89,11.15,302990.0
2007-08-02,11.14,11.22,11.02,11.09,176850.0
2007-08-03,11.26,11.28,10.96,10.96,174650.0
2007-08-06,10.64,10.85,10.53,10.6,136810.0
2007-08-07,10.86,10.97,10.8,10.91,67470.0
2007-08-08,11.07,11.2,11.07,11.19,90610.0
2007-08-09,11.3,11.3,10.93,11.0,60650.0
2007-08-10,10.6,10.85,10.55,10.55,184080.0
2007-08-13,10.79,10.98,10.78,10.97,165820.0
2007-08-14,10.97,11.0,10.78,10.78,49740.0
2007-08-15,10.94,10.94,10.67,10.8,193260.0
2007-08-16,10.59,10.59,10.05,10.07,174260.0
2007-08-17,9.82,10.42,9.82,10.42,114660.0
2007-08-20,10.61,10.69,10.51,10.6,39030.0
2007-08-21,10.51,10.51,10.19,10.19,88610.0
2007-08-22,10.43,10.54,10.31,10.51,127030.0
2007-08-23,10.57,10.57,10.26,10.3,64360.0
2007-08-24,10.32,10.48,10.32,10.47,55870.0
2007-08-27,10.61,10.74,10.61,10.65,65680.0
2007-08-28,10.75,10.78,10.59,10.59,57700.0
2007-08-29,10.67,10.87,10.65,10.87,138690.0
2007-08-30,10.92,10.92,10.78,10.88,110750.0
2007-08-31,11.01,11.2,10.96,11.17,81600.0
2007-09-03,11.15,11.21,11.1,11.21,42090.0
2007-09-04,11.24,11.44,11.18,11.44,87320.0
2007-09-05,11.31,11.36,11.05,11.12,97540.0
2007-09-06,11.26,11.43,11.2,11.37,141440.0
2007-09-07,11.42,11.42,11.0,11.1,109350.0
2007-09-10,11.2,11.29,11.12,11.17,78520.0
2007-09-11,11.24,11.28,11.17,11.2,33280.0
2007-09-12,11.24,11.25,11.18,11.2,39240.0
2007-09-13,11.28,11.43,11.22,11.42,68280.0
2007-09-14,11.45,11.45,11.25,11.37,57040.0
2007-09-17,11.32,11.33,11.15,11.18,77430.0
2007-09-18,11.25,11.5,11.24,11.5,70620.0
2007-09-19,11.8,11.93,11.66,11.89,200860.0
2007-09-20,11.91,11.92,11.8,11.8,225960.0
2007-09-21,11.85,12.12,11.84,12.03,159270.0
2007-09-24,12.16,12.4,12.11,12.34,97840.0
2007-09-25,12.3,12.36,12.06,12.36,230150.0
2007-09-26,12.35,12.58,12.27,12.5,591530.0
2007-09-27,12.53,12.75,12.53,12.6,417610.0
2007-09-28,12.69,12.69,12.5,12.57,176650.0
2007-10-01,12.52,12.69,12.5,12.68,306930.0
2007-10-02,12.72,12.96,12.72,12.83,247070.0
2007-10-03,13.1,13.13,12.68,13.09,307510.0
2007-10-04,13.06,13.19,12.88,13.18,229610.0
2007-10-05,13.1,13.27,12.95,13.21,231240.0
2007-10-08,13.02,13.12,12.82,13.1,196420.0
2007-10-09,13.21,13.71,13.11,13.57,283560.0
2007-10-10,13.76,13.84,13.7,13.78,373790.0
2007-10-11,13.7,14.15,13.7,14.0,395820.0
2007-10-12,13.81,13.88,13.57,13.8,214680.0
2007-10-15,13.99,14.0,13.84,13.84,243990.0
2007-10-16,13.96,14.01,13.74,13.76,275360.0
2007-10-17,13.22,13.74,13.16,13.74,761030.0
2007-10-18,13.97,14.0,12.82,13.16,373040.0
2007-10-19,12.55,12.98,12.44,12.8,176910.0
2007-10-22,12.54,12.79,12.42,12.68,310680.0
2007-10-23,13.25,13.59,13.24,13.57,244350.0
2007-10-24,13.5,13.55,13.32,13.39,178210.0
2007-10-25,13.5,13.7,13.5,13.54,133950.0
2007-10-26,13.83,14.03,13.75,14.02,181930.0
2007-10-29,14.37,14.56,14.28,14.56,365330.0
2007-10-30,14.56,14.73,14.26,14.73,409850.0
2007-10-31,14.45,14.9,14.39,14.79,279440.0
2007-11-01,14.53,14.66,14.3,14.38,164460.0
2007-11-02,14.1,14.59,14.1,14.51,170850.0
2007-11-05,14.23,14.38,14.09,14.28,82740.0
2007-11-06,14.22,14.34,13.96,14.11,232210.0
2007-11-07,14.06,14.06,13.72,13.8,140980.0
2007-11-08,13.59,13.62,13.39,13.45,258590.0
2007-11-09,13.62,13.7,13.01,13.03,264840.0
2007-11-12,13.07,13.4,13.02,13.34,148610.0
2007-11-13,13.46,13.86,13.35,13.8,315020.0
2007-11-14,14.17,14.43,14.1,14.27,227180.0
2007-11-15,14.22,14.23,14.06,14.19,197020.0
2007-11-16,14.1,14.19,14.03,14.12,115410.0
2007-11-19,14.33,14.33,13.77,13.86,205300.0
2007-11-20,13.96,14.04,13.63,13.89,205110.0
2007-11-21,13.47,13.47,12.83,12.9,221520.0
2007-11-22,12.79,13.21,12.75,13.04,216860.0
2007-11-23,13.04,13.35,13.04,13.26,43540.0
2007-11-26,13.52,13.61,13.26,13.32,121000.0
2007-11-27,13.34,13.51,13.31,13.51,47610.0
2007-11-28,13.52,13.74,13.36,13.74,89820.0
2007-11-29,13.73,13.73,13.43,13.63,127170.0
2007-11-30,13.74,14.05,13.73,13.99,127990.0
2007-12-03,14.17,14.27,14.09,14.1,77050.0
2007-12-04,14.16,14.26,13.93,13.98,120860.0
2007-12-05,14.23,14.43,14.16,14.43,143920.0
2007-12-06,14.49,14.53,14.31,14.41,89830.0
2007-12-07,14.38,14.58,14.33,14.52,108460.0
2007-12-10,14.39,14.56,14.35,14.54,98030.0
2007-12-11,14.6,14.78,14.6,14.72,147240.0
2007-12-12,14.67,14.98,14.54,14.93,120110.0
2007-12-13,14.64,14.7,14.4,14.44,374580.0
2007-12-14,14.68,14.82,14.6,14.82,102730.0
2007-12-17,14.51,14.51,14.02,14.07,342800.0
2007-12-18,14.09,14.19,13.95,13.96,295170.0
2007-12-19,14.0,14.14,13.83,14.08,62460.0
2007-12-20,14.01,14.29,14.01,14.07,43010.0
2007-12-21,14.11,14.39,14.11,14.39,66570.0
2007-12-24,14.89,14.89,14.49,14.84,36380.0
2007-12-27,15.0,15.08,14.65,14.65,161140.0
2007-12-28,14.51,14.8,14.51,14.75,163490.0
2007-12-31,14.9,14.9,14.62,14.78,14090.0
2008-01-02,14.9,15.05,14.77,14.77,129690.0
2008-01-03,14.97,14.97,14.81,14.94,88840.0
2008-01-04,15.14,15.26,14.74,14.8,184130.0
2008-01-07,15.25,15.3,15.06,15.2,156750.0
2008-01-08,15.29,15.4,15.15,15.36,221060.0
2008-01-09,15.5,15.5,15.3,15.46,200860.0
2008-01-10,15.55,15.55,15.0,15.17,186810.0
2008-01-11,14.95,15.32,14.93,15.14,231910.0
2008-01-14,15.15,15.4,15.1,15.39,175190.0
2008-01-15,15.17,15.18,14.54,14.57,370820.0
2008-01-16,14.33,14.45,14.01,14.4,438760.0
2008-01-17,14.54,14.82,14.26,14.33,285780.0
2008-01-18,14.32,14.44,13.79,13.81,192380.0
2008-01-21,13.19,13.19,12.12,12.26,544080.0
2008-01-22,10.93,12.4,10.82,12.34,650610.0
2008-01-23,13.0,13.1,12.26,12.36,475630.0
2008-01-24,12.35,12.56,12.25,12.47,250710.0
2008-01-25,12.98,13.5,12.93,13.2,640240.0
2008-01-28,12.75,13.09,12.56,13.03,142860.0
2008-01-29,12.98,13.13,12.94,13.1,325920.0
2008-01-30,12.71,12.78,12.5,12.73,160870.0
2008-01-31,12.72,12.75,12.37,12.5,314170.0
2008-02-01,12.52,13.04,12.52,12.94,99060.0
2008-02-04,13.38,13.38,13.14,13.2,291310.0
2008-02-05,13.27,13.47,12.98,13.02,169970.0
2008-02-06,12.66,13.08,12.55,13.08,223500.0
2008-02-07,12.84,12.84,12.37,12.5,208200.0
2008-02-08,12.53,12.7,12.37,12.55,68550.0
2008-02-11,11.74,12.22,11.35,11.99,153940.0
2008-02-12,12.13,12.31,11.94,12.29,153170.0
2008-02-13,12.06,12.27,11.9,12.22,378350.0
2008-02-14,12.5,12.8,12.5,12.64,178590.0
2008-02-15,12.73,12.9,12.56,12.66,149450.0
2008-02-18,12.84,12.95,12.63,12.95,75670.0
2008-02-19,12.71,12.93,12.66,12.88,206730.0
2008-02-20,12.38,12.45,12.25,12.36,137390.0
2008-02-21,12.42,12.58,12.27,12.38,38000.0
2008-02-22,12.22,12.27,12.08,12.08,152800.0
2008-02-25,12.14,12.42,12.14,12.32,55540.0
2008-02-26,12.43,12.55,12.36,12.51,35060.0
2008-02-27,12.58,12.58,12.33,12.45,43210.0
2008-02-28,12.3,12.38,12.16,12.16,79610.0
2008-02-29,12.0,12.24,11.78,11.8,378160.0
2008-03-03,11.56,11.56,11.22,11.41,123040.0
2008-03-04,10.97,11.21,10.8,10.92,149000.0
2008-03-05,11.07,11.34,11.07,11.29,77660.0
2008-03-06,11.19,11.25,11.0,11.05,36970.0
2008-03-07,10.44,10.65,10.37,10.45,321440.0
2008-03-10,10.35,10.54,10.26,10.31,102080.0
2008-03-11,10.57,10.83,10.49,10.79,127670.0
2008-03-12,10.92,10.93,10.52,10.61,113280.0
2008-03-13,10.1,10.19,9.9,10.16,200170.0
2008-03-14,10.19,10.4,10.02,10.11,122080.0
2008-03-17,9.56,9.59,9.24,9.36,427260.0
2008-03-18,9.5,9.67,9.4,9.63,212230.0
2008-03-19,9.75,9.82,9.5,9.61,84170.0
2008-03-20,9.63,9.7,9.49,9.6,168630.0
2008-03-25,10.55,10.6,10.3,10.52,176440.0
2008-03-26,10.45,10.5,10.22,10.32,42200.0
2008-03-27,10.05,10.43,10.05,10.35,78170.0
2008-03-28,10.42,10.71,10.29,10.61,83880.0
2008-03-31,10.24,10.25,10.1,10.12,83620.0
2008-04-01,10.06,10.73,10.05,10.65,213510.0
2008-04-02,10.54,10.65,10.39,10.55,210680.0
2008-04-03,10.47,10.56,10.3,10.37,68970.0
2008-04-04,10.13,10.17,10.03,10.11,148790.0
2008-04-07,10.53,10.54,10.31,10.38,154900.0
2008-04-08,10.2,10.25,10.11,10.24,154430.0
2008-04-09,10.1,10.48,10.09,10.22,69970.0
2008-04-10,10.21,10.37,10.05,10.25,53490.0
2008-04-11,10.36,10.36,10.05,10.08,91050.0
2008-04-14,10.22,10.22,9.93,10.04,148250.0
2008-04-15,10.25,10.53,10.25,10.45,96990.0
2008-04-16,10.6,10.66,10.43,10.66,43320.0
2008-04-17,10.67,10.72,10.55,10.65,71430.0
2008-04-18,10.72,10.97,10.63,10.92,134440.0
2008-04-21,10.84,10.92,10.75,10.87,79710.0
2008-04-22,10.77,10.94,10.73,10.82,41430.0
2008-04-23,10.75,10.9,10.66,10.81,325010.0
2008-04-24,10.82,11.0,10.8,11.0,47620.0
2008-04-25,11.07,11.33,10.99,11.13,223610.0
2008-04-28,11.23,11.31,11.2,11.26,234040.0
2008-04-29,11.33,11.56,11.28,11.43,108610.0
2008-04-30,11.41,11.48,11.3,11.44,44680.0
2008-05-02,11.54,11.8,11.49,11.77,249470.0
2008-05-05,11.8,11.8,11.55,11.62,153280.0
2008-05-06,11.47,11.52,11.32,11.42,76000.0
2008-05-07,11.36,11.42,11.23,11.32,78600.0
2008-05-08,11.12,11.19,11.1,11.19,162390.0
2008-05-09,11.09,11.09,10.77,10.88,178330.0
2008-05-12,10.58,10.81,10.57,10.58,47900.0
2008-05-13,10.83,10.85,10.56,10.64,87550.0
2008-05-14,10.57,10.79,10.55,10.75,69340.0
2008-05-15,10.75,10.99,10.7,10.85,44380.0
2008-05-16,11.0,11.01,10.78,10.78,289260.0
2008-05-19,10.98,11.05,10.8,11.05,114930.0
2008-05-20,10.73,10.85,10.56,10.6,326620.0
2008-05-21,10.71,10.71,10.42,10.45,155400.0
2008-05-22,10.21,10.47,10.21,10.44,55680.0
2008-05-23,10.48,10.48,10.13,10.13,125620.0
2008-05-26,10.1,10.12,9.95,10.04,93290.0
2008-05-27,10.0,10.05,9.85,9.95,143040.0
2008-05-28,9.98,10.25,9.92,10.22,109810.0
2008-05-29,10.2,10.25,10.0,10.19,54010.0
2008-05-30,10.25,10.3,10.15,10.22,55830.0
2008-06-02,10.2,10.25,9.93,9.93,127800.0
2008-06-03,9.9,10.09,9.8,10.08,185880.0
2008-06-04,9.96,9.96,9.57,9.74,142390.0
2008-06-05,9.64,9.83,9.52,9.68,150430.0
2008-06-06,9.62,9.8,9.34,9.34,105960.0
2008-06-09,9.15,9.31,9.04,9.25,148020.0
2008-06-10,9.12,9.24,8.95,9.17,132680.0
2008-06-11,9.26,9.39,9.11,9.2,104360.0
2008-06-12,9.2,9.5,9.2,9.48,26460.0
2008-06-13,9.41,9.47,9.21,9.39,36520.0
2008-06-16,9.55,9.6,9.32,9.33,53270.0
2008-06-17,9.46,9.69,9.46,9.6,41490.0
2008-06-18,9.62,9.62,9.29,9.3,89100.0
2008-06-19,9.23,9.25,9.1,9.11,136620.0
2008-06-20,9.01,9.01,8.63,8.74,220890.0
2008-06-23,8.63,8.8,8.43,8.67,144790.0
2008-06-24,8.73,8.73,8.35,8.47,270320.0
2008-06-25,8.48,8.64,8.46,8.64,511500.0
2008-06-26,8.65,8.71,8.4,8.45,111760.0
2008-06-27,8.36,8.37,8.12,8.17,199210.0
2008-06-30,8.17,8.17,7.85,7.98,140890.0
2008-07-01,7.9,7.9,7.51,7.57,176280.0
2008-07-02,7.7,8.12,7.6,7.94,110210.0
2008-07-03,7.57,7.82,7.53,7.78,217920.0
2008-07-04,7.87,7.99,7.85,7.92,90610.0
2008-07-07,8.12,8.22,7.98,8.09,159360.0
2008-07-08,7.84,7.96,7.74,7.86,151950.0
2008-07-09,8.24,8.45,8.15,8.38,79730.0
2008-07-10,8.22,8.35,8.15,8.18,163440.0
2008-07-11,8.23,8.23,7.76,7.85,116140.0
2008-07-14,7.92,8.0,7.82,7.85,42740.0
2008-07-15,7.54,7.55,7.25,7.44,113860.0
2008-07-16,7.49,7.54,7.3,7.54,80560.0
2008-07-17,7.65,7.92,7.61,7.8,351780.0
2008-07-18,7.82,8.22,7.76,8.2,48680.0
2008-07-21,8.15,8.27,8.0,8.22,120730.0
2008-07-22,8.29,8.44,8.2,8.43,66650.0
2008-07-23,8.81,9.15,8.8,9.13,249100.0
2008-07-24,9.08,9.08,8.9,8.91,99770.0
2008-07-25,8.58,8.81,8.52,8.78,126840.0
2008-07-28,8.64,8.67,8.55,8.59,39000.0
2008-07-29,8.18,8.42,8.18,8.36,94710.0
2008-07-30,8.55,8.85,8.53,8.79,276570.0
2008-07-31,8.67,8.72,8.57,8.65,142780.0
2008-08-01,8.75,9.0,8.68,8.82,131670.0
2008-08-04,8.91,8.93,8.76,8.8,134890.0
2008-08-05,8.96,9.33,8.95,9.32,100370.0
2008-08-06,9.4,9.46,9.26,9.4,49570.0
2008-08-07,9.43,9.48,9.27,9.27,47350.0
2008-08-08,9.29,9.64,9.29,9.61,138800.0
2008-08-11,9.86,9.9,9.72,9.86,59080.0
2008-08-12,9.75,9.75,9.58,9.68,215490.0
2008-08-13,9.59,9.59,9.4,9.41,68620.0
2008-08-14,9.4,9.4,9.19,9.34,112420.0
2008-08-15,9.44,9.51,9.36,9.43,64920.0
2008-08-18,9.21,9.35,9.2,9.24,43530.0
2008-08-19,9.08,9.15,9.0,9.04,44870.0
2008-08-20,9.1,9.21,9.05,9.21,26210.0
2008-08-21,9.0,9.0,8.74,8.77,119330.0
2008-08-22,8.9,9.14,8.9,9.09,60780.0
2008-08-25,9.12,9.13,8.89,8.92,62630.0
2008-08-26,8.89,9.15,8.89,9.12,40550.0
2008-08-27,9.0,9.08,8.9,8.98,64819.99999999999
2008-08-28,8.88,8.91,8.72,8.91,106000.0
2008-08-29,9.05,9.08,8.99,9.06,78260.0
2008-09-01,8.91,9.16,8.91,9.15,74450.0
2008-09-02,9.18,9.47,9.18,9.42,182650.0
2008-09-03,9.51,9.51,9.35,9.35,67410.0
2008-09-04,9.31,9.36,9.19,9.26,79540.0
2008-09-05,9.11,9.14,8.92,8.92,66580.0
2008-09-08,9.46,9.48,9.34,9.34,114040.0
2008-09-09,9.4,9.45,9.16,9.17,51990.0
2008-09-10,9.27,9.27,9.11,9.25,79760.0
2008-09-11,9.01,9.06,8.9,9.01,38400.0
2008-09-12,8.89,8.9,8.5,8.63,126320.0
2008-09-15,8.04,8.24,8.04,8.1,252200.0
2008-09-16,7.93,8.1,7.84,7.97,119790.0
2008-09-17,8.06,8.14,7.72,7.72,216940.0
2008-09-18,7.71,7.94,7.67,7.71,230500.0
2008-09-19,8.47,8.68,8.34,8.68,163930.0
2008-09-22,8.48,8.53,8.25,8.25,65840.0
2008-09-23,8.14,8.21,7.94,8.06,26710.0
2008-09-24,8.19,8.2,7.98,8.04,56560.0
2008-09-25,7.95,8.1,7.88,8.09,51640.0
2008-09-26,7.86,7.86,7.66,7.77,142200.0
2008-09-29,7.45,7.52,7.21,7.29,232540.0
2008-09-30,7.54,7.8,7.47,7.8,120810.0
2008-10-01,7.75,7.96,7.75,7.85,87940.0
2008-10-02,8.0,8.1,7.77,7.79,90140.0
2008-10-03,7.7,7.84,7.58,7.83,177150.0
2008-10-06,7.3,7.32,6.91,7.06,143840.0
2008-10-07,7.04,7.2,6.89,6.99,214650.0
2008-10-08,6.5,6.85,6.41,6.65,124660.0
2008-10-09,6.76,6.99,6.6,6.6,22800.0
2008-10-10,5.63,5.94,5.63,5.7,108410.0
2008-10-13,6.64,6.85,6.47,6.85,118620.0
2008-10-14,7.0,7.22,6.67,6.67,392630.0
2008-10-15,6.54,6.54,6.25,6.25,121160.0
2008-10-16,6.09,6.43,6.08,6.08,92510.0
2008-10-17,6.08,6.14,5.85,6.05,61460.0
2008-10-20,6.1,6.21,5.95,6.17,51000.0
2008-10-21,6.38,6.49,6.31,6.4,60990.0
2008-10-22,6.23,6.29,6.04,6.04,265920.0
2008-10-23,6.09,6.21,5.88,6.05,44340.0
2008-10-24,5.75,5.75,5.28,5.5,155190.0
2008-10-27,5.0,5.48,5.0,5.37,186620.0
2008-10-28,5.57,5.79,5.49,5.69,258810.0
2008-10-29,5.7,5.81,5.56,5.74,85870.0
2008-10-30,5.53,6.07,5.53,6.05,111920.0
2008-10-31,6.06,6.29,5.95,6.2,83630.0
2008-11-03,6.45,6.62,6.29,6.49,145200.0
2008-11-04,6.5,6.95,6.5,6.91,340290.0
2008-11-05,6.65,6.73,6.34,6.48,214790.0
2008-11-06,6.33,6.37,6.06,6.08,62670.0
2008-11-07,6.54,6.54,6.28,6.32,169630.0
2008-11-10,6.56,6.8,6.56,6.69,129160.0
2008-11-11,6.36,6.36,6.21,6.25,21190.0
2008-11-12,6.21,6.21,5.82,5.82,104150.0
2008-11-13,5.91,5.95,5.84,5.91,80450.0
2008-11-14,5.75,6.09,5.73,5.73,59240.0
2008-11-17,5.66,5.82,5.6,5.67,45280.0
2008-11-18,5.6,5.68,5.47,5.58,22760.0
2008-11-19,5.51,5.55,5.2,5.2,186840.0
2008-11-20,5.16,5.25,5.02,5.18,72250.0
2008-11-21,5.3,5.45,5.1,5.2,212400.0
2008-11-24,5.36,5.95,5.28,5.5,195960.0
2008-11-25,5.35,5.39,5.14,5.18,61440.0
2008-11-26,5.24,5.61,5.24,5.61,37430.0
2008-11-27,5.39,5.54,5.29,5.36,44010.0
2008-11-28,5.35,5.65,5.33,5.58,119740.0
2008-12-01,5.6,5.6,5.2,5.25,63720.0
2008-12-02,5.25,5.38,5.15,5.3,97440.0
2008-12-03,5.28,5.47,5.23,5.43,52010.0
2008-12-04,5.4,5.65,5.39,5.49,179360.0
2008-12-05,5.45,5.48,5.31,5.38,53370.0
2008-12-08,5.5,5.82,5.38,5.6,102430.0
2008-12-09,5.54,5.69,5.49,5.53,85900.0
2008-12-10,5.66,6.16,5.64,5.95,97420.0
2008-12-11,5.78,5.89,5.68,5.87,53410.0
2008-12-12,5.79,5.84,5.6,5.79,54340.0
2008-12-15,5.87,5.94,5.69,5.72,121060.0
2008-12-16,5.79,5.93,5.76,5.89,39420.0
2008-12-17,5.81,5.81,5.52,5.56,66340.0
2008-12-18,5.67,5.81,5.62,5.8,45070.0
2008-12-19,5.79,6.02,5.7,5.98,170330.0
2008-12-22,5.85,5.85,5.68,5.75,105720.0
2008-12-23,5.61,5.64,5.43,5.52,93800.0
2008-12-29,5.53,5.53,5.29,5.35,155010.0
2008-12-30,5.43,5.63,5.43,5.63,84350.0
2009-01-02,5.66,5.85,5.62,5.79,76390.0
2009-01-05,5.9,6.14,5.9,6.08,296760.0
2009-01-06,6.12,6.34,6.1,6.23,404750.0
2009-01-07,5.69,5.79,5.6,5.68,729380.0
2009-01-08,5.69,5.69,5.49,5.58,114020.0
2009-01-09,5.5,5.72,5.49,5.57,582150.0
2009-01-12,5.34,5.45,5.34,5.39,226770.0
2009-01-13,5.33,5.47,5.33,5.47,39030.0
2009-01-14,5.61,5.66,5.37,5.42,93520.0
2009-01-15,5.4,5.5,5.31,5.41,54030.0
2009-01-16,5.55,5.62,5.48,5.48,89870.0
2009-01-19,5.53,5.67,5.44,5.53,134210.0
2009-01-20,5.53,5.59,5.37,5.4,15780.0
2009-01-21,5.38,5.51,5.29,5.42,81830.0
2009-01-22,5.38,5.39,5.17,5.23,72780.0
2009-01-23,5.28,5.36,5.18,5.3,836870.0
2009-01-26,5.19,5.37,5.19,5.31,818630.0
2009-01-27,5.39,5.39,5.23,5.28,869940.0
2009-01-28,5.38,5.58,5.38,5.53,176150.0
2009-01-29,5.48,5.58,5.46,5.53,31950.0
2009-01-30,5.65,5.75,5.65,5.68,89720.0
2009-02-02,5.6,5.66,5.54,5.58,152380.0
2009-02-03,5.65,5.67,5.52,5.56,36870.0
2009-02-04,5.69,5.8,5.54,5.73,753040.0
2009-02-05,5.6,5.66,5.55,5.65,25000.0
2009-02-06,5.74,5.9,5.71,5.87,90560.0
2009-02-09,5.84,5.96,5.84,5.96,37260.0
2009-02-10,5.97,5.97,5.84,5.84,44490.0
2009-02-11,5.82,5.94,5.82,5.9,17350.0
2009-02-12,5.81,5.85,5.77,5.77,53180.0
2009-02-13,5.93,5.94,5.83,5.83,28110.0
2009-02-16,5.77,5.77,5.66,5.66,12880.0
2009-02-17,5.55,5.58,5.46,5.5,109460.0
2009-02-18,5.56,5.56,5.49,5.53,70770.0
2009-02-19,5.59,5.59,5.47,5.57,41270.0
2009-02-20,5.4,5.44,5.33,5.33,49640.0
2009-02-23,5.32,5.42,5.21,5.32,104700.0
2009-02-24,5.3,5.33,5.23,5.33,29370.0
2009-02-25,5.43,5.43,5.2,5.22,47160.0
2009-02-26,5.32,5.4,5.21,5.35,88960.0
2009-02-27,5.26,5.28,5.17,5.17,14550.0
2009-03-02,5.1,5.1,4.95,4.95,98220.0
2009-03-03,5.01,5.06,4.83,4.83,121100.0
2009-03-04,4.99,5.12,4.99,5.1,176700.0
2009-03-05,4.88,4.89,4.77,4.77,55370.0
2009-03-06,4.88,4.93,4.8,4.85,73260.0
2009-03-09,4.83,4.89,4.79,4.87,102550.0
2009-03-10,4.8,5.02,4.79,5.01,118260.0
2009-03-11,5.06,5.06,4.97,5.01,10770.0
2009-03-12,5.0,5.02,4.87,5.0,44690.0
2009-03-13,5.19,5.19,5.04,5.11,10380.0
2009-03-16,5.16,5.24,5.16,5.22,44670.0
2009-03-17,5.2,5.21,5.14,5.15,49010.0
2009-03-18,5.25,5.27,5.18,5.23,25180.0
2009-03-19,5.16,5.22,5.1,5.12,87520.0
2009-03-20,5.12,5.24,5.1,5.2,71250.0
2009-03-23,5.33,5.55,5.3,5.55,430140.0
2009-03-24,5.51,5.52,5.35,5.43,62780.0
2009-03-25,5.41,5.66,5.41,5.64,68620.0
2009-03-26,5.6,5.72,5.6,5.67,61010.0
2009-03-27,5.74,5.85,5.71,5.8,62020.0
2009-03-30,5.78,5.78,5.5,5.5,124170.0
2009-03-31,5.63,5.74,5.61,5.7,251700.0
2009-04-01,5.79,5.93,5.73,5.93,116410.0
2009-04-02,6.08,6.16,5.99,6.15,307780.0
2009-04-03,6.14,6.14,6.02,6.05,80400.0
2009-04-06,6.09,6.17,6.02,6.04,59660.0
2009-04-07,6.2,6.2,6.07,6.09,44820.0
2009-04-08,6.17,6.5,6.11,6.5,143190.0
2009-04-09,6.5,6.61,6.32,6.57,369380.0
2009-04-14,6.61,6.74,6.5,6.57,400130.0
2009-04-15,6.65,6.81,6.58,6.76,114820.0
2009-04-16,6.73,6.78,6.58,6.62,269720.0
2009-04-17,6.83,6.83,6.61,6.72,228210.0
2009-04-20,6.69,6.72,6.53,6.57,319480.0
2009-04-21,6.57,6.69,6.44,6.57,269050.0
2009-04-22,6.58,6.66,6.45,6.66,211750.0
2009-04-23,6.54,6.83,6.54,6.75,251200.0
2009-04-24,6.63,6.88,6.63,6.8,67460.0
2009-04-27,6.8,6.93,6.7,6.93,45950.0
2009-04-28,6.72,6.73,6.55,6.66,140150.0
2009-04-29,6.66,6.85,6.66,6.85,34720.0
2009-04-30,6.77,7.03,6.77,6.98,367670.0
2009-05-04,7.02,7.32,7.02,7.28,338130.0
2009-05-05,7.22,7.31,7.08,7.17,360880.0
2009-05-06,7.26,7.35,7.06,7.18,276150.0
2009-05-07,7.25,7.34,7.04,7.09,320740.0
2009-05-08,7.03,7.15,7.0,7.08,223760.0
2009-05-11,6.94,6.94,6.78,6.84,227630.0
2009-05-12,6.81,7.18,6.81,7.05,307000.0
2009-05-13,7.01,7.18,6.87,6.88,153400.0
2009-05-14,6.9,7.01,6.87,7.01,170540.0
2009-05-15,7.1,7.21,7.04,7.2,252040.0
2009-05-18,8.72,8.87,8.5,8.84,2330000.0
2009-05-19,8.89,9.05,8.41,8.52,471440.0
2009-05-20,8.43,8.6,8.41,8.56,336170.0
2009-05-21,8.4,8.47,8.22,8.23,98300.0
2009-05-22,8.32,8.38,8.25,8.37,279120.0
2009-05-25,8.44,8.44,8.25,8.44,503230.0
2009-05-26,8.31,8.32,8.05,8.3,626250.0
2009-05-27,8.36,8.57,8.3,8.56,214540.0
2009-05-28,8.55,8.65,8.44,8.54,131300.0
2009-05-29,8.65,8.81,8.6,8.6,176720.0
2009-06-01,8.8,8.96,8.73,8.91,331210.0
2009-06-02,8.75,8.96,8.7,8.85,1130000.0
2009-06-03,8.93,8.93,8.72,8.81,568190.0
2009-06-04,8.83,9.0,8.79,8.95,219140.0
2009-06-05,9.0,9.2,8.91,9.13,295960.0
2009-06-08,9.05,9.13,8.75,8.79,453300.0
2009-06-09,8.86,9.09,8.86,9.0,235800.0
2009-06-10,9.25,9.25,9.11,9.15,184560.0
2009-06-11,9.15,9.23,9.06,9.18,145530.0
2009-06-12,9.13,9.16,9.01,9.11,241280.0
2009-06-15,8.99,9.01,8.79,8.83,165650.0
2009-06-16,8.86,9.02,8.86,8.96,106940.0
2009-06-17,8.89,8.91,8.46,8.54,232060.0
2009-06-18,8.56,8.6,8.32,8.44,264440.0
2009-06-19,8.52,8.64,8.31,8.62,184510.0
2009-06-22,8.59,8.59,8.16,8.16,283040.0
2009-06-23,8.19,8.35,8.05,8.13,155470.0
2009-06-24,8.23,8.42,8.23,8.41,127690.0
2009-06-25,8.49,8.5,8.28,8.42,185230.0
2009-06-26,8.39,8.75,8.39,8.55,223130.0
2009-06-29,8.75,8.79,8.66,8.74,233140.0
2009-06-30,8.58,8.58,8.41,8.47,371150.0
2009-07-01,8.48,8.6,8.48,8.57,326000.0
2009-07-02,8.6,8.6,8.45,8.5,328130.0
2009-07-03,8.68,8.81,8.62,8.77,242590.0
2009-07-06,8.42,8.48,8.14,8.19,354050.0
2009-07-07,8.22,8.28,8.17,8.18,293590.0
2009-07-08,8.06,8.09,7.83,7.86,338230.0
2009-07-09,8.01,8.05,7.93,7.93,129580.0
2009-07-10,8.05,8.13,7.7,7.7,225750.0
2009-07-13,7.64,7.83,7.58,7.82,712390.0
2009-07-14,7.93,8.11,7.88,8.04,628440.0
2009-07-15,8.18,8.43,8.15,8.39,126200.0
2009-07-16,8.24,8.36,8.22,8.34,120300.0
2009-07-17,8.45,8.6,8.45,8.57,171870.0
2009-07-20,8.8,8.9,8.74,8.89,295890.0
2009-07-21,8.74,8.82,8.71,8.75,188170.0
2009-07-22,8.72,8.78,8.57,8.63,79760.0
2009-07-23,8.7,9.01,8.66,9.01,145850.0
2009-07-24,8.85,8.98,8.84,8.92,175560.0
2009-07-27,8.96,9.01,8.85,8.94,189100.0
2009-07-28,8.87,8.98,8.83,8.95,201300.0
2009-07-29,8.7,8.89,8.66,8.8,131160.0
2009-07-30,8.94,9.13,8.89,9.08,235760.0
2009-07-31,9.12,9.2,9.07,9.07,192580.0
2009-08-03,9.17,9.38,9.13,9.27,197910.0
2009-08-04,9.28,9.32,9.12,9.32,195660.0
2009-08-05,9.15,9.29,9.12,9.2,155830.0
2009-08-06,9.24,9.32,8.95,9.05,175530.0
2009-08-07,8.87,9.11,8.71,9.04,268240.0
2009-08-10,8.91,9.02,8.75,8.87,287130.0
2009-08-11,8.86,8.97,8.7,8.7,163570.0
2009-08-12,8.62,8.89,8.55,8.87,261330.0
2009-08-13,8.9,9.08,8.88,8.96,194930.0
2009-08-14,8.91,9.0,8.81,8.85,333800.0
2009-08-17,8.7,8.72,8.51,8.57,271820.0
2009-08-18,8.74,8.76,8.64,8.71,76720.0
2009-08-19,8.56,8.63,8.5,8.55,164920.0
2009-08-20,8.68,8.72,8.56,8.63,270600.0
2009-08-21,8.63,8.89,8.62,8.87,170600.0
2009-08-24,8.95,9.01,8.9,8.98,76220.0
2009-08-25,9.01,9.06,8.93,9.02,176240.0
2009-08-26,8.95,9.14,8.95,9.11,91250.0
2009-08-27,9.08,9.11,9.0,9.02,116660.0
2009-08-28,9.02,9.17,8.92,9.09,271880.0
2009-08-31,9.02,9.03,8.9,8.95,177570.0
2009-09-01,9.05,9.08,8.81,8.83,186570.0
2009-09-02,8.91,8.92,8.8,8.86,302470.0
2009-09-03,8.87,8.91,8.77,8.81,111120.0
2009-09-04,8.84,9.08,8.84,9.06,69800.0
2009-09-07,9.13,9.3,9.1,9.26,193570.0
2009-09-08,9.29,9.3,9.15,9.18,125210.0
2009-09-09,9.15,9.29,9.14,9.29,367290.0
2009-09-10,9.27,9.28,9.12,9.25,172630.0
2009-09-11,9.13,9.22,9.08,9.22,947080.0
2009-09-14,9.08,9.19,9.06,9.19,79040.0
2009-09-15,9.23,9.34,9.23,9.34,144280.0
2009-09-16,9.37,9.49,9.32,9.44,211720.0
2009-09-17,9.4,9.45,9.34,9.44,272470.0
2009-09-18,9.39,9.49,9.35,9.45,176210.0
2009-09-21,9.49,9.5,9.33,9.38,216100.0
2009-09-22,9.44,9.53,9.44,9.47,313130.0
2009-09-23,9.49,9.51,9.37,9.44,458980.0
2009-09-24,9.35,9.5,9.32,9.4,182180.0
2009-09-25,9.47,9.52,9.38,9.41,177030.0
2009-09-28,9.47,9.63,9.39,9.61,366000.0
2009-09-29,9.59,9.68,9.56,9.62,202730.0
2009-09-30,9.72,9.8,9.65,9.71,218120.0
2009-10-01,9.77,9.87,9.71,9.74,183630.0
2009-10-02,9.75,9.75,9.49,9.54,126380.0
2009-10-05,9.73,9.81,9.68,9.78,222970.0
2009-10-06,9.62,9.96,9.6,9.93,235830.0
2009-10-07,9.82,9.92,9.8,9.86,307170.0
2009-10-08,10.01,10.01,9.87,9.97,495250.0
2009-10-09,9.88,9.89,9.74,9.86,315600.0
2009-10-12,9.8,10.04,9.8,10.01,181490.0
2009-10-13,10.0,10.05,9.92,9.95,510110.0
2009-10-14,10.15,10.2,10.1,10.2,331840.0
2009-10-15,10.13,10.18,10.06,10.11,258400.0
2009-10-16,10.15,10.19,10.07,10.09,375200.0
2009-10-19,10.23,10.24,10.13,10.18,252480.0
2009-10-20,10.2,10.2,10.05,10.1,419900.0
2009-10-21,10.04,10.06,9.82,9.98,637990.0
2009-10-22,9.8,9.85,9.66,9.74,453770.0
2009-10-23,9.78,9.87,9.65,9.65,222230.0
2009-10-26,9.78,9.8,9.53,9.58,226040.0
2009-10-27,9.48,9.54,9.37,9.39,559130.0
2009-10-28,9.36,9.4,9.22,9.22,344010.0
2009-10-29,9.24,9.34,9.15,9.33,237000.0
2009-10-30,9.29,9.29,8.96,8.96,483340.0
2009-11-02,8.93,9.1,8.9,9.03,278400.0
2009-11-03,9.05,9.1,8.8,8.9,417950.0
2009-11-04,9.08,9.31,9.08,9.28,319350.0
2009-11-05,9.03,9.37,8.99,9.36,240310.0
2009-11-06,9.25,9.45,9.25,9.4,151190.0
2009-11-09,9.52,9.72,9.48,9.71,245100.0
2009-11-10,9.53,9.66,9.5,9.66,167920.0
2009-11-11,9.73,9.89,9.72,9.83,192040.0
2009-11-12,9.76,9.88,9.68,9.77,119120.0
2009-11-13,9.9,9.95,9.83,9.9,139150.0
2009-11-16,10.04,10.12,9.96,10.11,237080.0
2009-11-17,9.98,10.11,9.93,10.08,241220.0
2009-11-18,10.11,10.11,9.96,10.0,215220.0
2009-11-19,9.94,9.94,9.71,9.71,223340.0
2009-11-20,9.75,10.01,9.75,9.93,191060.0
2009-11-23,10.06,10.12,10.0,10.08,78520.0
2009-11-24,10.02,10.1,9.96,10.01,535820.0
2009-11-25,10.1,10.1,10.0,10.05,114420.0
2009-11-26,9.97,9.97,9.62,9.67,596200.0
2009-11-27,9.37,9.8,9.28,9.76,198640.0
2009-11-30,9.9,9.94,9.75,9.84,272750.0
2009-12-01,9.98,10.09,9.94,10.08,120210.0
2009-12-02,10.06,10.11,10.01,10.09,336890.0
2009-12-03,10.15,10.15,10.04,10.08,144700.0
2009-12-04,10.08,10.29,9.99,10.24,441650.0
2009-12-07,10.07,10.1,10.01,10.07,174310.0
2009-12-08,10.03,10.19,10.01,10.1,148870.0
2009-12-09,10.18,10.23,10.11,10.13,250300.0
2009-12-10,10.17,10.28,10.15,10.26,230400.0
2009-12-11,10.22,10.31,10.16,10.26,175620.0
2009-12-14,10.31,10.31,10.16,10.28,138710.0
2009-12-15,10.26,10.26,10.11,10.22,171410.0
2009-12-16,10.15,10.26,10.11,10.26,241740.0
2009-12-17,10.2,10.31,10.15,10.3,348320.0
2009-12-18,10.25,10.25,10.1,10.18,473250.0
2009-12-21,10.18,10.25,10.11,10.21,76740.0
2009-12-22,10.2,10.28,10.16,10.22,489850.0
2009-12-23,10.3,10.57,10.3,10.43,601460.0
2009-12-28,10.6,10.71,10.58,10.63,304870.0
2009-12-29,10.6,10.65,10.53,10.64,247990.0
2009-12-30,10.58,10.74,10.54,10.64,276290.0
2010-01-04,10.77,10.86,10.73,10.82,350110.0
2010-01-05,10.85,10.93,10.8,10.91,421550.0
2010-01-06,10.98,11.05,10.93,11.02,195560.0
2010-01-07,10.95,11.08,10.94,11.07,489820.0
2010-01-08,10.97,11.0,10.87,10.95,493160.0
2010-01-11,10.94,10.98,10.86,10.86,305060.0
2010-01-12,10.91,10.93,10.71,10.77,388190.0
2010-01-13,10.8,10.92,10.8,10.87,321240.0
2010-01-14,10.96,11.04,10.91,11.0,191230.0
2010-01-15,11.03,11.06,10.89,10.91,292280.0
2010-01-18,11.06,11.16,11.01,11.05,221400.0
2010-01-19,11.04,11.09,10.9,11.04,330820.0
2010-01-20,11.02,11.15,10.86,10.9,197490.0
2010-01-21,10.88,10.93,10.61,10.64,539720.0
2010-01-22,10.59,10.67,10.42,10.53,325670.0
2010-01-25,10.48,10.57,10.4,10.41,250430.0
2010-01-26,10.46,10.46,10.31,10.4,475410.0
2010-01-27,10.24,10.28,10.01,10.09,350460.0
2010-01-28,10.27,10.34,10.08,10.08,508260.0
2010-01-29,10.18,10.45,10.18,10.4,283700.0
2010-02-01,10.4,10.48,10.36,10.48,183950.0
2010-02-02,10.36,10.4,10.21,10.34,175430.0
2010-02-03,10.5,10.54,10.44,10.47,418770.0
2010-02-04,10.46,10.48,10.16,10.16,394950.0
2010-02-05,10.06,10.14,9.93,10.01,509700.0
2010-02-08,10.0,10.24,10.0,10.17,139420.0
2010-02-09,10.23,10.26,10.14,10.17,611380.0
2010-02-10,10.27,10.27,10.08,10.17,325220.0
2010-02-11,10.28,10.43,10.28,10.4,287020.0
2010-02-12,10.5,10.5,10.32,10.39,163580.0
2010-02-15,10.37,10.47,10.37,10.46,471130.0
2010-02-16,10.48,10.64,10.46,10.59,235940.0
2010-02-17,10.65,10.74,10.54,10.71,203500.0
2010-02-18,10.64,10.72,10.6,10.72,264350.0
2010-02-19,10.53,10.73,10.48,10.73,261060.0
2010-02-22,10.68,10.68,10.51,10.57,172780.0
2010-02-23,10.6,10.6,10.47,10.53,346000.0
2010-02-24,10.6,10.69,10.57,10.65,291910.0
2010-02-25,10.6,10.65,10.45,10.5,264290.0
2010-02-26,10.79,10.82,10.64,10.7,277210.0
2010-03-01,10.93,10.98,10.82,10.98,153590.0
2010-03-02,10.95,11.12,10.95,11.08,274610.0
2010-03-03,11.1,11.19,11.07,11.17,180360.0
2010-03-04,11.07,11.21,11.04,11.19,204990.0
2010-03-05,11.2,11.37,11.18,11.35,334020.0
2010-03-08,11.31,11.37,11.27,11.33,448240.0
2010-03-09,11.33,11.36,11.25,11.35,119040.0
2010-03-10,11.35,11.45,11.33,11.42,204160.0
2010-03-11,11.35,11.36,11.28,11.33,248510.0
2010-03-12,11.27,11.35,11.26,11.29,202240.0
2010-03-15,11.27,11.31,11.24,11.27,140690.0
2010-03-16,11.33,11.5,11.33,11.47,265330.0
2010-03-17,11.5,11.58,11.45,11.56,296460.0
2010-03-18,11.53,11.7,11.5,11.62,274670.0
2010-03-19,11.63,11.73,11.48,11.56,328040.0
2010-03-22,11.63,11.66,11.52,11.62,163590.0
2010-03-23,11.6,11.66,11.57,11.62,293720.0
2010-03-24,11.75,11.86,11.73,11.82,226150.0
2010-03-25,11.78,11.94,11.75,11.93,275720.0
2010-03-26,11.94,12.0,11.9,11.91,284530.0
2010-03-29,11.92,12.01,11.92,11.97,258120.0
2010-03-30,11.97,11.97,11.85,11.94,234920.0
2010-03-31,11.93,11.94,11.77,11.82,225070.0
2010-04-01,11.91,12.08,11.91,11.97,351000.0
2010-04-06,12.22,12.46,12.22,12.45,401520.0
2010-04-07,12.43,12.43,12.27,12.37,220690.0
2010-04-08,12.36,12.36,12.2,12.23,308350.0
2010-04-09,12.4,12.45,12.31,12.34,676550.0
2010-04-12,12.15,12.19,12.06,12.12,860480.0
2010-04-13,12.08,12.15,12.05,12.11,372580.0
2010-04-14,12.2,12.25,12.16,12.19,244230.0
2010-04-15,12.17,12.17,12.05,12.08,693330.0
2010-04-16,12.04,12.06,11.97,11.98,393260.0
2010-04-19,11.86,11.94,11.73,11.87,411080.0
2010-04-20,11.96,12.04,11.87,12.02,359370.0
2010-04-21,12.1,12.1,12.0,12.02,166820.0
2010-04-22,12.11,12.24,12.03,12.11,369000.0
2010-04-23,12.24,12.29,12.16,12.2,394930.0
2010-04-26,12.3,12.37,12.28,12.32,114990.0
2010-04-27,12.27,12.29,12.08,12.08,202030.0
2010-04-28,12.18,12.22,12.04,12.13,504760.0
2010-04-29,12.15,12.28,12.12,12.23,456880.0
2010-04-30,12.24,12.26,12.12,12.21,141710.0
2010-05-03,12.19,12.27,12.08,12.27,284930.0
2010-05-04,12.22,12.22,11.8,11.85,441050.0
2010-05-05,11.93,12.07,11.88,11.99,399560.0
2010-05-06,11.9,12.04,11.82,11.87,380860.0
2010-05-07,11.59,11.8,11.44,11.7,602450.0
2010-05-10,12.01,12.34,11.99,12.31,282430.0
2010-05-11,12.22,12.3,12.12,12.3,395230.0
2010-05-12,12.15,12.42,12.15,12.41,616080.0
2010-05-13,12.46,12.55,12.39,12.51,136210.0
2010-05-14,12.49,12.49,12.15,12.21,345910.0
2010-05-17,12.11,12.28,12.11,12.16,537940.0
2010-05-18,12.21,12.29,12.14,12.19,190690.0
2010-05-19,12.12,12.14,11.66,11.69,470910.0
2010-05-20,11.65,11.7,11.2,11.37,406620.0
2010-05-21,11.25,11.44,11.07,11.44,572210.0
2010-05-24,11.69,11.69,11.39,11.52,228170.0
2010-05-25,11.15,11.27,11.06,11.13,350870.0
2010-05-26,11.32,11.6,11.23,11.54,275530.0
2010-05-27,11.61,11.81,11.61,11.72,335710.0
2010-05-28,11.93,11.95,11.81,11.85,185140.0
2010-05-31,11.94,12.1,11.9,12.1,70540.0
2010-06-01,11.9,11.91,11.69,11.76,241780.0
2010-06-02,11.8,11.9,11.68,11.87,106400.0
2010-06-03,12.05,12.14,12.03,12.1,284410.0
2010-06-04,12.1,12.22,11.96,12.1,305500.0
2010-06-07,11.99,12.12,11.96,12.06,149810.0
2010-06-08,12.13,12.19,11.9,11.97,336100.0
2010-06-09,12.04,12.14,11.95,12.11,211980.0
2010-06-10,12.04,12.25,11.99,12.25,122330.0
2010-06-11,12.27,12.28,12.12,12.28,84100.0
2010-06-14,12.29,12.45,12.29,12.44,206980.0
2010-06-15,12.35,12.47,12.33,12.44,392210.0
2010-06-16,12.46,12.48,12.38,12.43,242020.0
2010-06-17,12.42,12.53,12.37,12.39,144640.0
2010-06-18,12.52,12.57,12.39,12.51,341130.0
2010-06-21,12.72,12.88,12.72,12.84,505790.0
2010-06-22,12.73,12.85,12.73,12.8,385740.0
2010-06-23,12.7,12.81,12.64,12.7,276370.0
2010-06-24,12.74,12.74,12.51,12.59,215190.0
2010-06-25,12.54,12.65,12.51,12.6,161520.0
2010-06-28,12.62,12.75,12.6,12.73,162470.0
2010-06-29,12.59,12.63,12.46,12.5,184820.0
2010-06-30,12.56,12.69,12.54,12.63,873410.0
2010-07-01,12.46,12.5,12.02,12.16,826370.0
2010-07-02,12.21,12.29,12.01,12.14,396240.0
2010-07-05,12.12,12.14,12.08,12.12,184860.0
2010-07-06,12.14,12.29,12.13,12.23,621400.0
2010-07-07,12.02,12.23,11.94,12.2,272190.0
2010-07-08,12.13,12.16,12.04,12.13,306990.0
2010-07-09,12.15,12.34,12.13,12.27,404340.0
2010-07-12,12.3,12.5,12.3,12.45,68110.0
2010-07-13,12.32,12.48,12.32,12.45,464650.0
2010-07-14,12.39,12.39,12.22,12.27,155990.0
2010-07-15,12.21,12.23,11.99,12.02,126000.0
2010-07-16,12.07,12.1,11.8,11.8,176860.0
2010-07-19,11.96,11.99,11.85,11.9,145400.0
2010-07-20,11.96,11.98,11.86,11.94,131350.0
2010-07-21,12.02,12.12,11.97,12.1,216270.0
2010-07-22,12.1,12.24,12.06,12.24,189430.0
2010-07-23,12.14,12.27,12.08,12.23,283810.0
2010-07-26,12.14,12.14,12.02,12.11,214690.0
2010-07-27,12.08,12.16,12.07,12.07,214910.0
2010-07-28,12.12,12.12,11.91,11.97,198600.0
2010-07-29,12.0,12.06,11.96,11.96,42300.0
2010-07-30,12.0,12.07,11.93,12.02,106280.0
2010-08-02,12.11,12.19,12.1,12.17,204470.0
2010-08-03,12.1,12.1,11.98,12.06,377040.0
2010-08-04,12.06,12.22,12.04,12.21,255330.0
2010-08-05,12.19,12.2,12.05,12.11,212860.0
2010-08-06,12.16,12.18,11.87,11.9,260610.0
2010-08-09,12.05,12.17,12.05,12.15,75480.0
2010-08-10,12.09,12.14,12.05,12.14,145080.0
2010-08-11,12.11,12.11,12.02,12.02,131780.0
2010-08-12,12.04,12.2,12.04,12.15,159850.0
2010-08-13,12.21,12.32,12.2,12.29,206050.0
2010-08-16,12.32,12.32,12.1,12.17,46700.0
2010-08-17,12.14,12.24,12.13,12.24,124190.0
2010-08-18,12.21,12.33,12.19,12.31,126160.0
2010-08-19,12.5,12.54,12.35,12.37,139780.0
2010-08-20,12.42,12.57,12.41,12.54,159730.0
2010-08-23,12.6,12.62,12.54,12.55,120210.0
2010-08-24,12.5,12.52,12.35,12.4,251530.0
2010-08-25,12.4,12.4,12.25,12.31,263200.0
2010-08-26,12.32,12.38,12.29,12.31,159460.0
2010-08-27,12.34,12.34,12.09,12.21,339430.0
2010-08-30,12.24,12.24,12.08,12.2,74150.0
2010-08-31,12.07,12.15,12.02,12.15,104110.0
2010-09-01,12.16,12.4,12.13,12.38,231220.0
2010-09-02,12.29,12.35,12.22,12.3,158390.0
2010-09-03,12.29,12.39,12.24,12.32,126960.0
2010-09-06,12.43,12.54,12.4,12.5,116940.0
2010-09-07,12.58,12.62,12.53,12.57,217990.0
2010-09-08,12.63,12.73,12.61,12.73,239100.0
2010-09-09,12.74,12.84,12.73,12.84,192900.0
2010-09-10,12.83,12.94,12.81,12.87,166110.0
2010-09-13,12.94,13.04,12.87,13.01,577590.0
2010-09-14,13.01,13.05,12.93,12.94,526220.0
2010-09-15,13.03,13.07,12.98,13.02,384890.0
2010-09-16,13.03,13.11,12.91,12.96,829120.0
2010-09-17,13.04,13.18,13.02,13.14,433490.0
2010-09-20,13.26,13.45,13.23,13.44,528120.0
2010-09-21,13.4,13.43,13.32,13.41,631060.0
2010-09-22,13.21,13.21,13.09,13.14,329050.0
2010-09-23,13.09,13.16,13.03,13.16,251060.0
2010-09-24,13.18,13.29,13.16,13.27,233630.0
2010-09-27,13.3,13.36,13.22,13.22,352620.0
2010-09-28,13.21,13.26,13.14,13.16,140210.0
2010-09-29,13.15,13.15,13.03,13.04,268180.0
2010-09-30,13.09,13.2,13.02,13.2,355590.0
2010-10-01,13.36,13.5,13.36,13.46,571180.0
2010-10-04,13.59,13.59,13.5,13.51,136420.0
2010-10-05,13.47,13.52,13.38,13.52,180230.0
2010-10-06,13.54,13.54,13.45,13.46,262460.0
2010-10-07,13.48,13.48,13.27,13.35,400650.0
2010-10-08,13.22,13.35,13.18,13.34,949390.0
2010-10-11,13.32,13.38,13.26,13.38,288920.0
2010-10-12,13.22,13.29,13.19,13.28,71930.0
2010-10-13,13.38,13.56,13.37,13.53,279090.0
2010-10-14,13.48,13.49,13.3,13.37,260720.00000000003
2010-10-15,13.29,13.29,13.09,13.19,421240.0
2010-10-18,13.18,13.36,13.13,13.28,152230.0
2010-10-19,13.24,13.32,13.06,13.14,662270.0
2010-10-20,13.19,13.27,13.03,13.07,519590.00000000006
2010-10-21,13.1,13.23,13.07,13.23,409000.0
2010-10-22,13.21,13.21,13.06,13.12,594310.0
2010-10-25,13.18,13.19,13.11,13.15,382290.0
2010-10-26,13.18,13.21,13.12,13.2,217550.0
2010-10-27,13.2,13.2,13.03,13.05,535720.0
2010-10-28,13.08,13.18,12.95,12.97,619950.0
2010-10-29,13.0,13.11,12.88,13.02,232250.0
2010-11-01,13.15,13.31,13.14,13.24,239520.0
2010-11-02,13.25,13.25,13.12,13.19,223360.0
2010-11-03,13.21,13.26,13.2,13.21,63170.0
2010-11-04,13.35,13.49,13.28,13.49,488840.0
2010-11-05,13.5,13.67,13.49,13.64,301120.0
2010-11-08,13.62,13.62,13.52,13.61,245720.0
2010-11-09,13.62,13.72,13.61,13.7,298380.0
2010-11-10,13.77,13.79,13.71,13.73,3480000.0
2010-11-11,13.7,13.73,13.55,13.6,114560.0
2010-11-12,13.4,13.4,13.21,13.24,512190.00000000006
2010-11-15,13.21,13.34,13.13,13.34,252310.0
2010-11-16,13.04,13.04,12.83,12.84,626570.0
2010-11-17,12.88,12.97,12.86,12.93,471750.0
2010-11-18,12.87,13.09,12.86,13.07,312870.0
2010-11-19,12.89,12.89,12.57,12.67,736380.0
2010-11-22,12.76,12.85,12.75,12.81,184660.0
2010-11-23,12.64,12.79,12.55,12.78,508670.0
2010-11-24,12.88,12.96,12.69,12.72,551160.0
2010-11-25,12.74,12.84,12.63,12.68,577870.0
2010-11-26,12.6,12.64,12.47,12.55,428530.0
2010-11-29,12.58,12.75,12.58,12.67,337180.0
2010-11-30,12.88,12.96,12.86,12.9,403550.0
2010-12-01,13.13,13.32,13.12,13.27,404820.0
2010-12-02,13.36,13.38,13.27,13.32,747660.0
2010-12-03,13.25,13.3,13.11,13.17,718580.0
2010-12-06,13.32,13.37,13.21,13.29,306040.0
2010-12-07,13.21,13.3,13.2,13.28,515580.00000000006
2010-12-08,13.11,13.13,13.02,13.09,388440.0
2010-12-09,12.96,12.96,12.69,12.79,809980.0
2010-12-10,12.86,12.98,12.84,12.92,183920.0
2010-12-13,12.86,13.12,12.86,12.96,474340.0
2010-12-14,12.99,13.1,12.96,13.07,262310.0
2010-12-15,12.98,12.98,12.86,12.95,292550.0
2010-12-16,12.97,13.18,12.97,13.18,151470.0
2010-12-17,13.08,13.23,13.04,13.21,103240.0
2010-12-20,13.25,13.3,13.18,13.18,206170.0
2010-12-21,13.38,13.44,13.33,13.44,253950.0
2010-12-22,13.48,13.48,13.35,13.47,201160.0
2010-12-23,13.41,13.48,13.38,13.4,883170.0
2010-12-27,13.48,13.48,13.26,13.39,130540.0
2010-12-28,13.32,13.4,13.24,13.4,176950.0
2010-12-29,13.49,13.63,13.49,13.62,121870.0
2010-12-30,13.54,13.6,13.49,13.49,172770.0
2011-01-03,13.74,13.78,13.64,13.64,222060.0
2011-01-04,13.66,13.66,13.45,13.54,216560.0
2011-01-05,13.55,13.57,13.34,13.57,228240.0
2011-01-06,13.51,13.55,13.44,13.55,118210.0
2011-01-07,13.38,13.44,13.15,13.26,913410.0
2011-01-10,13.16,13.16,12.91,12.96,422800.0
2011-01-11,13.12,13.15,12.83,13.03,365540.0
2011-01-12,13.12,13.26,13.1,13.18,285870.0
2011-01-13,12.91,12.94,12.64,12.65,701190.0
2011-01-14,12.74,12.74,12.29,12.34,710720.0
2011-01-17,12.39,12.42,12.31,12.36,465880.0
2011-01-18,12.4,12.49,12.36,12.45,273370.0
2011-01-19,12.48,12.48,12.2,12.23,467710.0
2011-01-20,12.18,12.4,12.18,12.26,677240.0
2011-01-21,12.27,12.28,12.19,12.21,468320.0
2011-01-24,12.23,12.31,12.21,12.21,23680000.0
2011-01-25,12.25,12.25,12.04,12.06,642070.0
2011-01-26,12.1,12.13,12.03,12.09,376900.0
2011-01-27,11.97,12.0,11.81,11.81,2190000.0
2011-01-28,11.59,11.66,11.48,11.58,626280.0
2011-01-31,11.52,11.59,11.44,11.51,465730.0
2011-02-01,11.39,11.43,11.3,11.35,619990.0
2011-02-02,11.39,11.49,11.32,11.35,498520.0
2011-02-03,11.51,11.7,11.51,11.66,368370.0
2011-02-04,11.56,11.62,11.37,11.41,454180.0
2011-02-07,11.52,11.6,11.47,11.55,259420.00000000003
2011-02-08,11.41,11.44,11.23,11.24,1380000.0
2011-02-09,11.21,11.32,11.05,11.05,722770.0
2011-02-10,11.06,11.13,10.99,11.09,1300000.0
2011-02-11,11.12,11.37,11.1,11.36,1030000.0
2011-02-14,11.58,11.73,11.57,11.72,610660.0
2011-02-15,11.72,11.79,11.7,11.74,567660.0
2011-02-16,11.72,11.84,11.67,11.77,592160.0
2011-02-17,11.84,11.9,11.8,11.88,455270.0
2011-02-18,11.85,11.88,11.67,11.67,913080.0
2011-02-21,11.6,11.9,11.52,11.83,715750.0
2011-02-22,11.76,11.78,11.57,11.57,810000.0
2011-02-23,11.59,11.67,11.45,11.45,330770.0
2011-02-24,11.23,11.23,11.02,11.06,500650.0
2011-02-25,11.09,11.27,10.97,11.25,754240.0
2011-02-28,11.4,11.54,11.11,11.25,1220000.0
2011-03-01,11.51,11.67,11.51,11.58,2070000.0
2011-03-02,11.5,11.53,11.44,11.49,372310.0
2011-03-03,11.63,11.67,11.51,11.62,334570.0
2011-03-04,11.59,11.64,11.46,11.46,172150.0
2011-03-07,11.34,11.43,11.28,11.3,137690.0
2011-03-08,11.48,11.61,11.48,11.6,304510.0
2011-03-09,11.62,11.7,11.59,11.6,298930.0
2011-03-10,11.56,11.59,11.46,11.48,294580.0
2011-03-11,11.4,11.51,11.38,11.47,146880.0
2011-03-14,11.44,11.59,11.44,11.48,631020.0
2011-03-15,11.25,11.46,11.2,11.38,647820.0
2011-03-16,11.5,11.54,11.35,11.44,179440.0
2011-03-17,11.39,11.41,11.27,11.31,338170.0
2011-03-18,11.19,11.21,11.05,11.17,483620.0
2011-03-21,11.08,11.16,11.05,11.12,145890.0
2011-03-22,11.15,11.19,11.1,11.17,784620.0
2011-03-23,11.27,11.38,11.27,11.36,93680.0
2011-03-24,11.47,11.55,11.47,11.55,315790.0
2011-03-25,11.66,11.85,11.66,11.85,465710.0
2011-03-28,11.88,11.9,11.8,11.8,215240.0
2011-03-29,11.91,12.0,11.9,11.97,834090.0
2011-03-30,12.1,12.15,12.01,12.12,265000.0
2011-03-31,12.15,12.18,12.01,12.14,300360.0
2011-04-01,12.19,12.34,12.15,12.32,287140.0
2011-04-04,12.37,12.42,12.29,12.39,449390.0
2011-04-05,12.3,12.41,12.24,12.38,323950.0
2011-04-06,12.38,12.38,12.29,12.3,168520.0
2011-04-07,12.3,12.41,12.27,12.29,278470.0
2011-04-08,12.22,12.24,12.09,12.09,316670.0
2011-04-11,11.97,11.97,11.88,11.91,238640.0
2011-04-12,11.91,11.91,11.67,11.73,422090.0
2011-04-13,11.92,12.12,11.92,12.05,355270.0
2011-04-14,11.95,12.05,11.95,11.98,110480.0
2011-04-15,11.86,11.96,11.86,11.92,197130.0
2011-04-18,11.83,11.88,11.69,11.76,256490.0
2011-04-19,11.82,11.88,11.78,11.78,204070.0
2011-04-20,11.88,11.98,11.8,11.96,161710.0
2011-04-21,11.94,11.95,11.88,11.95,116250.0
2011-04-26,11.72,11.82,11.72,11.82,70790.0
2011-04-27,11.72,11.74,11.64,11.67,72600.0
2011-04-28,11.54,11.54,11.46,11.47,261510.0
2011-04-29,11.48,11.48,11.34,11.45,200410.0
2011-05-02,11.39,11.4,11.29,11.29,136510.0
2011-05-03,11.21,11.23,10.95,10.96,522190.00000000006
2011-05-04,10.97,11.01,10.78,10.83,375610.0
2011-05-05,10.93,10.93,10.68,10.82,361870.0
2011-05-06,11.05,11.27,11.01,11.26,283800.0
2011-05-09,11.26,11.38,11.23,11.36,163700.0
2011-05-10,11.37,11.39,11.27,11.32,77970.0
2011-05-11,11.31,11.38,11.29,11.34,150970.0
2011-05-12,11.38,11.38,11.21,11.24,160960.0
2011-05-13,11.43,11.46,11.34,11.34,143010.0
2011-05-16,11.35,11.38,11.24,11.26,52690.0
2011-05-17,11.22,11.24,11.12,11.13,165280.0
2011-05-18,11.07,11.15,11.04,11.1,248600.0
2011-05-19,11.12,11.16,11.09,11.12,241470.0
2011-05-20,11.11,11.22,11.11,11.16,120700.0
2011-05-23,11.13,11.13,11.05,11.08,134700.0
2011-05-24,11.1,11.15,11.04,11.04,387400.0
2011-05-25,11.03,11.03,10.96,11.01,139780.0
2011-05-26,11.03,11.08,10.96,11.07,261800.0
2011-05-27,11.11,11.19,11.11,11.19,52990.0
2011-05-30,11.14,11.18,11.12,11.14,153500.0
2011-05-31,11.23,11.28,11.2,11.26,229190.0
2011-06-01,11.29,11.37,11.23,11.29,200880.0
2011-06-02,11.28,11.31,11.19,11.19,297970.0
2011-06-03,11.21,11.22,11.04,11.04,223970.0
2011-06-06,10.96,11.1,10.96,11.05,72370.0
2011-06-07,11.1,11.13,11.08,11.08,298870.0
2011-06-08,11.09,11.12,11.03,11.11,382090.0
2011-06-09,11.02,11.21,11.02,11.2,307430.0
2011-06-10,11.14,11.14,11.05,11.11,210020.0
2011-06-13,11.2,11.21,11.16,11.17,88650.0
2011-06-14,11.19,11.21,11.15,11.2,99490.0
2011-06-15,11.2,11.2,11.1,11.1,274610.0
2011-06-16,11.21,11.24,11.12,11.14,72770.0
2011-06-17,11.06,11.07,10.96,10.98,113300.0
2011-06-20,10.83,10.83,10.7,10.73,178050.0
2011-06-21,10.76,10.8,10.71,10.8,186080.0
2011-06-22,10.76,10.76,10.69,10.73,172240.0
2011-06-23,10.8,10.89,10.78,10.81,160980.0
2011-06-24,11.02,11.19,11.02,11.13,391260.0
2011-06-27,11.28,11.37,11.24,11.27,233430.0
2011-06-28,11.21,11.32,11.21,11.29,256530.0
2011-06-29,11.32,11.39,11.29,11.35,205200.0
2011-06-30,11.36,11.47,11.31,11.45,226700.0
2011-07-01,11.39,11.52,11.32,11.5,402420.0
2011-07-04,11.51,11.55,11.46,11.55,165880.0
2011-07-05,11.48,11.55,11.45,11.54,395260.0
2011-07-06,11.51,11.62,11.51,11.56,141380.0
2011-07-07,11.71,11.9,11.71,11.81,247970.0
2011-07-08,11.76,11.8,11.57,11.68,526520.0
2011-07-11,11.72,11.73,11.6,11.64,213620.0
2011-07-12,11.63,11.66,11.52,11.58,287780.0
2011-07-13,11.65,11.65,11.51,11.54,123890.0
2011-07-14,11.52,11.63,11.51,11.57,178440.0
2011-07-15,11.57,11.6,11.52,11.53,189860.0
2011-07-18,11.64,11.67,11.51,11.53,125510.0
2011-07-19,11.55,11.66,11.55,11.65,74530.0
2011-07-20,11.6,11.6,11.48,11.52,574230.0
2011-07-21,11.45,11.51,11.41,11.45,191960.0
2011-07-22,11.47,11.52,11.45,11.51,58580.0
2011-07-25,11.49,11.62,11.49,11.6,130330.0
2011-07-26,11.38,11.41,11.34,11.36,258600.00000000003
2011-07-27,11.35,11.38,11.3,11.35,118450.0
2011-07-28,11.34,11.4,11.32,11.37,36320.0
2011-07-29,11.32,11.35,11.16,11.26,318550.0
2011-08-01,11.28,11.32,11.22,11.29,187080.0
2011-08-02,11.28,11.3,11.23,11.23,755850.0
2011-08-03,11.11,11.13,10.91,10.98,1250000.0
2011-08-04,11.07,11.08,10.8,10.8,674650.0
2011-08-05,10.5,10.78,10.35,10.53,548550.0
2011-08-08,10.22,10.41,10.18,10.21,575290.0
2011-08-09,10.2,10.35,10.02,10.3,1560000.0
2011-08-10,10.29,10.3,10.1,10.13,765110.0
2011-08-11,10.33,10.41,10.19,10.37,318530.0
2011-08-12,10.24,10.3,10.15,10.28,632480.0
2011-08-15,10.27,10.36,10.22,10.25,73440.0
2011-08-16,10.15,10.16,9.94,9.94,2160000.0
2011-08-17,10.01,10.05,9.98,10.05,218920.0
2011-08-18,9.84,9.84,9.52,9.62,193340.0
2011-08-19,9.51,9.61,9.46,9.46,224640.0
2011-08-22,9.52,9.71,9.52,9.62,136330.0
2011-08-23,9.69,9.76,9.63,9.69,110890.0
2011-08-24,9.69,9.69,9.5,9.61,206650.0
2011-08-25,9.5,9.56,9.47,9.48,316150.0
2011-08-26,9.46,9.47,9.16,9.29,135250.0
2011-08-29,9.49,9.65,9.48,9.64,72530.0
2011-08-30,9.7,9.82,9.66,9.8,240860.0
2011-08-31,9.97,10.01,9.9,9.94,299760.0
2011-09-01,10.1,10.11,10.0,10.08,93570.0
2011-09-02,10.02,10.09,9.95,10.03,174950.0
2011-09-05,9.98,10.07,9.95,9.95,361970.0
2011-09-06,10.04,10.15,9.96,10.12,263190.0
2011-09-07,10.3,10.38,10.27,10.38,135920.0
2011-09-08,10.32,10.38,10.22,10.38,379110.0
2011-09-09,10.37,10.38,10.2,10.21,237760.0
2011-09-12,9.93,10.07,9.88,9.99,505480.0
2011-09-13,10.13,10.14,9.89,9.91,450850.0
2011-09-14,9.94,10.1,9.94,9.98,1020000.0
2011-09-15,9.97,10.14,9.96,10.05,191010.0
2011-09-16,10.19,10.23,10.13,10.18,341010.0
2011-09-19,10.09,10.1,10.01,10.06,577630.0
2011-09-20,10.08,10.26,10.08,10.26,246310.0
2011-09-21,10.2,10.22,10.05,10.07,109790.0
2011-09-22,9.89,9.89,9.49,9.51,98700.0
2011-09-23,9.57,9.67,9.4,9.51,298630.0
2011-09-26,9.43,9.54,9.39,9.54,404530.0
2011-09-27,9.63,9.93,9.63,9.91,265910.0
2011-09-28,9.7,9.75,9.68,9.72,925550.0
2011-09-29,9.77,9.9,9.73,9.78,73950.0
2011-09-30,9.78,9.81,9.68,9.7,350040.0
2011-10-03,9.54,9.72,9.54,9.68,223740.0
2011-10-04,9.65,9.7,9.35,9.38,766660.0
2011-10-05,9.6,9.6,9.41,9.46,473040.0
2011-10-06,9.61,9.7,9.55,9.62,254680.0
2011-10-07,9.67,9.72,9.6,9.68,190790.0
2011-10-10,9.73,9.83,9.7,9.79,415780.0
2011-10-11,9.78,9.78,9.65,9.72,155070.0
2011-10-12,9.79,9.99,9.79,9.99,358960.0
2011-10-13,9.9,9.93,9.77,9.79,85640.0
2011-10-14,9.84,9.94,9.84,9.88,44870.0
2011-10-17,9.84,9.94,9.83,9.84,109700.0
2011-10-18,9.73,9.79,9.71,9.74,76380.0
2011-10-19,9.8,9.89,9.8,9.87,178200.0
2011-10-20,9.7,9.73,9.64,9.64,160420.0
2011-10-21,9.61,9.68,9.52,9.65,120760.0
2011-10-24,9.7,9.76,9.63,9.74,36580.0
2011-10-25,9.64,9.94,9.64,9.83,215950.0
2011-10-26,9.94,9.99,9.85,9.89,203900.0
2011-10-27,10.05,10.15,9.99,10.13,184380.0
2011-10-28,10.13,10.31,10.1,10.31,134520.0
2011-10-31,10.27,10.27,10.16,10.26,30850.0
2011-11-01,10.12,10.22,10.05,10.05,156690.0
2011-11-02,10.28,10.28,10.13,10.27,496980.0
2011-11-03,10.13,10.36,10.09,10.34,86930.0
2011-11-04,10.24,10.24,10.12,10.12,259720.00000000003
2011-11-07,10.19,10.26,10.18,10.2,192630.0
2011-11-08,10.18,10.21,10.12,10.12,63340.0
2011-11-09,10.02,10.09,9.94,10.02,177220.0
2011-11-10,9.81,9.93,9.81,9.84,182480.0
2011-11-11,9.92,9.97,9.86,9.95,44930.0
2011-11-14,9.93,9.93,9.73,9.81,272580.0
2011-11-15,9.78,9.78,9.55,9.62,105340.0
2011-11-16,9.52,9.65,9.51,9.61,111520.0
2011-11-17,9.52,9.54,9.32,9.38,313240.0
2011-11-18,9.21,9.26,9.13,9.2,102430.0
2011-11-21,9.05,9.05,8.7,8.78,939680.0
2011-11-22,8.87,8.95,8.76,8.76,410730.0
2011-11-23,8.72,8.77,8.68,8.71,210810.0
2011-11-24,8.72,8.9,8.71,8.84,282660.0
2011-11-25,8.89,8.89,8.76,8.86,139300.0
2011-11-28,9.01,9.16,9.01,9.11,461850.0
2011-11-29,9.05,9.05,8.93,9.03,268050.0
2011-11-30,9.0,9.22,8.93,9.2,1580000.0
2011-12-01,9.24,9.28,9.18,9.21,187570.0
2011-12-02,9.43,9.59,9.4,9.59,789740.0
2011-12-05,9.46,9.53,9.4,9.51,692110.0
2011-12-06,9.46,9.49,9.43,9.46,248690.0
2011-12-07,9.5,9.57,9.35,9.43,500460.0
2011-12-08,9.24,9.3,9.12,9.13,640040.0
2011-12-09,9.04,9.17,9.03,9.11,128930.0
2011-12-12,8.93,8.95,8.71,8.71,261740.0
2011-12-13,8.81,8.93,8.74,8.93,142940.0
2011-12-14,8.86,8.88,8.68,8.68,190620.0
2011-12-15,8.7,8.91,8.7,8.88,207180.0
2011-12-16,9.02,9.04,8.71,8.8,412640.0
2011-12-19,8.58,8.71,8.56,8.62,402660.0
2011-12-20,8.54,8.67,8.49,8.66,791880.0
2011-12-21,8.72,8.87,8.64,8.72,279090.0
2011-12-22,8.76,8.94,8.74,8.93,191390.0
2011-12-23,8.89,8.9,8.81,8.88,34240.0
2011-12-27,8.75,8.89,8.75,8.89,97420.0
2011-12-28,8.79,8.85,8.71,8.79,97290.0
2011-12-29,8.78,8.87,8.69,8.79,489900.0
2011-12-30,8.69,8.75,8.62,8.75,440070.0
2012-01-02,8.6,8.82,8.6,8.82,40520.0
2012-01-03,8.84,9.02,8.84,8.99,84850.0
2012-01-04,8.94,9.01,8.88,8.95,426590.0
2012-01-05,9.12,9.12,9.03,9.07,165170.0
2012-01-06,9.14,9.2,9.05,9.13,292130.0
2012-01-09,9.16,9.24,9.14,9.22,153030.0
2012-01-10,9.33,9.59,9.33,9.56,92840.0
2012-01-11,9.6,9.6,9.51,9.56,69040.0
2012-01-12,9.54,9.62,9.46,9.54,318530.0
2012-01-13,9.56,9.62,9.52,9.61,110220.0
2012-01-16,9.64,9.74,9.6,9.7,401570.0
2012-01-17,9.95,9.96,9.87,9.9,409420.0
2012-01-18,9.97,9.97,9.85,9.93,900920.0
2012-01-19,9.99,10.1,9.99,10.07,116970.0
2012-01-20,10.03,10.11,9.98,10.09,982560.0
2012-01-23,10.09,10.1,10.04,10.07,363870.0
2012-01-24,10.2,10.2,10.12,10.2,92420.0
2012-01-25,10.2,10.3,10.2,10.28,163400.0
2012-01-26,10.28,10.41,10.26,10.35,624100.0
2012-01-27,10.4,10.46,10.35,10.36,167280.0
2012-01-30,10.23,10.25,10.09,10.15,2980000.0
2012-01-31,10.28,10.41,10.28,10.36,425820.0
2012-02-01,10.47,10.59,10.44,10.56,360290.0
2012-02-02,10.65,10.72,10.6,10.72,277010.0
2012-02-03,10.7,11.03,10.68,11.03,1340000.0
2012-02-06,10.97,10.99,10.84,10.94,479000.0
2012-02-07,10.93,10.93,10.66,10.66,650080.0
2012-02-08,10.74,10.79,10.64,10.73,316530.0
2012-02-09,10.7,10.82,10.64,10.79,173020.0
2012-02-10,10.56,10.71,10.55,10.66,871110.0
2012-02-13,10.76,10.81,10.72,10.79,1560000.0
2012-02-14,10.88,10.89,10.81,10.84,104580.0
2012-02-15,11.06,11.18,11.03,11.15,341080.0
2012-02-16,11.12,11.17,11.08,11.17,117980.0
2012-02-17,11.24,11.29,11.17,11.21,100520.0
2012-02-20,11.2,11.23,11.13,11.18,113520.0
2012-02-21,11.15,11.25,11.14,11.23,592690.0
2012-02-22,11.21,11.21,10.96,10.96,183340.0
2012-02-23,10.88,10.98,10.86,10.88,56700.0
2012-02-24,10.75,10.76,10.67,10.7,354900.0
2012-02-27,10.51,10.51,10.31,10.47,1290000.0
2012-02-28,10.55,10.65,10.55,10.64,250760.0
2012-02-29,10.66,10.7,10.55,10.62,470520.0
2012-03-01,10.62,10.69,10.52,10.68,138580.0
2012-03-02,10.63,10.71,10.56,10.68,232190.0
2012-03-05,10.48,10.51,10.4,10.4,122020.0
2012-03-06,10.44,10.44,10.11,10.13,963860.0
2012-03-07,10.18,10.27,10.12,10.21,64950.0
2012-03-08,10.38,10.44,10.27,10.34,566630.0
2012-03-09,10.46,10.76,10.41,10.69,439850.0
2012-03-12,10.64,10.64,10.53,10.54,716150.0
2012-03-13,10.77,10.85,10.75,10.82,307790.0
2012-03-14,10.87,10.9,10.84,10.86,184930.0
2012-03-15,10.7,10.7,10.58,10.68,316710.0
2012-03-16,10.71,10.71,10.45,10.52,240540.0
2012-03-19,10.38,10.38,10.28,10.38,316940.0
2012-03-20,10.2,10.3,10.14,10.14,541020.0
2012-03-21,10.3,10.4,10.3,10.39,70570.0
2012-03-22,10.25,10.25,10.0,10.03,197730.0
2012-03-23,10.1,10.15,10.01,10.04,177220.0
2012-03-26,9.97,9.98,9.88,9.96,332100.0
2012-03-27,10.01,10.1,9.95,10.06,161290.0
2012-03-28,10.0,10.0,9.91,9.95,293280.0
2012-03-29,9.84,9.9,9.78,9.81,75230.0
2012-03-30,9.99,10.17,9.99,10.1,297180.0
2012-04-02,10.15,10.3,10.15,10.3,450620.0
2012-04-03,10.31,10.37,10.29,10.29,246350.0
2012-04-04,10.27,10.34,10.21,10.25,73400.0
2012-04-05,10.27,10.38,10.27,10.34,107720.0
2012-04-10,10.19,10.19,10.03,10.03,272000.0
2012-04-11,10.02,10.16,10.02,10.05,55870.0
2012-04-12,10.14,10.26,10.11,10.22,686750.0
2012-04-13,10.12,10.13,9.93,9.95,216980.0
2012-04-16,10.05,10.07,9.96,9.97,218910.0
2012-04-17,9.97,10.21,9.97,10.2,108630.0
2012-04-18,10.2,10.2,10.07,10.11,423230.0
2012-04-19,10.09,10.12,10.04,10.1,278330.0
2012-04-20,10.07,10.07,9.89,10.02,377910.0
2012-04-23,9.86,9.86,9.62,9.63,676110.0
2012-04-24,9.68,9.75,9.68,9.74,664480.0
2012-04-25,9.61,9.68,9.55,9.69,45040.0
2012-04-26,9.62,9.65,9.57,9.62,110080.0
2012-04-27,9.59,9.65,9.56,9.65,394840.0
2012-04-30,9.69,9.71,9.65,9.67,59010.0
2012-05-02,9.65,9.73,9.61,9.62,794280.0
2012-05-03,9.6,9.6,9.47,9.48,154080.0
2012-05-04,9.38,9.38,9.23,9.27,1650000.0
2012-05-07,9.31,9.62,9.31,9.55,383360.0
2012-05-08,9.49,9.5,9.19,9.21,216320.0
2012-05-09,9.27,9.28,9.12,9.19,466170.0
2012-05-10,9.38,9.38,9.22,9.27,983670.0
2012-05-11,9.13,9.25,9.13,9.24,208180.0
2012-05-14,9.14,9.14,9.04,9.12,2370000.0
2012-05-15,9.2,9.25,9.15,9.18,211660.0
2012-05-16,9.09,9.1,9.02,9.08,207770.0
2012-05-17,9.08,9.08,8.96,8.96,879510.0
2012-05-18,8.97,9.14,8.95,9.01,259740.0
2012-05-21,9.07,9.1,8.93,8.99,165240.0
2012-05-22,9.03,9.04,8.82,8.96,311590.0
2012-05-23,8.78,8.79,8.72,8.78,897510.0
2012-05-24,8.94,9.09,8.87,9.04,253600.0
2012-05-25,9.07,9.13,9.06,9.09,283690.0
2012-05-28,9.16,9.26,9.16,9.21,60060.0
2012-05-29,9.26,9.27,9.2,9.22,262120.0
2012-05-30,9.11,9.18,9.02,9.02,189580.0
2012-05-31,9.02,9.18,9.02,9.12,144710.0
2012-06-01,9.12,9.14,8.96,9.04,269810.0
2012-06-04,8.98,9.1,8.94,9.01,348400.0
2012-06-05,9.09,9.09,9.0,9.04,99320.0
2012-06-06,9.23,9.39,9.17,9.35,488100.0
2012-06-07,9.36,9.52,9.33,9.47,599200.0
2012-06-08,9.37,9.46,9.29,9.43,323420.0
2012-06-11,9.43,9.46,9.24,9.25,309920.0
2012-06-12,9.31,9.49,9.31,9.48,801410.0
2012-06-13,9.46,9.49,9.41,9.42,241990.0
2012-06-14,9.38,9.38,9.26,9.29,176780.0
2012-06-15,9.33,9.45,9.33,9.45,159450.0
2012-06-18,9.28,9.31,9.18,9.31,428660.0
2012-06-19,9.27,9.38,9.23,9.35,130580.0
2012-06-20,9.26,9.3,9.23,9.29,266730.0
2012-06-21,9.18,9.34,9.16,9.28,348470.0
2012-06-22,9.15,9.25,9.13,9.25,148790.0
2012-06-25,9.38,9.42,9.14,9.14,266510.0
2012-06-26,9.23,9.31,9.23,9.26,148120.0
2012-06-27,9.28,9.37,9.25,9.37,708530.0
2012-06-28,9.3,9.37,9.29,9.3,119580.0
2012-06-29,9.52,9.71,9.52,9.68,443470.0
2012-07-02,9.59,9.78,9.59,9.78,372070.0
2012-07-03,9.86,10.04,9.85,10.02,247710.0
2012-07-04,9.94,10.06,9.89,10.06,79710.0
2012-07-05,9.96,10.09,9.94,10.09,191620.0
2012-07-06,9.98,10.02,9.95,9.96,199480.0
2012-07-09,9.88,9.94,9.85,9.91,85480.0
2012-07-10,9.96,10.15,9.96,10.1,340530.0
2012-07-11,10.09,10.11,10.04,10.07,150270.0
2012-07-12,9.89,9.91,9.85,9.88,164480.0
2012-07-13,9.96,10.03,9.96,9.96,350180.0
2012-07-16,10.04,10.04,9.89,9.92,117100.0
2012-07-17,9.87,9.89,9.84,9.87,174920.0
2012-07-18,9.83,9.94,9.82,9.93,117080.0
2012-07-19,9.91,10.02,9.89,10.01,166690.0
2012-07-20,9.9,9.95,9.89,9.91,201210.0
2012-07-23,9.82,9.83,9.64,9.69,529850.0
2012-07-24,9.73,9.77,9.68,9.69,118730.0
2012-07-25,9.64,9.7,9.62,9.69,434660.0
2012-07-26,9.64,9.66,9.54,9.62,205680.0
2012-07-27,9.71,9.71,9.6,9.65,158300.0
2012-07-30,9.72,9.9,9.72,9.88,320440.0
2012-07-31,9.73,9.87,9.71,9.82,95360.0
2012-08-01,9.86,9.88,9.81,9.85,46640.0
2012-08-02,9.8,9.85,9.76,9.78,199180.0
2012-08-03,9.76,9.91,9.76,9.88,72910.0
2012-08-06,9.86,9.94,9.86,9.93,133330.0
2012-08-07,9.99,10.13,9.98,10.13,57670.0
2012-08-08,10.09,10.15,10.05,10.12,166620.0
2012-08-09,10.11,10.16,10.04,10.13,138990.0
2012-08-10,10.09,10.14,10.07,10.1,631130.0
2012-08-13,10.09,10.14,10.04,10.06,35970.0
2012-08-14,10.11,10.11,10.06,10.11,84500.0
2012-08-15,10.06,10.09,10.03,10.09,149580.0
2012-08-16,10.14,10.14,10.05,10.08,603620.0
2012-08-17,10.12,10.12,10.04,10.12,185090.0
2012-08-20,10.04,10.13,10.04,10.12,89200.0
2012-08-21,10.13,10.2,10.11,10.16,105880.0
2012-08-22,10.12,10.16,10.1,10.1,1450000.0
2012-08-23,10.14,10.15,10.02,10.05,99110.0
2012-08-24,10.03,10.06,10.01,10.03,430980.0
2012-08-27,9.97,9.98,9.91,9.94,47860.0
2012-08-28,9.94,9.94,9.81,9.86,89070.0
2012-08-29,9.8,9.82,9.77,9.78,136670.0
2012-08-30,9.75,9.86,9.75,9.8,215080.0
2012-08-31,9.84,9.84,9.7,9.77,814050.0
2012-09-03,9.72,9.78,9.69,9.71,756890.0
2012-09-04,9.69,9.76,9.68,9.73,158040.0
2012-09-05,9.65,9.68,9.6,9.61,123970.0
2012-09-06,9.63,9.79,9.63,9.79,323550.0
2012-09-07,9.83,9.86,9.81,9.86,457430.0
2012-09-10,9.84,9.84,9.79,9.83,57580.0
2012-09-11,9.8,9.87,9.8,9.87,83280.0
2012-09-12,9.86,9.9,9.82,9.89,463330.0
2012-09-13,9.79,9.94,9.79,9.94,105110.0
2012-09-14,10.04,10.3,10.04,10.29,295090.0
2012-09-17,10.16,10.28,10.14,10.24,284830.0
2012-09-18,10.21,10.32,10.21,10.27,231180.0
2012-09-19,10.11,10.21,10.1,10.18,201300.0
2012-09-20,10.22,10.29,10.18,10.25,160410.0
2012-09-21,10.57,10.62,10.54,10.58,370430.0
2012-09-24,10.65,10.7,10.62,10.63,246030.0
2012-09-25,10.65,10.71,10.65,10.66,230280.0
2012-09-26,10.68,10.68,10.54,10.57,144070.0
2012-09-27,10.69,10.76,10.69,10.76,136890.0
2012-09-28,10.89,10.9,10.78,10.88,140320.0
2012-10-01,10.89,11.1,10.89,11.07,391880.0
2012-10-02,11.09,11.1,11.01,11.01,119240.0
2012-10-03,11.05,11.13,11.02,11.11,479420.0
2012-10-04,11.23,11.3,11.2,11.2,433470.0
2012-10-05,11.13,11.17,11.06,11.13,344720.0
2012-10-08,11.0,11.0,10.84,10.9,104060.0
2012-10-09,10.91,10.94,10.87,10.88,199950.0
2012-10-10,10.84,10.84,10.73,10.78,2640000.0
2012-10-11,10.72,10.94,10.72,10.94,532720.0
2012-10-12,10.85,10.85,10.73,10.76,164330.0
2012-10-15,10.72,10.77,10.7,10.72,128610.0
2012-10-16,10.81,10.81,10.6,10.7,187690.0
2012-10-17,10.59,10.65,10.54,10.65,478910.0
2012-10-18,10.6,10.67,10.54,10.59,197550.0
2012-10-19,10.49,10.5,10.41,10.45,701950.0
2012-10-22,10.52,10.6,10.51,10.52,44490.0
2012-10-23,10.53,10.54,10.43,10.46,3370000.0
2012-10-24,10.49,10.54,10.46,10.47,180130.0
2012-10-25,10.51,10.61,10.51,10.59,98170.0
2012-10-26,10.48,10.54,10.43,10.52,304960.0
2012-10-29,10.45,10.52,10.43,10.46,46410.0
2012-10-30,10.34,10.34,10.28,10.31,139230.0
2012-10-31,10.31,10.37,10.31,10.33,106150.0
2012-11-01,10.43,10.59,10.43,10.59,139420.0
2012-11-02,10.62,10.72,10.62,10.7,90720.0
2012-11-05,10.57,10.63,10.53,10.61,151240.0
2012-11-06,10.57,10.68,10.57,10.65,333100.0
2012-11-07,10.72,10.75,10.6,10.61,135410.0
2012-11-08,10.7,10.77,10.67,10.71,70550.0
2012-11-09,10.61,10.64,10.53,10.59,93560.0
2012-11-12,10.54,10.62,10.54,10.55,138330.0
2012-11-13,10.59,10.6,10.51,10.54,371870.0
2012-11-14,10.56,10.59,10.47,10.47,231300.0
2012-11-15,10.4,10.48,10.39,10.39,122890.0
2012-11-16,10.45,10.47,10.25,10.27,541160.0
2012-11-19,10.28,10.36,10.28,10.36,126630.0
2012-11-20,10.25,10.29,10.21,10.26,147950.0
2012-11-21,10.26,10.34,10.26,10.29,40840.0
2012-11-22,10.26,10.32,10.26,10.3,150670.0
2012-11-23,10.21,10.25,10.15,10.23,50890.0
2012-11-26,10.15,10.24,10.12,10.23,267850.0
2012-11-27,10.32,10.43,10.29,10.42,278600.0
2012-11-28,10.36,10.38,10.31,10.33,199880.0
2012-11-29,10.52,10.75,10.52,10.75,238700.0
2012-11-30,10.79,10.85,10.76,10.76,457230.0
2012-12-03,10.72,10.78,10.68,10.68,313110.0
2012-12-04,10.66,10.79,10.66,10.77,261130.0
2012-12-05,10.79,10.84,10.76,10.81,55330.0
2012-12-06,10.77,11.01,10.77,11.01,285810.0
2012-12-07,10.97,11.01,10.89,10.94,199000.0
2012-12-10,11.01,11.04,10.93,11.04,344920.0
2012-12-11,10.93,11.0,10.89,11.0,41320.0
2012-12-12,10.93,10.94,10.87,10.9,191760.0
2012-12-13,10.85,10.85,10.7,10.72,236140.0
2012-12-14,10.74,10.8,10.7,10.71,498000.0
2012-12-17,10.63,10.64,10.48,10.61,219970.0
2012-12-18,10.64,10.65,10.6,10.61,137530.0
2012-12-19,10.68,10.72,10.64,10.71,61810.0
2012-12-20,10.68,10.71,10.58,10.71,137210.0
2012-12-21,10.55,10.57,10.44,10.5,299720.0
2012-12-27,10.51,10.58,10.49,10.53,91130.0
2012-12-28,10.54,10.66,10.54,10.63,67670.0
2013-01-02,10.72,10.98,10.72,10.98,235630.0
2013-01-03,10.94,11.05,10.93,11.04,112780.0
2013-01-04,10.96,10.99,10.91,10.96,84240.0
2013-01-07,10.95,10.95,10.8,10.81,45840.0
2013-01-08,10.77,10.89,10.77,10.81,119490.0
2013-01-09,10.88,10.93,10.81,10.9,110540.0
2013-01-10,10.88,10.89,10.77,10.8,156460.0
2013-01-11,10.75,10.75,10.62,10.63,150010.0
2013-01-14,10.79,10.85,10.74,10.8,712620.0
2013-01-15,10.76,10.86,10.76,10.81,49520.0
2013-01-16,10.79,10.84,10.71,10.8,499700.0
2013-01-17,10.84,10.95,10.84,10.94,444060.0
2013-01-18,10.96,11.05,10.91,11.05,132130.0
2013-01-21,11.05,11.14,11.02,11.14,72880.0
2013-01-22,11.04,11.05,10.95,11.04,354510.0
2013-01-23,10.98,11.06,10.93,11.03,156330.0
2013-01-24,10.94,10.96,10.88,10.93,101610.0
2013-01-25,10.88,10.93,10.82,10.89,483150.0
2013-01-28,10.88,10.94,10.81,10.84,81340.0
2013-01-29,10.89,10.92,10.84,10.9,653980.0
2013-01-30,10.89,10.92,10.86,10.89,124910.0
2013-01-31,10.87,10.89,10.8,10.8,319830.0
2013-02-01,10.78,10.81,10.71,10.76,1880000.0
2013-02-04,10.82,10.84,10.73,10.76,226260.0
2013-02-05,10.79,10.82,10.73,10.75,353250.0
2013-02-06,10.84,10.84,10.74,10.78,191360.0
2013-02-07,10.72,10.8,10.7,10.76,52850.0
2013-02-08,10.75,10.78,10.66,10.77,92040.0
2013-02-11,10.73,10.76,10.63,10.64,53900.0
2013-02-12,10.63,10.7,10.62,10.66,80000.0
2013-02-13,10.69,10.71,10.6,10.69,103750.0
2013-02-14,10.63,10.68,10.62,10.68,133990.0
2013-02-15,10.56,10.63,10.54,10.56,498890.0
2013-02-18,10.59,10.6,10.56,10.6,61110.0
2013-02-19,10.6,10.73,10.6,10.67,672310.0
2013-02-20,10.67,10.71,10.66,10.7,40520.0
2013-02-21,10.62,10.62,10.47,10.56,413690.0
2013-02-22,10.59,10.68,10.59,10.59,279290.0
2013-02-25,10.65,10.72,10.64,10.71,113660.0
2013-02-26,10.66,10.66,10.57,10.58,276120.0
2013-02-27,10.72,10.77,10.69,10.76,434460.0
2013-02-28,10.56,10.56,10.37,10.5,657110.0
2013-03-01,10.48,10.48,10.39,10.41,445870.0
2013-03-04,10.37,10.41,10.34,10.37,85090.0
2013-03-05,10.51,10.61,10.51,10.59,95070.0
2013-03-06,10.61,10.65,10.57,10.61,246680.0
2013-03-07,10.69,10.8,10.67,10.79,306140.0
2013-03-08,10.84,10.99,10.8,10.97,254490.0
2013-03-11,10.98,11.01,10.92,11.0,445830.0
2013-03-12,10.87,10.98,10.87,10.9,510370.0
2013-03-13,10.84,10.84,10.73,10.82,352830.0
2013-03-14,10.88,10.98,10.88,10.96,181190.0
2013-03-15,10.87,10.88,10.83,10.87,17820.0
2013-03-18,10.88,10.9,10.84,10.88,117760.0
2013-03-19,10.7,10.71,10.61,10.62,332370.0
2013-03-20,10.58,10.62,10.53,10.55,188010.0
2013-03-21,10.61,10.65,10.5,10.52,328820.0
2013-03-22,10.47,10.55,10.4,10.45,120930.0
2013-03-25,10.54,10.55,10.4,10.46,262190.0
2013-03-26,10.54,10.57,10.49,10.57,41840.0
2013-03-27,10.51,10.61,10.5,10.61,123150.0
2013-03-28,10.61,10.72,10.56,10.62,73140.0
2013-04-02,10.66,10.79,10.66,10.71,124650.0
2013-04-03,10.71,10.76,10.54,10.55,148270.0
2013-04-04,10.48,10.48,10.3,10.3,194520.0
2013-04-05,10.27,10.31,10.07,10.14,612700.0
2013-04-08,10.24,10.24,10.18,10.21,67710.0
2013-04-09,10.3,10.31,10.08,10.15,174310.0
2013-04-10,10.1,10.31,10.09,10.31,94980.0
2013-04-11,10.25,10.32,10.22,10.29,89970.0
2013-04-12,10.12,10.14,9.99,10.02,281320.0
2013-04-15,10.1,10.18,10.06,10.06,111210.0
2013-04-16,10.3,10.41,10.28,10.3,233950.0
2013-04-17,10.45,10.45,10.32,10.35,241680.0
2013-04-18,10.46,10.61,10.46,10.52,231410.0
2013-04-19,10.62,10.65,10.55,10.62,227450.0
2013-04-22,10.62,10.73,10.6,10.66,375270.0
2013-04-23,10.65,10.78,10.58,10.78,97750.0
2013-04-24,10.81,10.88,10.81,10.84,274940.0
2013-04-25,10.82,10.88,10.72,10.87,223740.0
2013-04-26,10.74,10.76,10.65,10.65,103360.0
2013-04-29,10.67,10.77,10.67,10.73,67550.0
2013-04-30,10.74,10.91,10.73,10.86,262950.0
2013-05-02,10.96,11.07,10.95,11.07,270790.0
2013-05-03,11.04,11.08,10.88,11.06,190730.0
2013-05-06,10.95,11.04,10.89,11.03,55830.0
2013-05-07,11.03,11.13,11.03,11.13,101210.0
2013-05-08,11.08,11.12,11.06,11.11,135390.0
2013-05-09,11.07,11.1,11.02,11.09,76200.0
2013-05-10,11.12,11.13,11.05,11.11,160600.0
2013-05-13,11.08,11.08,10.89,10.93,109240.0
2013-05-14,10.99,11.03,10.94,11.01,107570.0
2013-05-15,11.2,11.32,11.2,11.3,269550.0
2013-05-16,11.32,11.36,11.3,11.35,67160.0
2013-05-17,11.3,11.41,11.29,11.36,180940.0
2013-05-20,11.36,11.38,11.27,11.33,34760.0
2013-05-21,11.23,11.33,11.14,11.15,255930.0
2013-05-22,11.12,11.18,11.02,11.16,175970.0
2013-05-23,10.85,10.88,10.73,10.82,199020.0
2013-05-24,10.81,10.86,10.72,10.72,197570.0
2013-05-27,10.87,11.02,10.87,10.96,275020.0
2013-05-28,10.96,11.04,10.95,11.03,1100000.0
2013-05-29,10.94,10.94,10.79,10.81,195350.0
2013-05-30,10.88,10.89,10.75,10.78,128410.0
2013-05-31,10.71,10.71,10.55,10.57,236910.0
2013-06-03,10.56,10.56,10.4,10.43,103890.0
2013-06-04,10.49,10.5,10.41,10.43,66420.0
2013-06-05,10.4,10.44,10.24,10.27,155640.0
2013-06-06,10.32,10.36,10.17,10.2,276560.0
2013-06-07,10.26,10.28,10.1,10.2,132630.0
2013-06-10,10.01,10.12,9.94,9.98,193640.0
2013-06-11,9.7,9.79,9.63,9.75,374490.0
2013-06-12,9.66,9.79,9.63,9.74,374570.0
2013-06-13,9.52,9.69,9.46,9.64,275690.0
2013-06-14,9.74,9.87,9.73,9.78,448520.0
2013-06-17,9.81,9.88,9.81,9.87,104330.0
2013-06-18,9.73,9.76,9.6,9.64,213610.0
2013-06-19,9.49,9.66,9.49,9.63,39140.0
2013-06-20,9.36,9.41,9.2,9.26,294680.0
2013-06-21,9.43,9.46,9.3,9.3,200170.0
2013-06-24,9.31,9.35,9.17,9.17,249460.0
2013-06-25,9.3,9.4,9.24,9.29,98620.0
2013-06-26,9.37,9.37,9.21,9.3,168350.0
2013-06-27,9.31,9.6,9.3,9.6,243550.0
2013-06-28,9.66,9.84,9.66,9.77,171750.0
2013-07-01,9.96,9.99,9.88,9.9,428190.0
2013-07-02,9.9,9.9,9.84,9.84,83760.0
2013-07-03,9.64,9.69,9.6,9.69,101000.0
2013-07-04,9.73,9.86,9.65,9.86,127250.0
2013-07-05,9.85,9.86,9.65,9.68,160870.0
2013-07-08,9.64,9.78,9.64,9.71,103500.0
2013-07-09,9.81,9.98,9.81,9.98,95680.0
2013-07-10,9.99,9.99,9.83,9.88,758520.0
2013-07-11,9.93,9.99,9.9,9.99,279270.0
2013-07-12,9.96,10.11,9.94,9.99,273700.0
2013-07-15,10.13,10.18,10.08,10.17,77700.0
2013-07-16,10.05,10.12,10.03,10.12,26090.0
2013-07-17,10.08,10.2,9.97,10.18,58430.0
2013-07-18,10.09,10.27,10.06,10.27,52160.0
2013-07-19,10.1,10.19,10.1,10.17,163520.0
2013-07-22,10.21,10.21,10.08,10.16,125710.0
2013-07-23,10.16,10.21,10.09,10.12,109050.0
2013-07-24,10.01,10.11,10.01,10.01,158080.0
2013-07-25,10.05,10.06,9.95,9.97,367840.0
2013-07-26,9.9,9.94,9.85,9.87,122610.0
2013-07-29,9.79,9.8,9.72,9.73,128660.0
2013-07-30,9.63,9.63,9.4,9.45,329940.0
2013-07-31,9.34,9.41,9.29,9.38,197670.0
2013-08-01,9.38,9.52,9.38,9.52,234180.0
2013-08-02,9.4,9.4,9.25,9.37,337840.0
2013-08-05,9.37,9.37,9.28,9.3,68390.0
2013-08-06,9.07,9.09,8.95,9.02,552290.0
2013-08-07,9.02,9.11,8.94,8.96,363400.0
2013-08-08,9.02,9.11,9.02,9.1,551540.0
2013-08-09,9.12,9.18,9.05,9.18,174250.0
2013-08-12,9.18,9.27,9.13,9.19,187970.0
2013-08-13,9.24,9.35,9.24,9.33,170200.0
2013-08-14,9.34,9.45,9.32,9.45,27550.0
2013-08-15,9.38,9.38,9.26,9.28,227350.0
2013-08-16,9.05,9.05,8.8,8.9,112970.0
2013-08-19,8.68,8.68,8.46,8.46,440020.0
2013-08-20,8.43,8.5,8.39,8.47,777840.0
2013-08-21,8.48,8.49,8.13,8.21,619380.0
2013-08-22,8.14,8.38,8.14,8.37,550090.0
2013-08-23,8.4,8.56,8.37,8.56,444100.0
2013-08-26,8.54,8.59,8.46,8.49,184920.0
2013-08-27,8.19,8.19,7.83,7.9,1590000.0
2013-08-28,7.61,7.89,7.59,7.87,861380.0
2013-08-29,8.04,8.19,7.99,8.15,1450000.0
2013-08-30,8.21,8.37,8.15,8.21,622840.0
2013-09-02,8.54,8.59,8.46,8.46,130930.0
2013-09-03,8.23,8.26,7.97,8.05,474490.0
2013-09-04,8.29,8.33,8.15,8.31,642580.0
2013-09-05,8.51,8.61,8.47,8.59,679160.0
2013-09-06,8.63,8.9,8.63,8.9,651380.0
2013-09-09,8.86,8.95,8.86,8.94,161560.0
2013-09-10,9.03,9.35,9.02,9.29,705300.0
2013-09-11,9.23,9.34,9.16,9.29,423720.0
2013-09-12,9.22,9.24,9.08,9.2,675660.0
2013-09-13,9.13,9.21,9.1,9.21,246040.0
2013-09-16,9.21,9.26,9.11,9.24,238620.0
2013-09-17,9.09,9.19,9.09,9.18,101120.0
2013-09-18,9.13,9.22,9.12,9.16,138510.0
2013-09-19,9.53,9.57,9.46,9.5,1940000.0
2013-09-20,9.38,9.4,9.27,9.29,1290000.0
2013-09-23,9.14,9.23,9.14,9.22,2270000.0
2013-09-24,9.21,9.24,9.13,9.19,220470.0
2013-09-25,9.12,9.2,9.1,9.16,2120000.0
2013-09-26,9.23,9.32,9.2,9.28,322970.0
2013-09-27,9.23,9.26,9.0,9.0,269370.0
2013-09-30,8.96,9.03,8.82,8.93,214000.0
2013-10-01,8.98,9.06,8.94,9.04,200270.0
2013-10-02,9.02,9.06,9.0,9.03,77030.0
2013-10-03,9.22,9.28,9.18,9.18,224740.0
2013-10-04,9.32,9.38,9.29,9.35,82010.0
2013-10-07,9.2,9.41,9.2,9.36,551070.0
2013-10-08,9.32,9.34,9.23,9.23,167780.0
2013-10-09,9.35,9.47,9.35,9.41,869570.0
2013-10-10,9.42,9.75,9.4,9.69,1180000.0
2013-10-11,9.64,9.68,9.6,9.66,257750.0
2013-10-14,9.66,9.71,9.62,9.71,207670.0
2013-10-15,9.62,9.72,9.57,9.69,227010.0
2013-10-16,9.57,9.73,9.56,9.73,566150.0
2013-10-17,9.62,9.63,9.52,9.6,484450.0
2013-10-18,9.6,9.76,9.6,9.72,139180.0
2013-10-21,9.62,9.73,9.62,9.68,413940.0
2013-10-22,9.66,9.8,9.62,9.73,181450.0
2013-10-23,9.57,9.59,9.46,9.57,159540.0
2013-10-24,9.55,9.57,9.46,9.52,250270.0
2013-10-25,9.43,9.51,9.43,9.51,376880.0
2013-10-28,9.47,9.48,9.41,9.48,112610.0
2013-10-29,9.57,9.66,9.57,9.66,56770.0
2013-10-30,9.67,9.72,9.65,9.69,90540.0
2013-10-31,9.7,9.79,9.7,9.76,131860.0
2013-11-01,9.87,9.87,9.74,9.8,45870.0
2013-11-04,9.85,9.87,9.79,9.83,664860.0
2013-11-05,9.82,9.85,9.73,9.77,768600.0
2013-11-06,9.74,9.74,9.63,9.69,62490.0
2013-11-07,9.72,9.79,9.58,9.63,380530.0
2013-11-08,9.57,9.61,9.38,9.46,334260.0
2013-11-11,9.47,9.48,9.35,9.44,367140.0
2013-11-12,9.34,9.37,9.18,9.21,244170.0
2013-11-13,9.24,9.29,9.21,9.29,78940.0
2013-11-14,9.39,9.4,9.29,9.38,156730.0
2013-11-15,9.45,9.55,9.4,9.54,204080.0
2013-11-18,9.58,9.7,9.56,9.69,259170.00000000003
2013-11-19,9.69,9.7,9.62,9.62,313920.0
2013-11-20,9.59,9.6,9.44,9.57,166940.0
2013-11-21,9.38,9.38,9.27,9.3,213970.0
2013-11-22,9.29,9.33,9.23,9.3,74050.0
2013-11-25,9.35,9.54,9.35,9.46,460280.0
2013-11-26,9.46,9.46,9.3,9.34,58740.0
2013-11-27,9.36,9.41,9.34,9.39,204120.0
2013-11-28,9.4,9.47,9.39,9.42,245510.0
2013-11-29,9.51,9.54,9.47,9.52,355050.0
2013-12-02,9.62,9.64,9.55,9.55,299650.0
2013-12-03,9.59,9.59,9.43,9.43,322930.0
2013-12-04,9.58,9.65,9.5,9.61,344490.0
2013-12-05,9.68,9.7,9.64,9.65,229550.0
2013-12-06,9.62,9.8,9.62,9.79,117750.0
2013-12-09,9.8,9.89,9.8,9.87,377480.0
2013-12-10,9.74,9.8,9.74,9.79,228490.0
2013-12-11,9.66,9.74,9.6,9.62,74370.0
2013-12-12,9.6,9.62,9.38,9.43,517410.0
2013-12-13,9.39,9.44,9.37,9.39,127840.0
2013-12-16,9.39,9.55,9.39,9.53,399230.0
2013-12-17,9.4,9.43,9.37,9.41,243000.0
2013-12-18,9.47,9.53,9.47,9.47,118160.0
2013-12-19,9.43,9.51,9.41,9.45,243010.0
2013-12-20,9.57,9.71,9.57,9.71,243940.0
2013-12-23,9.66,9.73,9.66,9.71,167520.0
2013-12-27,9.75,9.75,9.6,9.66,137860.0
2013-12-30,9.7,9.71,9.61,9.7,267790.0
2014-01-02,9.72,9.72,9.49,9.52,183910.0
2014-01-03,9.52,9.65,9.52,9.59,55220.0
2014-01-06,9.57,9.62,9.55,9.55,406420.0
2014-01-07,9.54,9.57,9.51,9.56,115140.0
2014-01-08,9.55,9.62,9.55,9.56,164730.0
2014-01-09,9.59,9.61,9.51,9.53,88040.0
2014-01-10,9.7,9.76,9.61,9.73,497400.0
2014-01-13,9.77,9.88,9.77,9.85,236590.0
2014-01-14,9.81,9.81,9.75,9.79,147040.0
2014-01-15,9.84,9.98,9.84,9.95,198450.0
2014-01-16,9.93,9.96,9.91,9.94,524070.00000000006
2014-01-17,9.88,9.89,9.81,9.86,104040.0
2014-01-20,9.95,9.96,9.91,9.93,63730.0
2014-01-21,9.96,9.96,9.82,9.82,303740.0
2014-01-22,9.92,9.98,9.88,9.9,83860.0
2014-01-23,9.88,9.88,9.73,9.75,347660.0
2014-01-24,9.69,9.72,9.43,9.43,156780.0
2014-01-27,9.43,9.45,9.23,9.23,295340.0
2014-01-28,9.39,9.43,9.32,9.36,180300.0
2014-01-29,9.48,9.53,9.21,9.28,171920.0
2014-01-30,9.3,9.46,9.26,9.4,593530.0
2014-01-31,9.44,9.45,9.35,9.41,95050.0
2014-02-03,9.37,9.38,9.25,9.29,284780.0
2014-02-04,9.26,9.4,9.25,9.4,226870.0
2014-02-05,9.34,9.41,9.31,9.32,401470.0
2014-02-06,9.4,9.44,9.34,9.44,351790.0
2014-02-07,9.37,9.53,9.37,9.49,338860.0
2014-02-10,9.35,9.35,9.26,9.32,284070.0
2014-02-11,9.3,9.38,9.29,9.38,231610.0
2014-02-12,9.4,9.55,9.38,9.47,227700.0
2014-02-13,9.34,9.34,9.18,9.29,95460.0
2014-02-14,9.26,9.44,9.21,9.42,136220.0
2014-02-17,9.34,9.41,9.34,9.41,1940000.0
2014-02-18,9.4,9.43,9.38,9.39,59950.0
2014-02-19,9.35,9.46,9.35,9.41,524820.0
2014-02-20,9.4,9.43,9.33,9.42,110570.0
2014-02-21,9.46,9.52,9.45,9.51,651740.0
2014-02-24,9.46,9.59,9.46,9.57,138880.0
2014-02-25,9.51,9.59,9.48,9.57,119250.0
2014-02-26,9.54,9.61,9.54,9.6,121790.0
2014-02-27,9.6,9.65,9.6,9.65,165040.0
2014-02-28,9.59,9.66,9.53,9.62,131040.0
2014-03-03,9.5,9.52,9.41,9.44,515280.0
2014-03-04,9.61,9.7,9.6,9.68,563270.0
2014-03-05,9.66,9.79,9.66,9.76,302580.0
2014-03-06,9.83,9.96,9.83,9.93,264350.0
2014-03-07,9.91,9.96,9.86,9.87,393360.0
2014-03-10,9.88,9.98,9.88,9.93,934520.0
2014-03-11,9.97,9.97,9.88,9.88,59960.0
2014-03-12,9.9,9.92,9.85,9.85,13210.0
2014-03-13,9.89,9.89,9.7,9.71,199790.0
2014-03-14,9.71,9.85,9.71,9.77,202050.0
2014-03-17,9.84,9.87,9.82,9.84,169330.0
2014-03-18,9.79,9.94,9.79,9.92,25430.0
2014-03-19,9.88,9.89,9.84,9.88,131550.0
2014-03-20,9.9,9.91,9.82,9.91,322840.0
2014-03-21,9.94,10.03,9.89,9.97,282580.0
2014-03-24,10.05,10.11,10.04,10.04,108340.0
2014-03-25,10.06,10.22,10.06,10.2,503070.0
2014-03-26,10.15,10.27,10.14,10.25,74340.0
2014-03-27,10.22,10.31,10.2,10.29,632620.0
2014-03-28,10.32,10.51,10.32,10.49,609010.0
2014-03-31,10.46,10.47,10.39,10.47,816910.0
2014-04-01,10.4,10.53,10.4,10.49,269670.0
2014-04-02,10.54,10.59,10.52,10.59,412760.0
2014-04-03,10.45,10.5,10.4,10.48,130390.0
2014-04-04,10.46,10.66,10.44,10.62,106960.0
2014-04-07,10.4,10.5,10.4,10.5,70430.0
2014-04-08,10.52,10.55,10.47,10.52,180720.0
2014-04-09,10.48,10.57,10.44,10.57,231900.0
2014-04-10,10.6,10.6,10.48,10.49,110940.0
2014-04-11,10.4,10.46,10.37,10.39,281910.0
2014-04-14,10.4,10.5,10.4,10.48,150720.0
2014-04-15,10.4,10.48,10.33,10.38,196970.0
2014-04-16,10.32,10.41,10.26,10.36,68500.0
2014-04-17,10.32,10.49,10.32,10.48,192210.0
2014-04-22,10.43,10.44,10.39,10.44,163720.0
2014-04-23,10.38,10.4,10.3,10.33,84670.0
2014-04-24,10.35,10.39,10.31,10.37,41620.0
2014-04-25,10.32,10.34,10.29,10.3,65540.0
2014-04-28,10.36,10.36,10.27,10.27,148660.0
2014-04-29,10.29,10.41,10.23,10.39,382400.0
2014-04-30,10.4,10.4,10.24,10.28,126480.0
2014-05-02,10.3,10.38,10.27,10.28,173310.0
2014-05-05,10.3,10.32,10.23,10.29,378550.0
2014-05-06,10.26,10.31,10.21,10.3,83040.0
2014-05-07,10.21,10.21,10.12,10.21,49690.0
2014-05-08,10.14,10.23,10.12,10.23,84330.0
2014-05-09,10.4,10.58,10.4,10.58,355000.0
2014-05-12,10.71,11.06,10.71,10.93,1340000.0
2014-05-13,10.95,11.07,10.91,11.05,688090.0
2014-05-14,11.05,11.07,11.01,11.07,113380.0
2014-05-15,11.04,11.16,10.97,11.01,341730.0
2014-05-16,11.5,11.54,11.21,11.46,424650.0
2014-05-19,11.43,11.49,11.39,11.46,318120.0
2014-05-20,11.45,11.52,11.42,11.48,110220.0
2014-05-21,11.39,11.54,11.35,11.53,75920.0
2014-05-22,11.6,11.65,11.53,11.63,62250.0
2014-05-23,11.67,11.79,11.62,11.79,442460.0
2014-05-26,11.88,11.88,11.44,11.66,560070.0
2014-05-27,11.52,11.58,11.46,11.51,157980.0
2014-05-28,11.55,11.59,11.5,11.52,406300.0
2014-05-29,11.53,11.53,11.39,11.45,456310.0
2014-05-30,11.38,11.42,11.31,11.34,129420.0
2014-06-02,11.48,11.6,11.48,11.57,274600.0
2014-06-03,11.6,11.65,11.56,11.62,272750.0
2014-06-04,11.62,11.63,11.52,11.57,398190.0
2014-06-05,11.63,11.87,11.63,11.78,1290000.0
2014-06-06,11.8,12.04,11.78,12.03,452650.0
2014-06-09,11.97,12.09,11.97,12.07,82560.0
2014-06-10,11.99,12.14,11.99,12.11,660990.0
2014-06-11,12.1,12.1,11.99,12.06,150080.0
2014-06-12,12.11,12.19,12.1,12.16,75760.0
2014-06-13,12.01,12.01,11.82,11.92,293840.0
2014-06-16,11.8,11.88,11.69,11.79,162710.0
2014-06-17,11.73,11.95,11.73,11.85,359170.0
2014-06-18,11.81,11.81,11.71,11.77,69410.0
2014-06-19,11.74,11.78,11.71,11.77,359510.0
2014-06-20,11.74,11.76,11.69,11.71,110620.0
2014-06-23,11.68,11.69,11.6,11.69,221590.0
2014-06-24,11.76,11.84,11.73,11.84,134500.0
2014-06-25,11.79,11.79,11.7,11.75,117570.0
2014-06-26,11.66,11.71,11.62,11.68,21430.0
2014-06-27,11.67,11.72,11.64,11.7,231960.0
2014-06-30,11.77,11.84,11.76,11.76,129300.0
2014-07-01,11.8,11.91,11.77,11.88,34650.0
2014-07-02,11.94,12.14,11.94,12.1,412810.0
2014-07-03,12.05,12.16,12.04,12.13,89030.0
2014-07-04,12.04,12.2,12.02,12.19,767740.0
2014-07-07,12.19,12.23,12.16,12.2,129710.0
2014-07-08,12.2,12.22,11.94,11.95,202800.0
2014-07-09,11.9,11.96,11.86,11.89,272560.0
2014-07-10,11.84,12.09,11.66,11.77,587570.0
2014-07-11,11.67,11.74,11.67,11.71,430460.0
2014-07-14,11.67,11.69,11.63,11.66,1030000.0
2014-07-15,11.6,11.75,11.59,11.74,582640.0
2014-07-16,11.74,11.92,11.74,11.91,50010.0
2014-07-17,11.94,11.95,11.89,11.92,126260.0
2014-07-18,11.9,11.97,11.87,11.96,491250.0
2014-07-21,11.95,11.99,11.88,11.96,300010.0
2014-07-22,12.06,12.25,12.06,12.24,146820.0
2014-07-23,12.22,12.29,12.17,12.27,571120.0
2014-07-24,12.25,12.33,12.25,12.32,900390.0
2014-07-25,12.27,12.29,12.2,12.29,995090.0
2014-07-28,12.2,12.3,12.2,12.3,73150.0
2014-07-29,12.29,12.35,12.29,12.29,65970.0
2014-07-30,12.24,12.37,12.23,12.29,457000.0
2014-07-31,12.28,12.31,11.99,12.02,131610.0
2014-08-01,12.04,12.04,11.8,11.93,439340.0
2014-08-04,11.88,12.02,11.88,11.99,12880.0
2014-08-05,11.96,12.18,11.96,12.09,1750000.0
2014-08-06,12.07,12.13,11.95,12.0,78280.0
2014-08-07,11.9,12.02,11.89,11.98,134390.0
2014-08-08,11.77,11.89,11.74,11.88,161530.0
2014-08-11,11.93,12.06,11.91,12.06,122780.0
2014-08-12,12.04,12.19,12.04,12.09,29060.0
2014-08-13,12.18,12.24,12.12,12.23,171210.0
2014-08-14,12.22,12.34,12.22,12.33,192210.0
2014-08-15,12.28,12.34,12.26,12.24,30600.0
2014-08-18,12.33,12.46,12.33,12.46,95680.0
2014-08-19,12.46,12.52,12.45,12.49,90890.0
2014-08-20,12.53,12.62,12.5,12.6,63750.0
2014-08-21,12.53,12.61,12.5,12.58,140820.0
2014-08-22,12.56,12.67,12.56,12.65,614560.0
2014-08-25,12.74,12.77,12.63,12.69,155060.0
2014-08-26,12.62,12.74,12.6,12.73,232050.0
2014-08-27,12.73,12.79,12.73,12.76,220430.0
2014-08-28,12.76,12.76,12.63,12.69,172140.0
2014-08-29,12.78,12.82,12.73,12.77,37690.0
2014-09-01,12.85,12.91,12.85,12.87,83840.0
2014-09-02,12.88,12.97,12.88,12.91,73720.0
2014-09-03,12.96,13.11,12.96,13.03,124520.0
2014-09-04,12.96,13.23,12.94,13.21,198170.0
2014-09-05,13.19,13.24,13.12,13.24,106270.0
2014-09-08,13.3,13.38,13.3,13.36,2910000.0
2014-09-09,13.36,13.36,13.21,13.22,2830000.0
2014-09-10,13.13,13.17,13.06,13.1,208460.0
2014-09-11,13.06,13.13,13.04,13.08,32060.000000000004
2014-09-12,13.09,13.16,13.02,13.04,115350.0
2014-09-15,12.91,12.97,12.9,12.93,314340.0
2014-09-16,12.89,12.9,12.68,12.8,238720.0
2014-09-17,12.79,12.88,12.76,12.86,38400.0
2014-09-18,13.1,13.18,13.07,13.13,591570.0
2014-09-19,13.17,13.21,13.1,13.1,60930.0
2014-09-22,13.07,13.22,13.07,13.13,244760.0
2014-09-23,13.13,13.14,12.89,12.9,520790.0
2014-09-24,12.95,13.09,12.87,13.08,282720.0
2014-09-25,12.97,13.0,12.77,12.82,373190.0
2014-09-26,12.78,13.0,12.75,12.94,130770.0
2014-09-29,12.99,13.03,12.86,12.94,35110.0
2014-09-30,13.08,13.12,12.94,12.98,205580.0
2014-10-01,13.03,13.12,12.98,12.98,124820.0
2014-10-02,12.88,12.88,12.74,12.74,235710.0
2014-10-03,12.87,13.01,12.87,13.03,68380.0
2014-10-06,12.89,13.18,12.89,13.13,106860.0
2014-10-07,13.04,13.04,12.9,12.95,171370.0
2014-10-08,12.79,12.88,12.69,12.72,1490000.0
2014-10-09,12.89,12.99,12.89,12.97,524390.0
2014-10-10,12.9,12.99,12.84,12.84,419220.0
2014-10-13,12.85,13.01,12.84,12.98,67220.0
2014-10-14,12.84,12.94,12.84,12.9,173550.0
2014-10-15,12.95,12.98,12.62,12.7,219870.0
2014-10-16,12.68,12.69,12.24,12.48,228990.0
2014-10-17,12.4,12.61,12.39,12.61,280310.0
2014-10-20,12.66,12.69,12.56,12.66,2280000.0
2014-10-21,12.56,12.93,12.56,12.91,57800.0
2014-10-22,12.89,12.97,12.86,12.97,181920.0
2014-10-23,12.96,13.04,12.94,13.02,87040.0
2014-10-24,13.02,13.05,12.97,13.04,198660.0
2014-10-27,12.96,12.96,12.87,12.87,277440.0
2014-10-28,12.9,13.01,12.88,13.01,866960.0
2014-10-29,12.97,13.09,12.97,13.07,222890.0
2014-10-30,13.29,13.35,13.23,13.3,59360.0
2014-10-31,13.54,13.78,13.54,13.72,451840.0
2014-11-03,13.72,13.79,13.68,13.74,61890.0
2014-11-04,13.84,13.84,13.64,13.68,68350.0
2014-11-05,13.7,13.75,13.63,13.71,271060.0
2014-11-06,13.72,13.88,13.72,13.82,44090.0
2014-11-07,13.8,13.83,13.77,13.83,41270.0
2014-11-10,13.71,13.86,13.71,13.86,127320.0
2014-11-11,13.83,13.88,13.81,13.84,339440.0
2014-11-12,13.8,13.89,13.79,13.87,88060.0
2014-11-13,13.83,13.86,13.75,13.78,122330.0
2014-11-14,13.87,13.88,13.73,13.79,823270.0
2014-11-17,13.72,13.88,13.72,13.87,170190.0
2014-11-18,13.85,13.85,13.78,13.82,331890.0
2014-11-19,13.72,13.73,13.62,13.66,50200.0
2014-11-20,13.62,13.71,13.57,13.71,59330.0
2014-11-21,13.73,14.1,13.73,14.07,260710.0
2014-11-24,14.0,14.04,13.99,13.99,103850.0
2014-11-25,13.94,13.96,13.82,13.84,71190.0
2014-11-26,13.91,13.95,13.85,13.9,103520.0
2014-11-27,13.9,14.02,13.9,13.97,262060.0
2014-11-28,14.08,14.1,13.88,13.94,157000.0
2014-12-01,13.97,13.98,13.84,13.84,96090.0
2014-12-02,13.86,13.99,13.86,13.99,486360.0
2014-12-03,13.96,14.13,13.96,14.12,103610.0
2014-12-04,14.11,14.11,13.93,13.93,140280.0
2014-12-05,13.98,14.02,13.93,14.02,424130.0
2014-12-08,13.86,13.9,13.82,13.82,1020000.0
2014-12-09,13.74,13.74,13.44,13.47,109560.0
2014-12-10,13.58,13.61,13.43,13.45,69130.0
2014-12-11,13.35,13.4,13.22,13.3,63290.0
2014-12-12,13.24,13.28,13.01,13.01,507570.0
2014-12-15,12.99,13.05,12.69,12.69,260700.0
2014-12-16,12.7,12.77,12.3,12.59,303800.0
2014-12-17,12.54,12.71,12.47,12.68,1030000.0
2014-12-18,12.95,13.19,12.94,13.15,338290.0
2014-12-19,13.23,13.23,13.07,13.18,940800.0
2014-12-22,13.24,13.32,13.22,13.34,809510.0
2014-12-23,13.22,13.29,13.17,13.24,111070.0
2014-12-29,13.22,13.24,13.15,13.21,76880.0
2014-12-30,13.21,13.34,13.2,13.32,102760.0
2015-01-02,13.71,13.73,13.65,13.7,126470.0
2015-01-05,13.72,13.75,13.64,13.65,115160.0
2015-01-06,13.44,13.44,13.24,13.24,65510.00000000001
2015-01-07,13.32,13.53,13.32,13.51,375070.0
2015-01-08,13.71,13.98,13.71,13.97,222930.0
2015-01-09,13.96,14.15,13.91,14.01,247000.0
2015-01-12,14.0,14.23,14.0,14.18,848350.0
2015-01-13,14.19,14.35,14.05,14.26,1720000.0
2015-01-14,14.05,14.23,14.0,14.03,2190000.0
2015-01-15,14.55,14.89,14.44,14.86,745450.0
2015-01-16,14.74,15.16,14.69,15.11,170380.0
2015-01-19,15.03,15.03,14.86,14.93,103160.0
2015-01-20,15.04,15.23,15.04,15.23,1480000.0
2015-01-21,15.33,15.39,15.2,15.39,145410.0
2015-01-22,15.37,15.77,15.26,15.74,1750000.0
2015-01-23,15.85,16.16,15.77,15.96,1700000.0
2015-01-26,15.98,16.0,15.87,15.93,594830.0
2015-01-27,15.94,15.95,15.67,15.75,235650.0
2015-01-28,15.93,15.96,15.82,15.94,910470.0
2015-01-29,15.93,15.95,15.76,15.84,237420.0
2015-01-30,15.71,15.71,15.53,15.62,1090000.0
2015-02-02,15.67,15.74,15.6,15.74,683330.0
2015-02-03,15.61,15.69,15.46,15.52,954240.0
2015-02-04,15.5,15.54,15.34,15.49,1180000.0
2015-02-05,15.62,15.69,15.38,15.43,301640.0
2015-02-06,15.45,15.56,15.35,15.52,402820.0
2015-02-09,15.3,15.36,15.18,15.23,115440.0
2015-02-10,15.28,15.38,15.21,15.26,163060.0
2015-02-11,15.38,15.4,15.31,15.35,328530.0
2015-02-12,15.35,15.56,15.3,15.52,280920.0
2015-02-13,15.57,15.69,15.54,15.67,104370.0
2015-02-16,15.67,15.7,15.59,15.65,750260.0
2015-02-17,15.67,15.67,15.57,15.63,724960.0
2015-02-18,15.69,15.78,15.66,15.78,194250.0
2015-02-19,15.66,15.93,15.59,15.92,506440.0
2015-02-20,15.86,15.86,15.71,15.73,346020.0
2015-02-23,15.83,15.83,15.55,15.6,87840.0
2015-02-24,15.64,15.78,15.59,15.78,101550.0
2015-02-25,15.72,15.77,15.64,15.74,205210.0
2015-02-26,15.6,15.89,15.52,15.88,700830.0
2015-02-27,15.95,16.16,15.9,16.16,890230.0
2015-03-02,16.07,16.2,16.04,16.2,217350.0
2015-03-03,16.3,16.38,16.26,16.3,4080000.0
2015-03-04,16.45,16.48,16.18,16.3,392970.0
2015-03-05,16.27,16.48,16.25,16.41,167660.0
2015-03-06,16.39,16.59,16.39,16.43,122400.0
2015-03-09,16.34,16.34,16.18,16.31,170410.0
2015-03-10,16.29,16.37,16.21,16.3,1170000.0
2015-03-11,16.43,16.6,16.43,16.57,886650.0
2015-03-12,16.64,16.85,16.63,16.84,113840.0
2015-03-13,16.6,16.6,16.39,16.48,2260000.0
2015-03-16,16.5,16.58,16.46,16.5,300410.0
2015-03-17,16.5,16.68,16.48,16.65,500660.0
2015-03-18,16.62,16.62,16.45,16.52,1400000.0
2015-03-19,16.61,16.62,16.3,16.41,229220.0
2015-03-20,16.36,16.37,16.16,16.16,149740.0
2015-03-23,16.16,16.16,15.9,15.9,204990.0
2015-03-24,15.95,16.02,15.81,15.94,351200.0
2015-03-25,15.88,15.88,15.68,15.69,160420.0
2015-03-26,15.54,15.54,15.26,15.45,275550.0
2015-03-27,15.44,15.61,15.44,15.47,570550.0
2015-03-30,15.71,15.92,15.63,15.9,418680.0
2015-03-31,15.93,16.09,15.86,16.09,313120.0
2015-04-01,15.99,16.24,15.95,16.2,293450.0
2015-04-02,16.14,16.15,16.08,16.14,461460.0
2015-04-07,16.04,16.37,15.96,16.37,214680.0
2015-04-08,16.27,16.54,16.27,16.54,434930.0
2015-04-09,16.58,16.73,16.46,16.73,508860.0
2015-04-10,16.67,16.93,16.67,16.9,81410.0
2015-04-13,16.98,17.07,16.91,17.02,158900.0
2015-04-14,17.11,17.11,16.75,16.84,166530.0
2015-04-15,16.84,16.93,16.73,16.87,231400.0
2015-04-16,16.48,16.64,16.4,16.45,124540.0
2015-04-17,16.34,16.38,16.11,16.15,348740.0
2015-04-20,16.08,16.08,15.74,15.79,162940.0
2015-04-21,15.81,15.91,15.66,15.68,52030.0
2015-04-22,15.68,15.83,15.46,15.82,185110.0
2015-04-23,15.73,15.73,15.5,15.54,133500.0
2015-04-24,15.34,15.34,15.08,15.21,233830.0
2015-04-27,14.95,15.0,14.89,14.95,587910.0
2015-04-28,14.89,15.03,14.88,14.95,355580.0
2015-04-29,14.88,14.89,14.53,14.57,84900.0
2015-04-30,14.44,14.44,14.21,14.35,352820.0
2015-05-04,14.54,14.77,14.53,14.67,430200.0
2015-05-05,14.81,14.83,14.65,14.67,138900.0
2015-05-06,14.26,14.32,14.01,14.07,574820.0
2015-05-07,13.95,14.18,13.73,14.16,1370000.0
2015-05-08,14.37,14.55,14.32,14.52,159650.0
2015-05-11,14.66,14.79,14.62,14.65,223580.0
2015-05-12,14.33,14.33,14.13,14.29,1170000.0
2015-05-13,14.21,14.48,14.2,14.27,145210.0
2015-05-14,14.21,14.44,14.12,14.44,42110.0
2015-05-15,14.38,14.47,14.37,14.41,456330.0
2015-05-18,14.45,14.64,14.43,14.64,20540.0
2015-05-19,14.8,14.96,14.8,14.88,417340.0
2015-05-20,15.05,15.1,14.98,15.1,407300.0
2015-05-21,15.03,15.09,14.95,15.04,1300000.0
2015-05-22,15.1,15.26,15.01,15.25,125220.0
2015-05-26,15.16,15.16,14.99,14.99,197610.0
2015-05-27,14.94,15.1,14.91,15.09,501860.0
2015-05-28,14.88,15.0,14.84,14.95,133550.0
2015-05-29,15.09,15.15,14.99,15.08,263780.0
2015-06-01,15.1,15.22,15.07,15.15,87490.0
2015-06-02,14.93,14.93,14.45,14.47,406550.0
2015-06-03,14.27,14.35,14.1,14.14,412730.0
2015-06-04,14.09,14.13,13.85,14.1,410180.0
2015-06-05,14.12,14.32,14.11,14.26,140220.0
2015-06-08,14.07,14.13,13.93,13.93,126130.0
2015-06-09,13.85,13.94,13.85,13.84,384040.0
2015-06-10,13.95,14.1,13.92,14.05,187140.0
2015-06-11,13.91,13.97,13.81,13.82,275860.0
2015-06-12,13.88,13.93,13.76,13.79,150870.0
2015-06-15,13.96,14.02,13.85,13.88,44100.0
2015-06-16,13.73,13.98,13.72,13.97,20780.0
2015-06-17,13.99,14.11,13.99,14.04,209870.0
2015-06-18,14.14,14.19,14.07,14.18,429110.0
2015-06-19,14.32,14.44,14.31,14.44,358120.0
2015-06-22,14.46,14.6,14.43,14.55,343650.0
2015-06-23,14.65,14.82,14.65,14.82,1060000.0
2015-06-24,14.82,14.82,14.66,14.76,420680.0
2015-06-25,14.77,14.84,14.74,14.79,253480.0
2015-06-26,14.72,14.9,14.69,14.89,1630000.0
2015-06-29,14.62,14.77,14.57,14.6,149000.0
2015-06-30,14.69,14.8,14.69,14.76,307510.0
2015-07-01,14.92,15.04,14.92,15.0,681450.0
2015-07-02,15.07,15.15,15.04,15.09,120990.0
2015-07-03,15.16,15.17,15.1,15.16,812770.0
2015-07-06,15.09,15.32,15.09,15.29,290260.0
2015-07-07,15.36,15.39,15.22,15.23,309560.0
2015-07-08,14.98,15.05,14.82,14.85,1010000.0
2015-07-09,14.88,14.94,14.84,14.87,948100.0
2015-07-10,14.8,14.8,14.65,14.74,283430.0
2015-07-13,14.86,15.14,14.86,15.12,45680.0
2015-07-14,15.15,15.24,15.07,15.24,365830.0
2015-07-15,15.31,15.4,15.26,15.38,220870.0
2015-07-16,15.47,15.7,15.47,15.68,204060.0
2015-07-17,15.66,15.73,15.63,15.73,33630.0
2015-07-20,15.7,15.74,15.58,15.66,492660.0
2015-07-21,15.74,15.74,15.45,15.47,250520.0
2015-07-22,15.57,15.65,15.57,15.61,93950.0
2015-07-23,15.61,15.61,15.38,15.41,222440.0
2015-07-24,15.39,15.4,15.19,15.25,333880.0
2015-07-27,15.05,15.05,14.69,14.7,739930.0
2015-07-28,14.83,14.87,14.68,14.69,486420.0
2015-07-29,14.83,14.9,14.76,14.87,1010000.0
2015-07-30,15.05,15.1,14.97,15.04,1530000.0
2015-07-31,15.17,15.24,15.05,15.19,2200000.0
2015-08-03,15.24,15.26,15.15,15.22,619700.0
2015-08-04,15.21,15.31,15.09,15.26,1060000.0
2015-08-05,15.51,15.62,15.51,15.58,388430.0
2015-08-06,15.52,15.58,15.46,15.47,165720.0
2015-08-07,15.47,15.51,15.36,15.36,364220.0
2015-08-10,15.45,15.48,15.29,15.34,151330.0
2015-08-11,15.18,15.18,14.9,14.91,62570.0
2015-08-12,14.78,14.78,14.4,14.43,435140.0
2015-08-13,14.7,14.7,14.5,14.51,259530.0
2015-08-14,14.73,14.83,14.71,14.83,114850.0
2015-08-17,14.83,14.83,14.64,14.71,141630.0
2015-08-18,14.68,14.78,14.66,14.73,318300.0
2015-08-19,14.85,14.87,14.71,14.71,461520.0
2015-08-20,14.62,14.69,14.29,14.29,427560.0
2015-08-21,14.06,14.19,13.79,13.79,401560.0
2015-08-24,13.23,13.23,12.14,12.33,482290.0
2015-08-25,12.78,13.27,12.74,13.22,358680.0
2015-08-26,13.04,13.14,12.9,13.02,729310.0
2015-08-27,13.38,13.75,13.38,13.71,184050.0
2015-08-28,13.75,13.76,13.54,13.76,381750.0
2015-08-31,13.65,13.67,13.5,13.57,149930.0
2015-09-01,13.42,13.42,13.2,13.25,133730.0
2015-09-02,13.38,13.42,13.19,13.25,125180.0
2015-09-03,13.31,13.69,13.3,13.62,608580.0
2015-09-04,13.22,13.26,13.04,13.04,232140.0
2015-09-07,13.05,13.05,12.88,12.88,128740.0
2015-09-08,13.03,13.13,12.96,13.07,337200.0
2015-09-09,13.36,13.38,13.21,13.28,179540.0
2015-09-10,13.12,13.3,13.1,13.13,176770.0
2015-09-11,13.12,13.19,13.09,13.11,73890.0
2015-09-14,13.1,13.22,13.1,13.21,23270.0
2015-09-15,13.19,13.31,13.12,13.29,151890.0
2015-09-16,13.32,13.45,13.31,13.44,27970.0
2015-09-17,13.49,13.49,13.37,13.46,224040.0
2015-09-18,13.46,13.46,13.23,13.38,259410.00000000003
2015-09-21,13.46,13.64,13.4,13.63,122320.0
2015-09-22,13.68,13.68,13.26,13.28,247340.0
2015-09-23,13.34,13.48,13.3,13.31,211910.0
2015-09-24,13.29,13.38,13.03,13.08,401010.0
2015-09-25,13.38,13.49,13.37,13.37,149760.0
2015-09-28,13.32,13.36,13.05,13.05,86440.0
2015-09-29,13.1,13.38,13.07,13.23,236590.0
2015-09-30,13.46,13.67,13.45,13.65,1570000.0
2015-10-01,13.75,13.75,13.57,13.6,383780.0
2015-10-02,13.65,13.71,13.43,13.6,139320.0
2015-10-05,13.86,14.15,13.82,14.14,393320.0
2015-10-06,13.97,14.05,13.95,14.02,125940.0
2015-10-07,14.01,14.21,13.98,14.11,286150.0
2015-10-08,13.96,14.01,13.87,14.01,135810.0
2015-10-09,14.0,14.07,13.9,14.07,107640.0
2015-10-12,13.94,13.95,13.8,13.87,309320.0
2015-10-13,13.76,13.8,13.69,13.79,218680.0
2015-10-14,13.66,13.73,13.65,13.65,42950.0
2015-10-15,13.76,13.85,13.73,13.81,54460.0
2015-10-16,13.74,14.02,13.74,14.02,238140.0
2015-10-19,14.04,14.11,14.02,14.08,44310.0
2015-10-20,14.05,14.07,13.97,14.05,41020.0
2015-10-21,13.96,14.03,13.9,13.97,102230.0
2015-10-22,13.94,14.37,13.94,14.37,281940.0
2015-10-23,14.46,14.62,14.32,14.62,244070.0
2015-10-26,14.48,14.49,14.41,14.45,60740.0
2015-10-27,14.32,14.36,14.29,14.3,66460.0
2015-10-28,14.24,14.27,14.21,14.26,84780.0
2015-10-29,14.29,14.32,14.12,14.13,356150.0
2015-10-30,14.15,14.15,13.89,13.97,178390.0
2015-11-02,13.84,13.99,13.84,13.98,226100.0
2015-11-03,13.95,14.12,13.95,14.12,414510.0
2015-11-04,14.15,14.24,14.09,14.15,225850.0
2015-11-05,14.09,14.09,13.89,13.95,186400.0
2015-11-06,13.88,13.98,13.85,13.96,8450000.0
2015-11-09,13.76,13.85,13.7,13.74,3470000.0
2015-11-10,13.63,13.71,13.57,13.68,5270000.0
2015-11-11,13.69,13.74,13.62,13.62,182090.0
2015-11-12,13.69,13.76,13.57,13.59,106460.0
2015-11-13,13.51,13.58,13.44,13.51,102230.0
2015-11-16,13.62,13.7,13.6,13.61,202690.0
2015-11-17,13.72,13.81,13.72,13.77,89720.0
2015-11-18,13.63,13.69,13.52,13.69,192370.0
2015-11-19,13.74,13.76,13.65,13.69,56590.0
2015-11-20,13.86,13.89,13.76,13.89,137370.0
2015-11-23,13.86,13.86,13.78,13.81,139630.0
2015-11-24,13.8,13.84,13.68,13.79,171220.0
2015-11-25,13.73,13.88,13.73,13.81,111120.0
2015-11-26,13.81,13.89,13.81,13.88,49530.0
2015-11-27,13.84,13.91,13.81,13.81,1080000.0
2015-11-30,13.85,14.01,13.85,14.01,162570.0
2015-12-01,13.93,13.99,13.93,13.97,163020.0
2015-12-02,13.86,13.94,13.86,13.88,181860.0
2015-12-03,13.84,13.89,13.27,13.27,442220.0
2015-12-04,13.33,13.38,13.18,13.37,144000.0
2015-12-07,13.32,13.43,13.26,13.27,189950.0
2015-12-08,13.27,13.29,13.04,13.09,196000.0
2015-12-09,13.0,13.01,12.86,12.9,209400.0
2015-12-10,12.9,13.09,12.9,13.08,176290.0
2015-12-11,12.95,12.98,12.75,12.79,125130.0
2015-12-14,13.04,13.04,12.8,12.8,198930.0
2015-12-15,12.94,13.26,12.94,13.24,268070.0
2015-12-16,13.26,13.31,13.24,13.27,192280.0
2015-12-17,13.41,13.71,13.41,13.62,213160.0
2015-12-18,13.53,13.65,13.51,13.58,128030.0
2015-12-21,13.58,13.62,13.48,13.48,40080.0
2015-12-22,13.53,13.54,13.39,13.43,66130.0
2015-12-23,13.57,13.74,13.57,13.74,96530.0
2015-12-28,13.63,13.65,13.59,13.63,21730.0
2015-12-29,13.6,13.77,13.6,13.77,20090.0
2015-12-30,13.62,13.69,13.61,13.68,100690.0
2016-01-04,13.53,13.54,13.38,13.54,300930.0
2016-01-05,13.63,13.77,13.6,13.77,95560.0
2016-01-06,13.68,13.7,13.48,13.55,220330.0
2016-01-07,13.22,13.24,13.01,13.12,146320.0
2016-01-08,13.13,13.19,12.91,12.91,40250.0
2016-01-11,13.04,13.11,12.94,12.94,240780.0
2016-01-12,12.85,13.07,12.85,13.01,414360.0
2016-01-13,12.96,13.15,12.95,13.05,101520.0
2016-01-14,13.07,13.07,12.75,12.95,380030.0
2016-01-15,12.89,12.89,12.46,12.54,1190000.0
2016-01-18,12.6,12.63,12.45,12.47,346800.0
2016-01-19,12.7,12.75,12.54,12.59,684190.0
2016-01-20,12.3,12.38,12.17,12.29,168890.0
2016-01-21,12.29,12.49,12.28,12.47,360000.0
2016-01-22,12.57,12.73,12.55,12.7,810000.0
2016-01-25,12.72,12.72,12.62,12.63,97040.0
2016-01-26,12.43,12.66,12.43,12.64,129590.0
2016-01-27,12.58,12.62,12.54,12.62,102690.0
2016-01-28,12.57,12.57,12.44,12.44,333500.0
2016-01-29,12.77,12.98,12.75,12.97,142290.0
2016-02-01,12.95,12.95,12.79,12.85,769800.0
2016-02-02,12.8,12.8,12.56,12.58,96510.0
2016-02-03,12.53,12.53,12.18,12.3,295330.0
2016-02-04,12.39,12.46,12.23,12.29,238080.0
2016-02-05,12.34,12.47,12.34,12.43,167630.0
2016-02-08,12.46,12.46,12.08,12.12,123050.0
2016-02-09,12.06,12.06,11.76,11.84,88010.0
2016-02-10,11.8,11.96,11.72,11.92,74840.0
2016-02-11,11.63,11.63,11.23,11.23,290390.0
2016-02-12,11.31,11.52,11.31,11.52,77710.0
2016-02-15,11.74,11.91,11.74,11.9,467760.0
2016-02-16,11.76,11.78,11.59,11.66,69120.0
2016-02-17,11.55,11.93,11.55,11.93,50670.0
2016-02-18,11.88,11.97,11.78,11.93,52040.0
2016-02-19,11.83,11.94,11.83,11.9,47550.0
2016-02-22,12.03,12.13,11.99,12.12,131150.0
2016-02-23,11.95,12.03,11.93,11.93,27290.0
2016-02-24,11.87,11.87,11.7,11.71,86570.0
2016-02-25,11.71,11.77,11.71,11.72,179330.0
2016-02-26,11.77,11.9,11.77,11.88,502630.0
2016-02-29,11.88,12.04,11.85,12.01,174300.0
2016-03-01,12.27,12.52,12.22,12.51,140500.0
2016-03-02,12.6,12.73,12.56,12.73,82540.0
2016-03-03,12.82,12.86,12.77,12.78,447220.0
2016-03-04,12.78,12.89,12.73,12.82,94240.0
2016-03-07,12.9,12.96,12.87,12.96,176420.0
2016-03-08,12.69,12.74,12.6,12.64,451910.0
2016-03-09,12.7,12.94,12.7,12.87,131360.0
2016-03-10,12.78,13.15,12.54,12.54,48350.0
2016-03-11,12.71,12.78,12.63,12.76,54770.0
2016-03-14,12.67,12.78,12.67,12.76,36490.0
2016-03-15,12.56,12.63,12.53,12.54,917750.0
2016-03-16,12.53,12.66,12.52,12.65,278180.0
2016-03-17,12.66,12.66,12.42,12.59,202030.0
2016-03-18,12.61,12.83,12.52,12.82,1260000.0
2016-03-21,12.85,12.97,12.85,12.93,20950.0
2016-03-22,12.89,13.05,12.85,13.05,199760.0
2016-03-23,13.01,13.06,12.92,12.97,179200.0
2016-03-24,12.97,12.98,12.84,12.88,923130.0
2016-03-29,12.8,12.95,12.8,12.85,119100.0
2016-03-30,12.9,13.02,12.88,12.97,240350.0
2016-03-31,12.96,12.98,12.83,12.98,101070.0
2016-04-01,12.82,12.86,12.69,12.86,1280000.0
2016-04-04,12.9,12.97,12.82,12.95,100450.0
2016-04-05,12.7,12.75,12.6,12.65,611270.0
2016-04-06,12.59,12.64,12.57,12.63,26740.0
2016-04-07,12.5,12.56,12.43,12.43,334190.0
2016-04-08,12.51,12.55,12.47,12.5,49310.0
2016-04-11,12.48,12.74,12.48,12.71,230710.0
2016-04-12,12.71,12.89,12.71,12.89,100650.0
2016-04-13,13.02,13.19,12.99,13.19,174080.0
2016-04-14,13.2,13.27,13.14,13.27,272150.0
2016-04-15,13.21,13.27,13.14,13.27,255150.0
2016-04-18,13.22,13.23,13.15,13.23,91110.0
2016-04-19,13.35,13.4,13.3,13.37,311770.0
2016-04-20,13.21,13.28,13.17,13.28,218340.0
2016-04-21,13.26,13.26,13.1,13.19,38620.0
2016-04-22,13.18,13.21,13.13,13.16,138060.0
2016-04-25,13.13,13.13,13.03,13.05,312210.0
2016-04-26,13.21,13.24,13.13,13.19,73710.0
2016-04-27,13.24,13.29,13.2,13.27,311500.0
2016-04-28,13.11,13.13,12.96,13.13,100150.0
2016-04-29,12.9,12.93,12.81,12.84,87000.0
2016-05-02,12.82,12.85,12.73,12.77,90550.0
2016-05-03,12.74,12.76,12.54,12.56,580340.0
2016-05-04,12.6,12.65,12.52,12.52,24930.0
2016-05-05,12.62,12.74,12.61,12.7,68910.0
2016-05-06,12.62,12.72,12.62,12.72,867910.0
2016-05-09,12.89,12.97,12.83,12.85,44890.0
2016-05-10,12.89,12.99,12.89,12.9,311880.0
2016-05-11,12.89,12.92,12.83,12.85,154570.0
2016-05-12,12.94,12.97,12.85,12.88,5300.0
2016-05-13,12.87,12.95,12.84,12.9,22940.0
2016-05-16,12.87,12.98,12.8,12.95,255080.0
2016-05-17,13.03,13.08,12.91,12.96,55400.0
2016-05-18,12.96,13.03,12.92,12.99,146720.0
2016-05-19,12.9,12.95,12.66,12.66,64140.0
2016-05-20,12.82,12.84,12.71,12.79,11310.0
2016-05-23,12.75,12.82,12.66,12.67,72940.0
2016-05-24,12.6,12.8,12.6,12.79,49610.0
2016-05-25,13.02,13.13,12.95,13.12,98700.0
2016-05-26,13.12,13.33,13.1,13.32,119150.0
2016-05-27,13.37,13.59,13.37,13.54,333150.0
2016-05-30,13.49,13.62,13.49,13.62,79260.0
2016-05-31,13.5,13.52,13.44,13.52,37290.0
2016-06-01,13.51,13.51,13.38,13.38,32420.0
2016-06-02,13.4,13.57,13.38,13.56,933450.0
2016-06-03,13.6,13.6,13.38,13.39,88510.0
2016-06-06,13.38,13.41,13.34,13.41,6410.0
2016-06-07,13.48,13.53,13.4,13.47,125540.0
2016-06-08,13.47,13.53,13.44,13.47,103470.0
2016-06-09,13.39,13.39,13.3,13.37,62660.0
2016-06-10,13.4,13.43,13.28,13.28,288550.0
2016-06-13,13.13,13.22,13.12,13.12,24280.0
2016-06-14,13.13,13.23,13.12,13.12,163170.0
2016-06-15,13.23,13.4,13.23,13.36,112580.0
2016-06-16,13.12,13.33,13.11,13.33,54870.0
2016-06-17,13.28,13.3,13.24,13.27,2780.0
2016-06-20,13.28,13.32,13.19,13.32,1370000.0
2016-06-21,13.23,13.29,13.21,13.27,65940.0
2016-06-22,13.27,13.3,13.2,13.3,591730.0
2016-06-23,13.21,13.34,13.21,13.31,226050.0
2016-06-24,13.06,13.31,12.95,13.16,176300.0
2016-06-27,13.29,13.29,13.12,13.15,266890.0
2016-06-28,13.27,13.33,13.24,13.3,1470000.0
2016-06-29,13.37,13.59,13.36,13.59,80940.0
2016-06-30,13.57,13.64,13.53,13.64,800350.0
2016-07-01,13.71,13.81,13.69,13.78,245390.0
2016-07-04,13.82,13.85,13.77,13.78,227160.0
2016-07-05,13.77,13.77,13.65,13.72,53880.0
2016-07-06,13.72,13.75,13.62,13.73,118360.0
2016-07-07,13.76,13.82,13.74,13.82,152420.0
2016-07-08,13.75,14.01,13.75,14.01,163570.0
2016-07-11,14.11,14.21,14.11,14.21,118340.0
2016-07-12,14.05,14.22,14.05,14.22,347010.0
2016-07-13,14.14,14.2,14.11,14.11,408920.0
2016-07-14,14.18,14.28,14.15,14.26,37290.0
2016-07-15,14.06,14.15,14.02,14.15,364380.0
2016-07-18,14.16,14.16,14.03,14.1,105170.0
2016-07-19,14.07,14.21,14.0,14.21,13040.0
2016-07-20,14.23,14.26,14.18,14.26,304400.0
2016-07-21,14.15,14.22,14.14,14.22,370980.0
2016-07-22,14.21,14.33,14.2,14.32,180710.0
2016-07-25,14.37,14.41,14.33,14.37,18930.0
2016-07-26,14.41,14.41,14.3,14.34,28630.0
2016-07-27,14.37,14.45,14.36,14.41,41200.0
2016-07-28,14.37,14.46,14.32,14.38,323830.0
2016-07-29,14.43,14.45,14.37,14.39,1510000.0
2016-08-01,14.46,14.49,14.43,14.46,352250.0
2016-08-02,14.44,14.44,14.24,14.26,476370.0
2016-08-03,14.12,14.16,14.07,14.16,120390.0
2016-08-04,14.24,14.34,14.2,14.32,165480.0
2016-08-05,14.4,14.61,14.37,14.59,129140.0
2016-08-08,14.6,14.64,14.57,14.62,44960.0
2016-08-09,14.47,14.59,14.47,14.57,385730.0
2016-08-10,14.4,14.4,14.24,14.29,742980.0
2016-08-11,14.29,14.36,14.24,14.36,161440.0
2016-08-12,14.43,14.46,14.37,14.41,102530.0
2016-08-15,14.51,14.51,14.44,14.46,13770.0
2016-08-16,14.24,14.27,14.16,14.2,106470.0
2016-08-17,14.21,14.22,14.1,14.1,186140.0
2016-08-18,14.22,14.22,14.13,14.19,159320.0
2016-08-19,14.11,14.14,14.05,14.14,257380.0
2016-08-22,14.07,14.07,13.95,13.96,38680.0
2016-08-23,13.99,14.1,13.97,14.09,187710.0
2016-08-24,14.12,14.21,14.07,14.21,92030.0
2016-08-25,14.16,14.19,13.99,14.07,116850.0
2016-08-26,14.03,14.16,13.95,14.13,171160.0
2016-08-29,14.05,14.21,14.05,14.21,8880.0
2016-08-30,14.34,14.46,14.33,14.41,162560.0
2016-08-31,14.48,14.54,14.43,14.45,79750.0
2016-09-01,14.48,14.52,14.38,14.38,42570.0
2016-09-02,14.42,14.69,14.4,14.65,88190.0
2016-09-05,14.75,14.77,14.7,14.77,41750.0
2016-09-06,14.73,14.86,14.73,14.8,119360.0
2016-09-07,14.79,14.79,14.72,14.72,106230.0
2016-09-08,14.71,14.73,14.61,14.7,58300.0
2016-09-09,14.57,14.57,14.43,14.45,278550.0
2016-09-12,14.28,14.32,14.2,14.32,313450.0
2016-09-13,14.36,14.36,14.12,14.16,208940.0
2016-09-14,14.23,14.31,14.21,14.22,97550.0
2016-09-15,14.2,14.36,14.2,14.36,4160.0
2016-09-16,14.4,14.43,14.26,14.36,18630.0
2016-09-19,14.39,14.47,14.39,14.47,34680.0
2016-09-20,14.38,14.43,14.35,14.43,107810.0
2016-09-21,14.49,14.5,14.43,14.46,29160.0
2016-09-22,14.44,14.61,14.44,14.6,365950.0
2016-09-23,14.55,14.57,14.49,14.51,64790.00000000001
2016-09-26,14.42,14.42,14.25,14.25,52420.0
2016-09-27,14.41,14.42,14.33,14.4,48620.0
2016-09-28,14.47,14.52,14.44,14.51,419640.0
2016-09-29,14.16,14.22,14.05,14.11,251960.0
2016-09-30,14.13,14.29,14.13,14.21,263520.0
2016-10-03,14.39,14.48,14.36,14.47,57260.0
2016-10-04,14.53,14.68,14.53,14.61,31730.0
2016-10-05,14.46,14.55,14.45,14.54,1960.0
2016-10-06,14.54,14.54,14.39,14.45,108400.0
2016-10-07,14.45,14.48,14.41,14.46,197610.0
2016-10-10,14.45,14.6,14.43,14.55,83340.0
2016-10-11,14.47,14.52,14.44,14.49,293460.0
2016-10-12,14.51,14.59,14.51,14.58,244900.0
2016-10-13,14.37,14.39,14.24,14.3,246920.0
2016-10-14,14.39,14.48,14.34,14.46,536980.0
2016-10-17,14.32,14.34,14.23,14.3,257090.0
2016-10-18,14.37,14.62,14.37,14.57,276570.0
2016-10-19,14.53,14.64,14.53,14.62,191580.0
2016-10-20,14.65,14.72,14.53,14.7,195250.0
2016-10-21,14.61,14.7,14.61,14.68,12330.0
2016-10-24,14.71,14.76,14.69,14.73,35160.0
2016-10-25,14.65,14.74,14.62,14.64,67830.0
2016-10-26,14.57,14.57,14.44,14.52,113890.0
2016-10-27,14.42,14.47,14.4,14.43,1830000.0
2016-10-28,14.44,14.51,14.41,14.51,147990.0
2016-10-31,14.34,14.4,14.34,14.38,161230.0
2016-11-01,14.51,14.51,14.2,14.2,38640.0
2016-11-02,14.09,14.12,13.96,14.01,424320.0
2016-11-03,13.99,14.05,13.96,13.99,421150.0
2016-11-04,13.87,13.87,13.78,13.82,317430.0
2016-11-07,14.07,14.09,13.91,14.09,262670.0
2016-11-08,14.02,14.1,13.98,14.06,136770.0
2016-11-09,13.71,14.02,13.71,14.02,591530.0
2016-11-10,14.24,14.28,13.74,13.87,263000.0
2016-11-11,13.66,13.79,13.3,13.32,336820.0
2016-11-14,13.43,13.52,13.37,13.44,129700.0
2016-11-15,13.33,13.44,13.2,13.44,156570.0
2016-11-16,13.53,13.53,13.28,13.35,951100.0
2016-11-17,13.4,13.4,13.27,13.4,362050.0
2016-11-18,13.44,13.48,13.39,13.46,141600.0
2016-11-21,13.24,13.25,13.14,13.25,733180.0
2016-11-22,13.22,13.31,13.21,13.29,566810.0
2016-11-23,13.35,13.38,13.27,13.29,132020.0
2016-11-24,13.38,13.38,13.26,13.28,58810.0
2016-11-25,13.52,13.61,13.52,13.55,140650.0
2016-11-28,13.55,13.62,13.46,13.62,199370.0
2016-11-29,13.7,13.71,13.58,13.62,641670.0
2016-11-30,13.66,13.82,13.66,13.79,1470000.0
2016-12-01,13.8,13.82,13.65,13.65,409830.0
2016-12-02,13.63,13.63,13.49,13.56,256420.00000000003
2016-12-05,13.61,13.64,13.51,13.55,218380.0
2016-12-06,13.59,13.65,13.54,13.63,8710.0
2016-12-07,13.59,13.69,13.52,13.65,280100.0
2016-12-08,13.85,14.11,13.8,14.06,156210.0
2016-12-09,14.02,14.18,14.01,14.17,235150.0
2016-12-12,14.01,14.01,13.87,13.99,975440.0
2016-12-13,13.86,13.97,13.86,13.95,325900.0
2016-12-14,13.9,13.96,13.86,13.86,215000.0
2016-12-15,14.0,14.1,13.99,14.09,17720.0
2016-12-16,14.04,14.04,13.98,14.01,698680.0
2016-12-19,13.91,13.98,13.9,13.9,573580.0
2016-12-20,13.89,13.97,13.89,13.97,36250.0
2016-12-21,13.91,13.95,13.79,13.83,427060.0
2016-12-22,13.61,13.62,13.51,13.54,212380.0
2016-12-23,13.64,13.64,13.59,13.63,407310.0
2016-12-27,13.54,13.66,13.51,13.63,7600.0
2016-12-28,13.68,13.69,13.62,13.68,98740.0
2016-12-29,13.69,13.78,13.69,13.76,20440.0
2016-12-30,13.87,13.87,13.75,13.79,163000.0
2017-01-02,13.81,13.96,13.81,13.95,18780.0
2017-01-03,13.95,14.12,13.95,14.01,49840.0
2017-01-04,14.05,14.07,13.99,14.05,19550.0
2017-01-05,14.1,14.13,14.03,14.03,25730.0
2017-01-06,13.98,14.02,13.74,14.01,111790.0
2017-01-09,13.94,13.98,13.93,13.93,144750.0
2017-01-10,13.94,14.02,13.9,13.98,35290.0
2017-01-11,14.05,14.25,14.05,14.18,639530.0
2017-01-12,14.04,14.13,14.04,14.07,22280.0
2017-01-13,14.04,14.14,13.99,14.14,325980.0
2017-01-16,14.09,14.19,14.09,14.18,194000.0
2017-01-17,14.03,14.06,14.0,14.0,32360.0
2017-01-18,14.09,14.13,14.04,14.06,70730.0
2017-01-19,14.09,14.15,14.06,14.12,112740.0
2017-01-20,13.94,13.96,13.91,13.93,184590.0
2017-01-23,13.87,13.97,13.85,13.95,220380.0
2017-01-24,13.96,14.09,13.96,14.08,197650.0
2017-01-25,14.18,14.35,14.16,14.32,360110.0
2017-01-26,14.38,14.42,14.38,14.41,97740.0
2017-01-27,14.43,14.43,14.38,14.39,155900.0
2017-01-30,14.41,14.53,14.39,14.44,90090.0
2017-01-31,14.33,14.35,14.21,14.27,748530.0
2017-02-01,14.31,14.6,14.31,14.52,825580.0
2017-02-02,14.51,14.6,14.49,14.6,909170.0
2017-02-03,14.53,14.69,14.53,14.68,1040000.0
2017-02-06,14.7,14.8,14.66,14.77,631300.0
2017-02-07,14.77,14.78,14.69,14.75,149760.0
2017-02-08,14.8,14.89,14.67,14.86,345530.0
2017-02-09,14.82,15.03,14.82,15.03,112760.0
2017-02-10,14.98,15.06,14.95,15.04,3330000.0
2017-02-13,14.97,15.1,14.94,15.1,2910000.0
2017-02-14,15.03,15.04,14.96,15.04,268480.0
2017-02-15,14.95,14.99,14.88,14.94,135720.0
2017-02-16,14.95,14.99,14.9,14.93,281300.0
2017-02-17,14.92,14.96,14.88,14.95,223180.0
2017-02-20,15.04,15.13,15.04,15.12,147670.0
2017-02-21,15.2,15.3,15.15,15.27,240180.0
2017-02-22,15.33,15.36,15.29,15.3,144500.0
2017-02-23,15.37,15.41,15.33,15.34,115600.0
2017-02-24,15.31,15.35,15.24,15.29,35870.0
2017-02-27,15.3,15.35,15.22,15.24,17720.0
2017-02-28,15.28,15.29,15.21,15.21,77190.0
2017-03-01,15.36,15.45,15.36,15.44,78210.0
2017-03-02,15.43,15.43,15.31,15.37,118450.0
2017-03-03,15.32,15.39,15.32,15.34,40450.0
2017-03-06,15.29,15.41,15.28,15.37,62820.0
2017-03-07,15.38,15.44,15.35,15.41,361370.0
2017-03-08,15.36,15.38,15.32,15.32,79060.0
2017-03-09,15.36,15.38,15.28,15.36,307100.0
2017-03-10,15.31,15.32,15.24,15.26,100900.0
2017-03-13,15.57,15.73,15.57,15.69,960800.0
2017-03-14,15.62,15.77,15.58,15.74,159090.0
2017-03-15,15.78,15.82,15.76,15.81,175000.0
2017-03-16,15.79,15.89,15.79,15.84,60200.0
2017-03-17,15.78,15.81,15.7,15.78,164560.0
2017-03-20,15.76,15.84,15.71,15.84,116280.0
2017-03-21,15.56,15.68,15.54,15.54,294930.0
2017-03-22,15.46,15.52,15.41,15.52,397490.0
2017-03-23,15.54,15.66,15.54,15.65,248690.0
2017-03-24,15.65,15.65,15.54,15.56,72110.0
2017-03-27,15.46,15.52,15.43,15.52,149580.0
2017-03-28,15.6,15.69,15.57,15.68,96310.0
2017-03-29,15.73,15.9,15.73,15.9,167110.0
2017-03-30,15.87,15.98,15.85,15.96,99840.0
2017-03-31,16.0,16.07,15.98,16.06,2570000.0
2017-04-03,16.1,16.18,16.09,16.13,283140.0
2017-04-04,16.2,16.2,16.13,16.18,238230.0
2017-04-05,16.16,16.27,16.14,16.23,136020.0
2017-04-06,16.16,16.33,16.15,16.33,192930.0
2017-04-07,16.34,16.43,16.31,16.43,844760.0
2017-04-10,16.36,16.36,16.27,16.27,234010.0
2017-04-11,16.34,16.38,16.21,16.23,92650.0
2017-04-12,16.21,16.27,16.2,16.2,131680.0
2017-04-13,16.19,16.22,16.14,16.18,82980.0
2017-04-18,16.15,16.18,15.85,15.88,71640.0
2017-04-19,15.88,15.88,15.81,15.86,385920.0
2017-04-20,15.86,15.88,15.8,15.85,40600.0
2017-04-21,15.93,15.95,15.82,15.85,118470.0
2017-04-24,15.86,15.89,15.84,15.88,315510.0
2017-04-25,16.0,16.07,15.99,15.99,574200.0
2017-04-26,16.1,16.18,16.03,16.17,555390.0
2017-04-27,16.07,16.12,16.05,16.06,523430.0
2017-04-28,16.07,16.09,15.93,16.0,223830.0
2017-05-02,15.98,16.09,15.98,16.09,237540.0
2017-05-03,16.07,16.08,16.01,16.01,144470.0
2017-05-04,16.06,16.08,15.95,15.98,1660000.0
2017-05-05,15.81,15.82,15.77,15.81,92200.0
2017-05-08,15.81,15.93,15.81,15.89,126380.0
2017-05-09,15.89,16.0,15.86,15.99,339020.0
2017-05-10,16.03,16.21,16.03,16.2,374810.0
2017-05-11,16.25,16.26,16.19,16.2,328180.0
2017-05-12,16.18,16.21,16.13,16.2,292020.0
2017-05-15,16.2,16.21,16.14,16.21,793820.0
2017-05-16,16.16,16.16,16.11,16.14,63030.0
2017-05-17,16.02,16.09,15.91,15.91,97520.0
2017-05-18,15.88,15.88,15.55,15.63,441920.0
2017-05-19,15.53,15.66,15.49,15.64,293610.0
2017-05-22,15.61,15.61,15.5,15.56,36520.0
2017-05-23,15.35,15.43,15.28,15.32,497110.0
2017-05-24,15.38,15.38,15.27,15.37,295840.0
2017-05-25,15.43,15.54,15.38,15.54,129840.0
2017-05-26,15.66,15.74,15.64,15.72,251270.0
2017-05-29,15.75,15.78,15.71,15.73,330320.0
2017-05-30,15.77,15.85,15.74,15.74,99090.0
2017-05-31,15.84,15.84,15.68,15.7,162650.0
2017-06-01,15.69,15.8,15.65,15.8,203830.0
2017-06-02,15.83,15.85,15.79,15.81,117140.0
2017-06-05,15.88,15.91,15.86,15.87,71340.0
2017-06-06,15.84,15.86,15.78,15.81,176050.0
2017-06-07,15.79,15.93,15.79,15.85,82530.0
2017-06-08,15.84,15.95,15.83,15.91,17230.0
2017-06-09,15.89,15.97,15.88,15.95,164910.0
2017-06-12,15.88,15.88,15.78,15.82,42780.0
2017-06-13,15.87,15.88,15.82,15.82,24760.0
2017-06-14,15.83,15.9,15.81,15.85,374900.0
2017-06-15,15.86,15.86,15.74,15.81,55010.0
2017-06-16,15.81,15.84,15.73,15.73,24360.0
2017-06-19,15.85,15.93,15.84,15.93,68850.0
2017-06-20,15.96,15.96,15.88,15.93,61090.0
2017-06-21,15.85,15.92,15.8,15.9,31290.0
2017-06-22,15.8,15.92,15.8,15.86,54850.0
2017-06-23,15.71,15.78,15.7,15.71,108510.0
2017-06-26,15.77,15.8,15.75,15.75,45250.0
2017-06-27,15.61,15.61,15.39,15.45,102720.0
2017-06-28,15.37,15.39,15.27,15.39,210010.0
2017-06-29,15.37,15.37,15.21,15.21,549050.0
2017-06-30,15.19,15.34,15.19,15.31,1970000.0
2017-07-03,15.39,15.5,15.39,15.49,296200.0
2017-07-04,15.44,15.54,15.44,15.54,7450.0
2017-07-05,15.53,15.63,15.53,15.63,108320.0
2017-07-06,15.64,15.68,15.54,15.54,12240.0
2017-07-07,15.53,15.59,15.52,15.57,8210.0
2017-07-10,15.63,15.88,15.63,15.87,476820.0
2017-07-11,15.86,15.88,15.74,15.76,165700.0
2017-07-12,15.78,16.0,15.77,15.96,37350.0
2017-07-13,15.94,16.1,15.94,16.09,785330.0
2017-07-14,16.02,16.12,16.0,16.09,515950.00000000006
2017-07-17,16.04,16.11,16.04,16.07,65370.00000000001
2017-07-18,15.95,15.97,15.78,15.8,57450.0
2017-07-19,15.96,16.07,15.95,16.05,64989.99999999999
2017-07-20,15.96,15.99,15.77,15.79,606760.0
2017-07-21,15.79,15.86,15.73,15.8,32890.0
2017-07-24,15.89,15.91,15.86,15.87,834020.0
2017-07-25,15.88,15.94,15.87,15.94,222120.0
2017-07-26,15.98,16.04,15.96,16.04,526030.0
2017-07-27,16.0,16.0,15.9,15.98,47720.0
2017-07-28,15.94,15.95,15.84,15.85,142430.0
2017-07-31,15.97,15.97,15.87,15.88,27180.0
2017-08-01,15.94,15.97,15.93,15.97,64900.00000000001
2017-08-02,15.96,15.98,15.89,15.89,97200.0
2017-08-03,15.95,15.98,15.81,15.81,55330.0
2017-08-04,15.84,16.14,15.84,16.11,97620.0
2017-08-07,16.07,16.08,15.99,16.0,18660.0
2017-08-08,15.93,16.05,15.88,16.05,60340.0
2017-08-09,15.88,15.91,15.73,15.76,54660.0
2017-08-10,15.71,15.71,15.46,15.5,294170.0
2017-08-11,15.39,15.41,15.28,15.29,65410.0
2017-08-14,15.43,15.55,15.43,15.53,572630.0
2017-08-15,15.54,15.56,15.5,15.55,351140.0
2017-08-16,15.57,15.73,15.55,15.73,67500.0
2017-08-17,15.72,15.81,15.7,15.7,173230.0
2017-08-18,15.56,15.66,15.53,15.66,436260.0
2017-08-21,15.55,15.6,15.38,15.4,51900.0
2017-08-22,15.46,15.53,15.43,15.53,13780.0
2017-08-23,15.51,15.56,15.46,15.55,52440.0
2017-08-24,15.6,15.66,15.59,15.6,27590.0
2017-08-25,15.61,15.66,15.56,15.56,5380.0
2017-08-28,15.56,15.6,15.55,15.58,73360.0
2017-08-29,15.34,15.34,15.18,15.26,112930.0
2017-08-30,15.54,15.56,15.48,15.48,3720.0
2017-08-31,15.61,15.73,15.56,15.64,221010.0
2017-09-01,15.71,15.86,15.6,15.82,78250.0
2017-09-04,15.56,15.63,15.5,15.61,10680.0
2017-09-05,15.66,15.68,15.61,15.64,111980.0
2017-09-06,15.57,15.64,15.57,15.61,56010.0
2017-09-07,15.63,15.63,15.54,15.54,43080.0
2017-09-08,15.49,15.52,15.44,15.5,54990.0
2017-09-11,15.64,15.69,15.61,15.69,182420.0
2017-09-12,15.7,15.85,15.7,15.82,115980.0
2017-09-13,15.82,15.82,15.73,15.79,225010.0
2017-09-14,15.87,15.89,15.8,15.85,50330.0
2017-09-15,15.79,15.85,15.72,15.76,38610.0
2017-09-18,15.9,15.96,15.84,15.86,24890.0
2017-09-19,15.79,15.82,15.77,15.82,112230.0
2017-09-20,15.74,15.78,15.74,15.75,17410.0
2017-09-21,15.76,15.79,15.62,15.62,240230.0
2017-09-22,15.46,15.46,15.34,15.36,59820.0
2017-09-25,15.26,15.27,15.13,15.21,175190.0
2017-09-26,15.19,15.3,15.16,15.26,120520.0
2017-09-27,15.12,15.18,15.01,15.02,120350.0
2017-09-28,15.05,15.12,15.02,15.06,81900.0
2017-09-29,15.2,15.23,15.08,15.14,317890.0
2017-10-02,15.23,15.28,15.21,15.23,111820.0
2017-10-03,15.34,15.34,15.28,15.31,82840.0
2017-10-04,15.43,15.55,15.41,15.54,239360.0
2017-10-05,15.48,15.61,15.48,15.61,574700.0
2017-10-06,15.64,15.68,15.55,15.56,364780.0
2017-10-09,15.61,15.64,15.57,15.62,32200.000000000004
2017-10-10,15.59,15.7,15.59,15.64,18430.0
2017-10-11,15.64,15.66,15.47,15.52,282510.0
2017-10-12,15.62,15.77,15.55,15.75,550070.0
2017-10-13,15.84,15.99,15.84,15.99,397000.0
2017-10-16,16.01,16.11,16.0,16.1,27280.0
2017-10-17,16.1,16.11,16.03,16.03,284440.0
2017-10-18,15.98,16.02,15.95,15.98,89250.0
2017-10-19,15.88,15.88,15.74,15.79,68620.0
2017-10-20,15.84,15.91,15.81,15.91,133100.0
2017-10-23,15.87,16.01,15.87,16.0,41850.0
2017-10-24,16.05,16.05,15.96,16.0,74590.0
2017-10-25,16.02,16.12,15.98,15.98,271410.0
2017-10-26,16.08,16.38,16.08,16.35,315480.0
2017-10-27,16.39,16.52,16.36,16.52,298100.0
2017-10-30,16.5,16.53,16.43,16.45,41160.0
2017-10-31,16.5,16.52,16.46,16.51,40300.0
2017-11-01,16.68,16.8,16.68,16.77,32990.0
2017-11-02,16.73,16.73,16.68,16.73,49120.0
2017-11-03,16.74,16.74,16.7,16.75,6120.0
2017-11-06,16.8,16.89,16.78,16.88,77930.0
2017-11-07,16.68,16.68,16.52,16.53,192080.0
2017-11-08,16.52,16.52,16.43,16.52,169310.0
2017-11-09,16.43,16.52,16.34,16.34,249870.0
2017-11-10,16.36,16.4,16.2,16.22,404220.0
2017-11-13,16.14,16.18,15.99,16.05,82160.0
2017-11-14,16.02,16.02,15.84,15.84,56590.0
2017-11-15,15.77,15.77,15.63,15.71,37570.0
2017-11-16,15.89,15.97,15.89,15.97,190440.0
2017-11-17,16.12,16.12,16.03,16.1,533790.0
2017-11-20,16.14,16.17,16.05,16.18,49500.0
2017-11-21,16.27,16.36,16.25,16.32,31410.0
2017-11-22,16.27,16.3,16.21,16.23,44330.0
2017-11-23,16.14,16.27,16.14,16.23,89970.0
2017-11-24,16.31,16.31,16.19,16.21,26070.0
2017-11-27,16.11,16.25,16.11,16.2,28530.0
2017-11-28,16.29,16.3,16.23,16.29,34300.0
2017-11-29,16.32,16.32,16.2,16.18,60210.0
2017-11-30,16.12,16.18,15.98,16.04,175850.0
2017-12-01,15.93,15.93,15.73,15.73,161500.0
2017-12-04,15.99,16.02,15.89,15.9,91120.0
2017-12-05,15.9,16.0,15.88,16.0,71970.0
2017-12-06,15.87,15.89,15.81,15.82,443120.0
2017-12-07,15.98,16.13,15.98,16.07,259050.0
2017-12-08,16.25,16.32,16.25,16.31,79220.0
2017-12-11,16.32,16.37,16.32,16.34,132700.0
2017-12-12,16.32,16.32,16.18,16.26,31520.0
2017-12-13,16.34,16.36,16.16,16.2,37270.0
2017-12-14,16.07,16.44,16.07,16.44,123040.0
2017-12-15,16.43,16.5,16.38,16.5,113450.0
2017-12-18,16.5,16.55,16.43,16.48,126550.0
2017-12-19,16.52,16.63,16.5,16.57,1030000.0
2017-12-20,16.61,16.61,16.51,16.52,175230.0
2017-12-21,16.54,16.59,16.48,16.55,46170.0
2017-12-22,16.61,16.66,16.57,16.65,20810.0
2017-12-27,16.64,16.75,16.59,16.59,177590.0
2017-12-28,16.59,16.59,16.5,16.57,113520.0
2017-12-29,16.69,16.7,16.65,16.66,30490.0
2018-01-02,16.53,16.57,16.47,16.47,1420000.0
2018-01-03,16.61,16.65,16.51,16.64,34130.0
2018-01-04,16.64,16.7,16.62,16.68,64190.0
2018-01-05,16.7,16.91,16.7,16.91,105590.0
2018-01-08,16.95,17.05,16.92,17.03,87560.0
2018-01-09,16.98,17.07,16.98,17.03,67140.0
2018-01-10,16.95,17.0,16.82,16.89,39570.0
2018-01-11,17.04,17.06,16.87,16.89,64920.0
2018-01-12,16.87,16.95,16.8,16.95,84310.0
2018-01-15,16.86,16.86,16.7,16.74,32690.0
2018-01-16,16.59,16.67,16.55,16.64,54410.0
2018-01-17,16.7,16.86,16.7,16.85,70300.0
2018-01-18,16.84,16.86,16.68,16.69,47600.0
2018-01-19,16.7,16.86,16.66,16.88,170890.0
2018-01-22,16.87,16.98,16.87,16.98,49070.0
2018-01-23,17.12,17.14,17.05,17.09,72100.0
2018-01-24,17.07,17.07,16.96,16.98,59130.0
2018-01-25,16.82,16.84,16.68,16.79,62450.0
2018-01-26,16.75,16.88,16.75,16.88,50850.0
2018-01-29,17.0,17.0,16.85,16.96,111650.0
2018-01-30,16.79,16.8,16.52,16.62,643100.0
2018-01-31,16.55,16.64,16.52,16.55,84850.0
2018-02-01,16.64,16.66,16.28,16.3,91560.0
2018-02-02,16.12,16.13,15.77,15.8,645590.0
2018-02-05,15.8,15.87,15.76,15.79,64310.0
2018-02-06,15.41,15.79,15.41,15.54,235180.0
2018-02-07,15.65,15.94,15.6,15.89,154400.0
2018-02-08,15.98,16.02,15.75,15.79,434610.0
2018-02-09,15.74,15.85,15.71,15.73,169250.0
2018-02-12,15.83,15.95,15.83,15.83,152220.0
2018-02-13,15.83,15.83,15.72,15.79,135880.0
2018-02-14,15.9,15.9,15.68,15.73,90540.0
2018-02-15,15.75,15.85,15.72,15.72,147570.0
2018-02-16,15.65,15.65,15.47,15.59,49820.0
2018-02-19,15.36,15.47,15.33,15.44,57670.0
2018-02-20,15.5,15.52,15.41,15.52,171080.0
2018-02-21,15.48,15.6,15.48,15.58,119010.0
2018-02-22,15.49,15.52,15.37,15.49,44380.0
2018-02-23,15.63,15.7,15.61,15.68,37700.0
2018-02-26,15.74,15.84,15.71,15.81,144950.0
2018-02-27,15.72,15.79,15.67,15.73,76180.0
2018-02-28,15.64,15.76,15.64,15.62,61990.0
2018-03-01,15.74,15.74,15.62,15.62,68510.0
2018-03-02,15.45,15.45,15.2,15.31,106020.0
2018-03-05,15.31,15.38,15.3,15.37,67730.0
2018-03-06,15.44,15.44,15.1,15.12,227730.0
2018-03-07,15.01,15.05,14.95,15.02,23690.0
2018-03-08,14.99,15.18,14.99,15.18,24490.0
2018-03-09,15.25,15.35,15.15,15.35,35000.0
2018-03-12,15.34,15.53,15.32,15.46,124560.0
2018-03-13,15.52,15.58,15.42,15.44,85770.0
2018-03-14,15.38,15.51,15.38,15.42,33680.0
2018-03-15,15.47,15.47,15.3,15.37,317820.0
2018-03-16,15.29,15.29,15.17,15.24,67720.0
2018-03-19,15.08,15.08,14.86,14.86,82560.0
2018-03-20,14.97,15.13,14.97,15.12,45320.0
2018-03-21,15.18,15.22,15.11,15.22,213830.0
2018-03-22,15.09,15.09,14.92,14.98,273320.0
2018-03-23,14.9,14.96,14.81,14.81,334810.0
2018-03-26,14.85,15.05,14.85,14.91,168590.0
2018-03-27,14.98,15.09,14.98,15.06,141580.0
2018-03-28,15.0,15.01,14.88,14.91,311210.0
2018-03-29,15.01,15.17,14.94,15.14,68780.0
2018-04-03,15.21,15.37,15.16,15.28,442740.0
2018-04-04,15.32,15.32,15.03,15.21,133800.0
2018-04-05,15.39,15.62,15.37,15.62,519270.0
2018-04-06,15.51,15.52,15.44,15.46,142580.0
2018-04-09,15.52,15.52,15.4,15.48,356700.0
2018-04-10,15.49,15.49,15.44,15.49,53630.0
2018-04-11,15.34,15.39,15.26,15.41,174410.0
2018-04-12,15.35,15.59,15.35,15.55,130720.0
2018-04-13,15.58,15.6,15.44,15.48,115270.0
2018-04-16,15.42,15.5,15.42,15.47,74920.0
2018-04-17,15.37,15.59,15.34,15.57,110690.0
2018-04-18,15.48,15.53,15.45,15.5,32500.0
2018-04-19,15.46,15.48,15.38,15.38,58450.0
2018-04-20,15.41,15.54,15.38,15.4,318930.0
2018-04-23,15.54,15.61,15.49,15.55,162600.0
2018-04-24,15.6,15.65,15.54,15.56,314660.0
2018-04-25,15.52,15.59,15.4,15.43,170490.0
2018-04-26,15.55,15.71,15.54,15.68,165430.0
2018-04-27,15.83,15.92,15.82,15.84,75150.0
2018-04-30,15.89,16.0,15.89,15.97,69500.0
2018-05-02,15.93,15.97,15.88,15.91,237000.0
2018-05-03,15.91,15.92,15.75,15.75,59350.0
2018-05-04,15.75,15.82,15.7,15.77,63210.0
2018-05-07,15.82,15.86,15.78,15.83,38190.0
2018-05-08,15.9,15.91,15.82,15.86,90190.0
2018-05-09,15.91,15.91,15.79,15.83,339500.0
2018-05-10,15.8,15.88,15.72,15.85,142680.0
2018-05-11,15.78,15.83,15.72,15.72,29550.0
2018-05-14,15.68,15.74,15.6,15.66,43210.0
2018-05-15,15.76,15.76,15.53,15.53,76770.0
2018-05-16,15.7,15.75,15.68,15.73,36170.0
2018-05-17,15.67,15.71,15.58,15.61,192240.0
2018-05-18,15.51,15.51,15.37,15.38,157400.0
2018-05-21,15.41,15.41,15.25,15.27,66880.0
2018-05-22,15.35,15.38,15.27,15.35,90810.0
2018-05-23,15.35,15.35,15.18,15.27,116680.0
2018-05-24,15.29,15.37,15.23,15.34,81470.0
2018-05-25,15.46,15.7,15.46,15.68,265220.0
2018-05-28,15.79,15.91,15.79,15.89,145230.0
2018-05-29,15.86,15.9,15.79,15.82,216910.0
2018-05-30,15.83,15.9,15.79,15.82,252930.0
2018-05-31,15.77,15.88,15.72,15.8,73640.0
2018-06-01,15.89,15.99,15.83,15.94,137260.0
2018-06-04,15.94,15.94,15.75,15.8,15130.0
2018-06-05,15.72,15.75,15.63,15.73,162250.0
2018-06-06,15.77,15.91,15.73,15.91,180700.0
2018-06-07,15.92,15.93,15.81,15.81,141590.0
2018-06-08,15.76,15.9,15.76,15.87,28200.0
2018-06-11,15.94,15.99,15.87,15.88,208090.0
2018-06-12,15.99,16.0,15.93,15.93,76240.0
2018-06-13,16.07,16.07,15.99,16.01,211640.0
2018-06-14,15.79,16.15,15.79,16.11,88710.0
2018-06-15,16.11,16.14,15.93,15.95,205930.0
2018-06-18,16.09,16.11,15.94,15.94,257510.0
2018-06-19,15.87,16.0,15.86,15.86,238630.0
2018-06-20,16.01,16.05,15.98,15.97,271870.0
2018-06-21,16.01,16.04,15.9,15.92,45460.0
2018-06-22,15.97,16.08,15.97,16.02,57080.0
2018-06-25,15.99,15.99,15.68,15.68,138680.0
2018-06-26,15.85,15.9,15.75,15.78,148770.0
2018-06-27,15.67,15.71,15.59,15.6,333140.0
2018-06-28,15.61,15.61,15.36,15.36,726930.0
2018-06-29,15.56,15.7,15.56,15.62,209600.0
2018-07-02,15.55,15.68,15.5,15.65,30860.0
2018-07-03,15.69,15.73,15.66,15.73,108020.0
2018-07-04,15.69,15.77,15.69,15.75,48300.0
2018-07-05,15.6,15.66,15.51,15.52,57750.0
2018-07-06,15.58,15.65,15.55,15.6,53230.0
2018-07-09,15.7,15.74,15.68,15.74,2300.0
2018-07-10,15.81,15.98,15.79,15.93,127140.0
2018-07-11,15.83,15.89,15.83,15.88,23030.0
2018-07-12,16.13,16.17,16.08,16.14,19950.0
2018-07-13,16.16,16.21,16.13,16.13,34040.0
2018-07-16,15.99,15.99,15.84,15.86,22210.0
2018-07-17,15.99,16.16,15.98,16.16,18600.0
2018-07-18,16.05,16.12,16.04,16.09,107930.0
2018-07-19,16.01,16.01,15.94,15.97,55090.0
2018-07-20,16.01,16.07,15.94,16.03,313150.0
2018-07-23,16.05,16.15,16.03,16.04,10670.0
2018-07-24,16.19,16.3,16.18,16.28,90310.0
2018-07-25,16.28,16.31,16.2,16.26,51110.0
2018-07-26,16.27,16.41,16.23,16.39,44160.0
2018-07-27,16.47,16.59,16.46,16.55,151570.0
2018-07-30,16.54,16.6,16.53,16.6,49730.0
2018-07-31,16.5,16.68,16.48,16.67,84650.0
2018-08-01,16.67,16.78,16.64,16.78,30590.0
2018-08-02,16.7,16.71,16.58,16.67,165860.0
2018-08-03,16.74,16.9,16.74,16.87,100760.0
2018-08-06,16.91,16.95,16.86,16.91,27730.0
2018-08-07,16.86,16.92,16.84,16.91,61090.0
2018-08-08,16.9,16.95,16.87,16.88,147030.0
2018-08-09,16.96,17.02,16.96,17.0,123430.0
2018-08-10,17.02,17.07,16.96,17.05,269720.0
2018-08-13,16.97,16.99,16.73,16.73,63090.0
2018-08-14,16.86,16.98,16.86,16.98,12470.0
2018-08-15,16.91,16.91,16.64,16.68,91790.0
2018-08-16,16.86,16.87,16.77,16.87,99930.0
2018-08-17,16.98,16.98,16.88,16.96,40350.0
2018-08-20,17.05,17.17,17.03,17.07,64030.0
2018-08-21,17.01,17.04,17.0,17.04,24360.0
2018-08-22,17.01,17.04,16.92,17.04,33530.0
2018-08-23,16.9,16.99,16.9,16.92,27150.0
2018-08-24,16.85,17.01,16.85,17.0,76460.0
2018-08-27,17.0,17.12,17.0,17.09,62820.0
2018-08-28,17.08,17.08,16.94,16.97,24930.0
2018-08-29,16.98,17.0,16.86,16.93,24880.0
2018-08-30,16.78,16.82,16.7,16.78,76640.0
2018-08-31,16.73,16.93,16.7,16.85,58840.0
2018-09-03,16.95,16.99,16.63,16.71,112010.0
2018-09-04,16.69,16.71,16.48,16.54,59130.0
2018-09-05,16.29,16.43,16.26,16.39,65340.0
2018-09-06,16.28,16.42,16.18,16.34,57850.0
2018-09-07,16.35,16.55,16.35,16.46,27480.0
2018-09-10,16.27,16.32,16.11,16.15,16940.0
2018-09-11,16.16,16.16,15.86,15.97,150600.0
2018-09-12,15.91,16.2,15.88,16.2,47650.0
2018-09-13,16.17,16.29,16.17,16.21,216860.0
2018-09-14,16.24,16.37,16.24,16.37,130500.0
2018-09-17,16.09,16.12,15.97,16.01,156520.0
2018-09-18,15.99,16.02,15.73,15.82,127710.0
2018-09-19,15.83,15.97,15.67,15.84,202480.0
2018-09-20,16.0,16.02,15.91,16.02,107250.0
2018-09-21,15.83,15.83,15.25,15.7,451610.0
2018-09-24,15.28,15.36,15.15,15.17,89660.0
2018-09-25,15.27,15.43,15.17,15.4,150850.0
2018-09-26,15.35,15.45,15.28,15.39,80440.0
2018-09-27,15.39,15.47,15.29,15.42,55500.0
2018-09-28,15.43,15.43,15.26,15.4,81600.0
2018-10-01,15.14,15.48,15.14,15.37,36210.0
2018-10-02,15.24,15.36,15.22,15.36,109810.0
2018-10-03,15.3,15.3,15.1,15.18,144350.0
2018-10-04,14.83,14.86,14.61,14.61,248600.0
2018-10-05,14.52,14.53,14.09,14.09,116680.0
2018-10-08,14.26,14.28,14.03,14.2,182510.0
2018-10-09,14.12,14.26,14.12,14.19,105880.0
2018-10-10,14.4,14.4,14.13,14.13,56140.0
2018-10-11,14.0,14.14,13.96,14.01,310240.0
2018-10-12,14.21,14.45,14.21,14.39,238090.0
2018-10-15,14.37,14.45,14.25,14.42,145200.0
2018-10-16,14.48,14.75,14.48,14.69,68140.0
2018-10-17,14.65,14.65,14.34,14.41,153980.0
2018-10-18,14.28,14.38,14.21,14.21,110250.0
2018-10-19,14.31,14.31,14.16,14.16,78320.0
2018-10-22,14.23,14.23,14.05,14.07,127840.0
2018-10-23,14.0,14.01,13.87,13.99,165810.0
2018-10-24,14.04,14.27,14.04,14.11,151800.0
2018-10-25,14.01,14.18,14.0,14.18,114200.0
2018-10-26,14.08,14.09,13.9,14.09,107050.0
2018-10-29,14.39,14.39,14.28,14.29,94690.0
2018-10-30,14.28,14.33,14.21,14.28,46580.0
2018-10-31,14.33,14.62,14.33,14.56,163090.0
2018-11-01,14.62,14.79,14.6,14.77,97670.0
2018-11-02,14.99,15.04,14.87,14.87,189840.0
2018-11-05,14.84,14.99,14.84,14.94,103970.0
2018-11-06,14.94,14.94,14.84,14.87,83150.0
2018-11-07,14.97,15.15,14.97,15.11,123760.0
2018-11-08,15.2,15.21,15.07,15.09,135760.0
2018-11-09,15.15,15.18,15.07,15.15,142410.0
2018-11-12,15.08,15.08,14.96,14.99,139370.0
2018-11-13,15.23,15.36,15.23,15.34,65239.99999999999
2018-11-14,15.25,15.37,15.22,15.29,65850.0
2018-11-15,15.3,15.42,15.26,15.42,107950.0
2018-11-16,15.4,15.42,15.32,15.4,40950.0
2018-11-19,15.37,15.5,15.37,15.46,93770.0
2018-11-20,15.36,15.36,15.23,15.23,102970.0
2018-11-21,15.29,15.44,15.29,15.41,128390.0
2018-11-22,15.29,15.35,15.19,15.3,41050.0
2018-11-23,15.32,15.49,15.32,15.45,87490.0
2018-11-26,15.45,15.53,15.4,15.53,12950.0
2018-11-27,15.54,15.62,15.48,15.62,222630.0
2018-11-28,15.68,15.85,15.68,15.85,158790.0
2018-11-29,15.85,16.04,15.85,16.04,144420.0
2018-11-30,15.93,16.1,15.91,16.05,97080.0
2018-12-03,16.03,16.03,15.86,15.93,26520.0
2018-12-04,15.9,15.9,15.76,15.87,21980.0
2018-12-05,15.9,15.9,15.73,15.73,122250.0
2018-12-06,15.6,15.6,15.25,15.36,146450.0
2018-12-07,15.37,15.49,15.22,15.22,176470.0
2018-12-10,15.11,15.11,14.43,14.49,124130.0
2018-12-11,15.11,15.12,14.97,14.97,115110.0
2018-12-12,15.24,15.52,15.24,15.52,37770.0
2018-12-13,15.49,15.57,15.42,15.57,75400.0
2018-12-14,15.45,15.64,15.45,15.64,30400.0
2018-12-17,15.62,15.73,15.58,15.64,56410.0
2018-12-18,15.74,15.97,15.72,15.97,54110.0
2018-12-19,16.05,16.07,15.98,15.98,93630.0
2018-12-20,15.96,16.1,15.94,15.98,39330.0
2018-12-21,15.67,15.77,15.61,15.73,25000.0
2018-12-24,15.63,15.81,15.55,15.55,580.0
2018-12-27,15.67,15.75,15.6,15.72,334160.0
2018-12-28,15.81,15.9,15.79,15.89,24140.0
2018-12-31,15.9,15.94,15.86,15.86,18690.0
2019-01-02,15.77,15.93,15.62,15.92,130930.0
2019-01-03,15.69,15.69,15.47,15.48,76750.0
2019-01-04,15.66,15.9,15.64,15.83,68450.0
2019-01-07,15.79,15.79,15.62,15.62,168040.0
2019-01-08,15.67,15.73,15.64,15.67,19460.0
2019-01-09,15.62,15.67,15.49,15.61,42530.0
2019-01-10,15.49,15.58,15.44,15.58,57770.0
2019-01-11,15.4,15.64,15.39,15.63,260800.0
2019-01-14,15.38,15.49,15.37,15.49,17320.0
2019-01-15,15.56,15.73,15.56,15.68,31590.0
2019-01-16,15.7,15.81,15.66,15.8,21540.0
2019-01-17,15.61,15.83,15.61,15.83,94870.0
2019-01-18,15.67,15.81,15.65,15.8,67150.0
2019-01-21,15.81,15.81,15.72,15.72,20720.0
2019-01-22,15.68,15.7,15.65,15.69,363260.0
2019-01-23,15.73,15.73,15.61,15.63,44360.0
2019-01-24,15.63,15.89,15.62,15.86,178970.0
2019-01-25,15.9,15.9,15.67,15.67,24020.0
2019-01-28,15.43,15.43,15.28,15.31,118340.0
2019-01-29,15.24,15.41,15.24,15.33,21130.0
2019-01-30,15.39,15.39,15.24,15.3,43600.0
2019-01-31,15.49,15.62,15.43,15.62,45420.0
2019-02-01,15.75,15.75,15.5,15.53,169760.0
2019-02-04,15.53,15.65,15.46,15.65,94270.0
2019-02-05,15.59,15.78,15.59,15.78,116450.0
2019-02-06,15.8,16.0,15.8,15.94,126130.0
2019-02-07,16.0,16.1,15.99,15.99,42190.0
2019-02-08,16.0,16.0,15.78,15.78,47830.0
2019-02-11,15.74,15.85,15.74,15.82,95820.0
2019-02-12,15.88,15.92,15.83,15.87,91630.0
2019-02-13,15.78,15.81,15.62,15.62,221830.0
2019-02-14,15.65,15.71,15.59,15.6,135620.0
2019-02-15,15.43,15.55,15.42,15.53,97770.0
2019-02-18,15.38,15.38,15.28,15.31,79400.0
2019-02-19,15.48,15.48,15.18,15.26,74700.0
2019-02-20,15.39,15.51,15.32,15.5,49060.0
2019-02-21,15.58,15.58,15.48,15.48,29800.0
2019-02-22,15.53,15.7,15.53,15.7,138500.0
2019-02-25,15.67,15.9,15.67,15.88,114760.0
2019-02-26,15.79,15.79,15.62,15.76,83560.0
2019-02-27,15.56,15.61,15.55,15.57,79040.0
2019-02-28,15.66,15.76,15.63,15.7,126000.0
2019-03-01,15.71,15.81,15.69,15.69,65470.0
2019-03-04,15.69,15.77,15.67,15.7,84940.0
2019-03-05,15.92,16.17,15.92,16.17,110150.0
2019-03-06,16.14,16.35,16.14,16.35,125290.0
2019-03-07,16.25,16.44,16.25,16.38,67580.0
2019-03-08,16.38,16.46,16.25,16.25,581840.0
2019-03-11,16.58,16.75,16.56,16.72,95260.0
2019-03-12,16.8,16.86,16.76,16.77,58720.0
2019-03-13,16.8,16.83,16.75,16.75,83550.0
2019-03-14,16.72,16.83,16.72,16.79,221670.0
2019-03-15,16.9,17.02,16.89,17.0,46780.0
2019-03-18,17.04,17.1,16.98,17.07,46570.0
2019-03-19,17.06,17.11,17.0,17.11,86940.0
2019-03-20,17.1,17.1,16.98,16.98,71470.0
2019-03-21,17.06,17.11,17.05,17.05,70070.0
2019-03-22,16.94,16.99,16.82,16.86,220600.0
2019-03-25,16.75,16.84,16.75,16.82,110140.0
2019-03-26,16.85,17.02,16.85,16.98,93550.0
2019-03-27,17.1,17.1,16.82,16.91,105170.0
2019-03-28,17.11,17.2,17.09,17.14,277780.0
2019-03-29,17.3,17.3,17.22,17.3,135450.0
2019-04-01,17.35,17.44,17.33,17.43,213750.0
2019-04-02,17.43,17.61,17.43,17.58,212750.0
2019-04-03,17.66,17.66,17.45,17.55,130860.0
2019-04-04,17.37,17.44,17.28,17.41,117710.0
2019-04-05,17.39,17.49,17.34,17.48,34460.0
2019-04-08,17.25,17.25,17.15,17.2,127010.0
2019-04-09,17.18,17.35,17.13,17.28,86350.0
2019-04-10,17.33,17.37,17.17,17.29,121810.0
2019-04-11,17.22,17.34,17.22,17.26,157500.0
2019-04-12,17.2,17.26,17.15,17.15,320170.0
2019-04-15,17.22,17.25,17.18,17.22,96820.0
2019-04-16,17.25,17.35,17.25,17.31,35680.0
2019-04-17,17.3,17.44,17.3,17.38,57890.0
2019-04-18,17.29,17.48,17.29,17.48,171020.0
2019-04-23,17.13,17.16,17.02,17.16,82020.0
2019-04-24,17.09,17.32,17.05,17.29,74810.0
2019-04-25,17.37,17.39,17.18,17.25,96490.0
2019-04-26,17.25,17.46,17.25,17.46,69740.0
2019-04-29,17.45,17.47,17.41,17.42,18290.0
2019-04-30,17.23,17.38,17.21,17.32,40870.0
2019-05-02,17.34,17.35,17.28,17.28,125110.0
2019-05-03,17.42,17.46,17.33,17.4,103780.0
2019-05-06,17.15,17.18,17.08,17.12,101790.0
2019-05-07,17.12,17.15,16.77,16.77,101090.0
2019-05-08,16.77,16.83,16.56,16.56,57270.0
2019-05-09,16.47,16.5,16.19,16.19,62760.0
2019-05-10,16.47,16.47,16.23,16.26,52330.0
2019-05-13,16.29,16.29,15.95,15.95,40110.0
2019-05-14,16.05,16.3,16.05,16.3,58620.0
2019-05-15,16.34,16.34,16.15,16.18,34370.0
2019-05-16,16.22,16.48,16.2,16.48,48270.0
2019-05-17,16.48,16.59,16.48,16.57,22280.0
2019-05-20,17.23,17.34,17.22,17.22,204680.0
2019-05-21,17.32,17.32,17.06,17.14,101250.0
2019-05-22,17.11,17.2,17.1,17.18,50100.0
2019-05-23,17.31,17.36,17.0,17.1,135930.0
2019-05-24,17.17,17.3,17.17,17.25,71200.0
2019-05-27,17.4,17.4,17.28,17.35,129230.0
2019-05-28,17.34,17.46,17.27,17.43,1080000.0
2019-05-29,17.36,17.37,17.25,17.33,98770.0
2019-05-30,17.49,17.52,17.42,17.47,30090.0
2019-05-31,17.41,17.6,17.32,17.6,101270.0
2019-06-03,17.67,17.85,17.65,17.75,134330.0
2019-06-04,17.57,17.66,17.53,17.59,122750.0
2019-06-05,17.55,17.66,17.5,17.5,51870.0
2019-06-06,17.49,17.5,17.29,17.29,18690.0
2019-06-07,17.31,17.33,17.19,17.26,106070.0
2019-06-10,17.25,17.29,17.2,17.26,58530.0
2019-06-11,17.33,17.41,17.31,17.31,41380.0
2019-06-12,17.23,17.3,17.22,17.24,29850.0
2019-06-13,17.22,17.31,17.22,17.24,20710.0
2019-06-14,17.19,17.21,17.1,17.15,58820.0
2019-06-17,17.04,17.06,16.87,16.97,36260.0
2019-06-18,17.01,17.21,16.98,17.17,84940.0
2019-06-19,17.03,17.06,16.9,16.98,32950.0
2019-06-20,17.0,17.26,16.97,17.17,101170.0
2019-06-21,17.05,17.05,16.91,16.94,81310.0
2019-06-24,16.84,16.86,16.77,16.86,28220.0
2019-06-25,16.89,17.02,16.86,17.02,109070.0
2019-06-26,17.1,17.14,17.04,17.1,111270.0
2019-06-27,17.15,17.22,17.13,17.21,198040.0
2019-06-28,17.14,17.14,17.05,17.06,78150.0
2019-07-01,17.3,17.3,17.2,17.28,33600.0
2019-07-02,17.28,17.45,17.28,17.43,293970.0
2019-07-03,17.44,17.48,17.4,17.46,309490.0
2019-07-04,17.48,17.59,17.46,17.56,365380.0
2019-07-05,17.51,17.57,17.25,17.32,116020.0
2019-07-08,17.08,17.12,16.95,17.1,256250.0
2019-07-09,17.01,17.12,16.98,17.12,112930.0
2019-07-10,16.97,17.04,16.9,16.98,47730.0
2019-07-11,17.02,17.03,16.95,16.96,167800.0
2019-07-12,16.97,17.07,16.95,17.0,82890.0
2019-07-15,17.01,17.08,16.96,17.08,53340.0
2019-07-16,17.17,17.24,17.14,17.21,7660.0
2019-07-17,17.27,17.27,17.16,17.17,7010.0
2019-07-18,17.09,17.1,17.0,17.04,119920.0
2019-07-19,16.82,16.85,16.75,16.8,126040.0
2019-07-22,16.73,16.84,16.71,16.82,68980.0
2019-07-23,16.85,16.9,16.79,16.82,21140.0
2019-07-24,16.67,16.75,16.67,16.74,53100.0
2019-07-25,16.74,16.82,16.56,16.65,101600.0
2019-07-26,16.71,16.81,16.71,16.8,53650.0
2019-07-29,16.57,16.69,16.57,16.64,22410.0
2019-07-30,16.65,16.68,16.33,16.33,55860.0
2019-07-31,16.4,16.46,16.37,16.43,29630.0
2019-08-01,16.41,16.54,16.25,16.42,207620.0
2019-08-02,16.2,16.3,16.05,16.07,151300.0
2019-08-05,15.87,15.9,15.54,15.54,90220.0
2019-08-06,15.73,15.88,15.59,15.59,121790.0
2019-08-07,15.76,15.77,15.3,15.43,188310.0
2019-08-08,15.67,15.96,15.64,15.96,55110.0
2019-08-09,16.14,16.16,15.87,15.9,84130.0
2019-08-12,15.98,15.99,15.78,15.78,92100.0
2019-08-13,15.84,15.84,15.51,15.79,67980.0
2019-08-14,15.87,15.9,15.67,15.72,145680.0
2019-08-15,15.77,15.79,15.46,15.66,87970.0
2019-08-16,15.93,16.06,15.93,15.99,54630.0
2019-08-19,16.1,16.11,15.9,15.9,32890.0
2019-08-20,15.87,15.93,15.85,15.88,41640.0
2019-08-21,15.81,15.81,15.71,15.76,78870.0
2019-08-22,15.61,15.62,15.4,15.43,147410.0
2019-08-23,15.64,15.87,15.63,15.68,144340.0
2019-08-26,15.71,15.91,15.68,15.91,137290.0
2019-08-27,16.0,16.1,15.91,16.07,127990.0
2019-08-28,15.95,15.96,15.81,15.95,28520.0
2019-08-29,15.72,15.94,15.72,15.94,25090.0
2019-08-30,15.87,16.14,15.87,16.06,40580.0
2019-09-02,15.91,15.96,15.87,15.94,40190.0
2019-09-03,15.86,15.86,15.7,15.77,543500.0
2019-09-04,15.67,15.76,15.65,15.71,102610.0
2019-09-05,15.73,15.8,15.7,15.77,50980.0
2019-09-06,15.88,15.96,15.88,15.96,30960.0
2019-09-09,16.06,16.06,15.96,16.01,26350.0
2019-09-10,15.93,16.0,15.88,15.99,391330.0
2019-09-11,16.1,16.15,16.07,16.12,253410.0
2019-09-12,16.17,16.26,16.08,16.15,52110.0
2019-09-13,16.08,16.26,16.03,16.25,41270.0
2019-09-16,15.98,16.12,15.91,16.09,85480.0
2019-09-17,15.87,15.89,15.7,15.88,108790.0
2019-09-18,15.9,15.91,15.86,15.86,32630.000000000004
2019-09-19,15.72,15.72,15.61,15.7,80180.0
2019-09-20,16.34,16.64,16.34,16.62,325390.0
2019-09-23,16.86,16.96,16.81,16.95,126330.0
2019-09-24,16.92,16.92,16.85,16.86,65660.0
2019-09-25,16.75,16.76,16.62,16.75,104430.0
2019-09-26,16.81,16.94,16.81,16.87,154870.0
2019-09-27,16.94,16.98,16.87,16.95,51600.0
2019-09-30,16.74,16.94,16.72,16.93,99000.0
2019-10-01,16.85,16.85,16.51,16.51,36860.0
2019-10-02,16.52,16.52,16.37,16.37,58460.0
2019-10-03,16.5,16.58,16.41,16.45,64319.99999999999
2019-10-04,16.54,16.54,16.31,16.41,52920.0
2019-10-07,16.34,16.34,16.21,16.25,49550.0
2019-10-08,16.2,16.24,16.06,16.13,48090.0
2019-10-09,16.27,16.45,16.27,16.35,69850.0
2019-10-10,16.31,16.42,16.27,16.42,53350.0
2019-10-11,16.35,16.51,16.35,16.46,54400.0
2019-10-14,16.52,16.52,16.36,16.36,35190.0
2019-10-15,16.44,16.49,16.41,16.45,22150.0
2019-10-16,16.47,16.55,16.43,16.5,27640.0
2019-10-17,16.53,16.7,16.53,16.69,256570.0
2019-10-18,16.76,16.82,16.74,16.79,44210.0
2019-10-21,16.8,16.88,16.66,16.72,200230.0
2019-10-22,16.76,16.78,16.62,16.7,132140.0
2019-10-23,16.74,16.76,16.63,16.74,39580.0
2019-10-24,16.62,16.75,16.56,16.75,93610.0
2019-10-25,16.67,16.84,16.56,16.84,29290.0
2019-10-28,16.85,16.93,16.84,16.9,59260.0
2019-10-29,17.11,17.11,17.03,17.07,64950.0
2019-10-30,17.08,17.18,17.05,17.13,146640.0
2019-10-31,17.19,17.19,17.05,17.11,118230.0
2019-11-01,17.14,17.3,17.12,17.25,85950.0
2019-11-04,17.27,17.33,17.25,17.29,77040.0
2019-11-05,17.26,17.37,17.25,17.32,130660.0
2019-11-06,17.38,17.39,17.29,17.37,69050.0
2019-11-07,17.4,17.45,17.38,17.42,38890.0
2019-11-08,17.25,17.29,17.14,17.2,30140.0
2019-11-11,17.05,17.1,17.04,17.08,19110.0
2019-11-12,17.08,17.08,17.04,17.04,187650.0
2019-11-13,17.05,17.09,16.89,16.93,32870.0
2019-11-14,16.91,17.0,16.91,16.91,16200.0
2019-11-15,17.05,17.1,16.99,17.02,50640.0
2019-11-18,16.93,16.98,16.88,16.9,60080.0
2019-11-19,16.97,17.04,16.94,16.95,15410.0
2019-11-20,17.11,17.15,17.08,17.14,24920.0
2019-11-21,17.05,17.08,16.98,17.04,37990.0
2019-11-22,16.97,17.04,16.93,17.04,47690.0
2019-11-25,17.27,17.42,17.27,17.4,52610.0
2019-11-26,17.38,17.38,17.28,17.3,65790.0
2019-11-27,17.41,17.48,17.36,17.48,17510.0
2019-11-28,17.45,17.48,17.39,17.46,92910.0
2019-11-29,17.31,17.31,17.2,17.2,34370.0
2019-12-02,17.21,17.25,17.08,17.08,166620.0
2019-12-03,17.04,17.09,16.94,16.95,38260.0
2019-12-04,17.01,17.21,17.0,17.2,82750.0
2019-12-05,17.2,17.2,17.14,17.17,70560.0
2019-12-06,17.02,17.1,16.92,17.09,119830.0
2019-12-09,17.18,17.18,17.12,17.15,96500.0
2019-12-10,17.11,17.11,17.02,17.04,90840.0
2019-12-11,17.07,17.17,17.03,17.14,30590.0
2019-12-12,17.14,17.25,17.05,17.21,75050.0
2019-12-13,17.28,17.3,17.22,17.29,49880.0
2019-12-16,17.26,17.26,17.16,17.25,42270.0
2019-12-17,17.32,17.34,17.29,17.33,23820.0
2019-12-18,17.31,17.45,17.31,17.4,43090.0
2019-12-19,17.42,17.49,17.39,17.48,28790.0
2019-12-20,17.45,17.6,17.43,17.6,102040.0
2019-12-23,17.46,17.54,17.46,17.47,49260.0
2019-12-24,17.47,17.47,17.43,17.43,530.0
2019-12-27,17.38,17.47,17.33,17.33,142930.0
2019-12-30,17.32,17.38,17.28,17.3,45070.0
2019-12-31,17.31,17.33,17.16,17.16,14740.0
2020-01-02,17.34,17.48,17.31,17.43,121540.0
2020-01-03,17.32,17.33,17.25,17.26,116000.0
2020-01-06,16.93,16.95,16.84,16.94,51830.0
2020-01-07,16.93,17.02,16.91,17.02,15200.0
2020-01-08,16.94,17.18,16.93,17.11,34510.0
2020-01-09,17.39,17.54,17.37,17.54,90720.0
2020-01-10,17.52,17.68,17.52,17.61,20830.0
2020-01-13,17.65,17.72,17.64,17.68,130480.0
2020-01-14,17.68,17.82,17.68,17.74,50350.0
2020-01-15,17.69,17.76,17.69,17.73,8460.0
2020-01-16,17.76,17.8,17.7,17.72,120260.0
2020-01-17,17.8,17.88,17.79,17.87,52900.0
2020-01-20,17.73,17.75,17.7,17.74,76390.0
2020-01-21,17.63,17.67,17.57,17.6,128190.0
2020-01-22,17.56,17.58,17.52,17.55,18530.0
2020-01-23,17.62,17.62,17.51,17.53,8540.0
2020-01-24,17.77,17.81,17.75,17.79,11290.0
2020-01-27,17.67,17.7,17.53,17.54,73800.0
2020-01-28,17.65,17.65,17.52,17.61,75620.0
2020-01-29,17.66,17.73,17.64,17.64,26290.0
2020-01-30,17.39,17.44,17.28,17.32,82400.0
2020-01-31,17.33,17.36,17.03,17.03,145680.0
2020-02-03,16.75,16.98,16.7,16.89,113180.0
2020-02-04,17.28,17.38,17.25,17.38,112550.0
2020-02-05,17.37,17.62,17.37,17.56,61450.0
2020-02-06,17.7,17.75,17.67,17.74,20700.0
2020-02-07,17.67,17.72,17.59,17.67,42340.0
2020-02-10,17.59,17.76,17.58,17.76,85720.0
2020-02-11,17.91,17.91,17.81,17.88,24210.0
2020-02-12,17.95,18.02,17.93,18.01,40450.0
2020-02-13,17.87,18.06,17.87,18.06,27890.0
2020-02-14,18.05,18.05,17.9,17.91,70360.0
2020-02-17,17.89,17.93,17.86,17.93,16970.0
2020-02-18,17.62,17.88,17.62,17.8,26840.0
2020-02-19,17.96,18.09,17.96,18.06,62580.0
2020-02-20,18.06,18.06,17.83,17.83,32290.0
2020-02-21,17.74,17.82,17.69,17.75,71310.0
2020-02-24,17.66,17.66,17.24,17.24,107200.0
2020-02-25,17.46,17.47,17.23,17.25,249860.0
2020-02-26,17.27,17.32,17.09,17.26,195730.0
2020-02-27,16.94,16.97,16.63,16.66,102250.0
2020-02-28,16.25,16.25,15.76,15.82,120110.0
2020-03-02,16.26,16.35,15.47,15.5,387460.0
2020-03-03,15.79,15.97,15.76,15.86,131300.0
2020-03-04,15.54,15.92,15.5,15.82,317220.0
2020-03-05,15.95,15.95,15.45,15.45,406730.0
2020-03-06,15.22,15.25,14.86,14.86,122690.0
2020-03-09,14.07,14.39,13.69,13.81,59800.0
2020-03-10,13.98,14.46,13.98,14.07,106710.0
2020-03-11,14.48,14.49,14.16,14.26,131510.0
2020-03-12,13.34,13.4,12.0,12.0,174880.0
2020-03-13,13.76,14.07,13.33,13.65,53520.0
2020-03-16,12.86,12.92,12.24,12.58,47150.0
2020-03-17,12.9,13.1,12.48,12.93,26050.0
2020-03-18,12.12,12.38,11.93,12.12,349530.0
2020-03-19,11.8,12.0,11.39,11.55,219460.0
2020-03-20,12.36,12.73,12.15,12.15,166510.0
2020-03-23,11.12,11.12,10.47,10.47,62370.0
2020-03-24,11.04,11.29,10.58,10.78,178540.0
2020-03-25,11.45,11.94,11.32,11.47,146050.0
2020-03-26,11.9,12.49,11.83,12.45,51520.0
2020-03-27,11.98,12.0,11.65,11.68,39270.0
2020-03-30,11.69,11.69,11.41,11.57,126810.0
2020-03-31,11.96,12.22,11.96,12.15,493290.0
2020-04-01,11.59,11.59,11.36,11.36,305950.0
2020-04-02,11.48,11.72,11.48,11.56,48730.0
2020-04-03,11.55,11.66,11.32,11.41,181050.0
2020-04-06,11.73,11.9,11.64,11.89,122270.0
2020-04-07,12.25,12.56,12.2,12.39,197620.0
2020-04-08,12.59,12.59,12.27,12.46,70180.0
2020-04-09,12.81,12.98,12.7,12.87,47950.0
2020-04-14,12.97,13.1,12.89,12.94,154110.0
2020-04-15,12.98,12.98,12.39,12.47,80770.0
2020-04-16,12.73,12.76,12.54,12.68,68540.0
2020-04-17,12.87,13.19,12.87,12.94,255810.0
2020-04-20,12.96,13.06,12.9,12.99,74290.0
2020-04-21,12.61,12.62,12.41,12.41,24480.0
2020-04-22,12.78,13.05,12.78,13.03,250050.0
2020-04-23,13.22,13.39,13.18,13.32,83240.0
2020-04-24,13.16,13.19,12.88,12.88,153010.0
2020-04-27,13.19,13.23,13.09,13.15,141480.0
2020-04-28,13.13,13.38,13.13,13.27,162060.0
2020-04-29,13.43,13.68,13.43,13.61,153950.0
2020-04-30,13.95,14.02,13.66,13.66,119530.0
2020-05-04,13.24,13.26,13.11,13.17,136940.0
2020-05-05,13.24,13.34,13.12,13.21,56880.0
2020-05-06,13.33,13.33,12.97,12.99,47550.0
2020-05-07,13.15,13.23,13.12,13.15,133010.0
2020-05-08,13.34,13.4,13.26,13.36,84140.0
2020-05-11,13.42,13.46,13.21,13.27,77520.0
2020-05-12,13.15,13.79,13.15,13.77,363020.0
2020-05-13,13.52,13.56,13.36,13.36,41610.0
2020-05-14,13.29,13.3,12.94,13.18,337400.0
2020-05-15,13.2,13.2,12.94,13.01,18730.0
2020-05-18,12.84,13.03,12.68,13.03,44360.0
2020-05-19,12.86,12.86,12.62,12.76,96310.0
2020-05-20,12.81,13.03,12.77,12.97,94250.0
2020-05-21,12.98,13.06,12.95,12.95,96100.0
2020-05-22,12.91,13.07,12.9,13.0,72740.0
2020-05-25,12.99,13.1,12.94,13.1,38120.0
2020-05-26,13.03,13.03,12.82,12.98,118060.0
2020-05-27,12.97,13.16,12.9,13.01,99660.0
2020-05-28,13.2,13.34,13.2,13.29,63150.0
2020-05-29,13.17,13.38,13.15,13.33,77910.0
2020-06-01,13.8,13.8,13.65,13.67,38940.0
2020-06-02,13.78,14.0,13.76,13.93,142560.0
2020-06-03,13.94,13.97,13.78,13.97,15180.0
2020-06-04,13.71,13.87,13.7,13.71,76260.0
2020-06-05,13.66,14.07,13.65,14.05,81960.0
2020-06-08,13.99,13.99,13.85,13.92,25210.0
2020-06-09,14.04,14.04,13.7,13.71,12970.0
2020-06-10,13.78,13.85,13.69,13.71,205630.0
2020-06-11,13.59,13.59,13.13,13.13,52150.0
2020-06-12,13.25,13.64,13.25,13.5,148280.0
2020-06-15,13.39,13.58,13.39,13.49,81560.0
2020-06-16,13.56,13.7,13.38,13.56,132200.0
2020-06-17,13.62,13.69,13.56,13.68,110390.0
2020-06-18,13.65,13.8,13.65,13.77,297940.0
2020-06-19,13.93,14.05,13.91,14.01,39130.0
2020-06-22,14.14,14.21,14.1,14.2,78570.0
2020-06-23,14.24,14.36,14.24,14.35,35070.0
2020-06-24,14.3,14.3,14.01,14.02,84290.0
2020-06-25,14.04,14.2,14.0,14.16,32940.0
2020-06-26,14.23,14.29,14.11,14.11,27810.0
2020-06-29,14.05,14.15,14.02,14.13,25250.0
2020-06-30,14.21,14.21,14.07,14.07,77870.0
2020-07-01,14.21,14.37,14.19,14.31,353680.0
2020-07-02,14.4,14.69,14.4,14.68,313130.0
2020-07-03,14.69,14.76,14.63,14.76,7390.0
2020-07-06,14.87,14.9,14.8,14.9,13110.0
2020-07-07,14.74,14.94,14.73,14.94,13240.0
2020-07-08,14.82,14.82,14.57,14.61,9650.0
2020-07-09,14.67,14.82,14.67,14.69,28470.0
2020-07-10,14.67,14.78,14.67,14.71,70810.0
2020-07-13,14.83,14.91,14.76,14.91,58430.0
2020-07-14,14.52,14.52,14.37,14.47,58720.0
2020-07-15,14.7,14.7,14.42,14.62,102800.0
2020-07-16,14.52,14.68,14.52,14.68,97180.0
2020-07-17,14.77,14.95,14.74,14.91,91720.0
2020-07-20,14.9,15.05,14.87,15.05,7720.0
2020-07-21,15.14,15.24,15.14,15.16,54840.0
2020-07-22,15.11,15.12,14.97,15.04,36000.0
2020-07-23,15.05,15.07,15.0,15.05,6050.0
2020-07-24,14.89,15.02,14.82,14.99,22340.0
2020-07-27,14.88,14.89,14.81,14.86,15360.0
2020-07-28,15.02,15.07,15.0,15.07,55180.0
2020-07-29,15.02,15.03,14.85,14.86,73790.0
2020-07-30,14.97,14.97,14.63,14.71,40010.0
2020-07-31,14.67,14.77,14.6,14.65,10030.0
2020-08-03,14.65,14.7,14.58,14.66,84120.0
2020-08-04,14.76,14.84,14.7,14.81,2910.0
2020-08-05,14.85,14.86,14.75,14.79,51100.0
2020-08-06,14.88,14.95,14.85,14.91,11170.0
2020-08-07,14.92,15.01,14.92,15.01,25850.0
2020-08-10,15.12,15.14,15.08,15.1,95040.0
2020-08-11,15.18,15.24,15.15,15.2,10000.0
2020-08-12,15.2,15.2,15.12,15.19,30870.0
2020-08-13,15.09,15.13,15.04,15.12,73710.0
2020-08-14,15.19,15.19,14.89,15.05,42090.0
2020-08-17,14.97,15.06,14.95,15.06,158420.0
2020-08-18,15.04,15.13,14.99,15.1,64970.0
2020-08-19,15.11,15.13,15.02,15.13,47100.0
2020-08-20,15.05,15.05,14.96,15.04,60280.0
2020-08-21,15.11,15.18,15.1,15.13,1420.0
2020-08-24,15.24,15.39,15.2,15.34,31770.0
2020-08-25,15.31,15.34,15.27,15.3,45190.0
2020-08-26,15.32,15.43,15.29,15.43,33760.0
2020-08-27,15.5,15.57,15.49,15.51,46090.0
2020-08-28,15.64,15.67,15.59,15.67,28110.0
2020-08-31,15.41,15.43,15.0,15.02,57070.0
2020-09-01,15.31,15.41,15.26,15.36,107200.0
2020-09-02,15.37,15.54,15.36,15.46,65239.99999999999
2020-09-03,15.58,15.58,15.34,15.34,61690.0
2020-09-04,15.35,15.47,15.15,15.22,27190.0
2020-09-07,15.26,15.36,15.22,15.36,58060.0
2020-09-08,15.4,15.4,15.11,15.17,39780.0
2020-09-09,15.21,15.32,15.21,15.3,1280.0
2020-09-10,15.49,15.52,15.45,15.51,7160.0
2020-09-11,15.55,15.58,15.48,15.55,38480.0
2020-09-14,15.7,15.7,15.53,15.58,20370.0
2020-09-15,15.63,15.69,15.58,15.69,15380.0
2020-09-16,15.71,15.82,15.7,15.82,11150.0
2020-09-17,15.73,15.75,15.68,15.74,40740.0
2020-09-18,15.82,15.84,15.63,15.63,159610.0
2020-09-21,15.7,15.7,15.36,15.38,135010.0
2020-09-22,15.37,15.39,15.32,15.36,17000.0
2020-09-23,15.43,15.43,15.26,15.28,52570.0
2020-09-24,15.03,15.07,14.89,14.98,31580.0
2020-09-25,15.17,15.33,15.17,15.33,30190.0
2020-09-28,15.51,15.58,15.51,15.56,9850.0
2020-09-29,15.52,15.55,15.44,15.45,14050.0
2020-09-30,15.49,15.65,15.47,15.61,12670.0
2020-10-01,15.71,15.8,15.68,15.73,37140.0
2020-10-02,15.55,15.7,15.55,15.7,34310.0
2020-10-05,15.88,15.89,15.8,15.85,27180.0
2020-10-06,15.88,16.02,15.84,15.98,33430.0
2020-10-07,16.05,16.16,16.04,16.16,16050.0
2020-10-08,16.24,16.29,16.15,16.19,35390.0
2020-10-09,16.24,16.3,16.2,16.27,8119.999999999999
2020-10-12,16.19,16.25,16.1,16.23,2300.0
2020-10-13,16.21,16.24,16.15,16.21,55650.0
2020-10-14,16.19,16.4,16.16,16.39,17920.0
2020-10-15,16.18,16.19,15.96,16.04,29430.0
2020-10-16,16.06,16.09,15.99,16.04,57710.0
2020-10-19,16.18,16.18,16.07,16.08,23470.0
2020-10-20,16.18,16.18,16.01,16.07,15170.0
2020-10-21,16.08,16.12,15.8,15.99,43190.0
2020-10-22,15.9,15.95,15.84,15.95,34090.0
2020-10-23,16.08,16.08,15.88,15.93,378960.0
2020-10-26,15.75,15.75,15.65,15.68,46200.0
2020-10-27,15.74,15.84,15.74,15.81,45540.0
2020-10-28,15.71,15.71,15.49,15.51,57080.0
2020-10-29,15.6,15.61,15.47,15.59,160340.0
2020-10-30,15.52,15.61,15.5,15.57,27380.0
2020-11-02,15.54,15.67,15.52,15.55,25410.0
2020-11-03,15.73,15.73,15.6,15.62,26320.0
2020-11-04,15.64,16.07,15.64,16.07,12250.0
2020-11-05,15.99,16.11,15.96,16.09,19580.0
2020-11-06,16.04,16.17,16.04,16.17,4520.0
2020-11-09,16.23,16.76,16.2,16.69,14370.0
2020-11-10,16.38,16.48,16.34,16.45,35260.0
2020-11-11,16.46,16.65,16.46,16.56,64780.0
2020-11-12,16.47,16.53,16.45,16.47,26010.0
2020-11-13,16.55,16.58,16.52,16.58,155910.0
2020-11-16,16.61,16.82,16.54,16.82,47000.0
2020-11-17,16.66,16.72,16.56,16.72,24240.0
2020-11-18,16.65,16.8,16.65,16.77,40240.0
2020-11-19,16.75,16.75,16.57,16.65,7950.0
2020-11-20,16.59,16.67,16.59,16.67,25400.0
2020-11-23,16.75,16.77,16.68,16.7,16770.0
2020-11-24,16.84,16.91,16.84,16.91,9110.0
2020-11-25,16.81,16.81,16.59,16.76,50640.0
2020-11-26,16.68,16.82,16.64,16.78,4210.0
2020-11-27,16.7,16.79,16.64,16.64,12610.0
2020-11-30,16.44,16.6,16.42,16.49,63370.0
2020-12-01,16.85,16.92,16.84,16.86,32200.000000000004
2020-12-02,16.69,16.86,16.68,16.82,195510.0
2020-12-03,16.79,16.86,16.77,16.82,3070.0
2020-12-04,16.86,16.95,16.86,16.95,17650.0
2020-12-07,17.06,17.17,17.02,17.14,43600.0
2020-12-08,17.16,17.21,17.14,17.17,9450.0
2020-12-09,17.3,17.37,17.25,17.25,12140.0
2020-12-10,17.21,17.33,17.19,17.3,29460.0
2020-12-11,17.35,17.35,17.16,17.29,20230.0
2020-12-14,17.31,17.36,17.28,17.3,26420.0
2020-12-15,17.29,17.37,17.28,17.36,20860.0
2020-12-16,17.45,17.45,17.32,17.42,9360.0
2020-12-17,17.48,17.49,17.34,17.36,13720.0
2020-12-18,17.42,17.48,17.41,17.47,17300.0
2020-12-21,17.36,17.36,16.65,16.82,155420.0
2020-12-22,16.85,17.11,16.85,17.08,22050.0
2020-12-23,17.28,17.36,17.24,17.33,3580.0
2020-12-24,17.49,17.54,17.39,17.54,6020.0
2020-12-28,17.63,17.72,17.56,17.72,20340.0
2020-12-29,17.69,17.7,17.61,17.7,7710.0
2020-12-30,17.68,17.79,17.66,17.77,47120.0
2020-12-31,17.83,17.83,17.74,17.83,13090.0
2021-01-04,18.02,18.14,18.0,18.01,74020.0
2021-01-05,18.14,18.22,18.1,18.18,19730.0
2021-01-06,18.12,18.2,17.93,18.2,24330.0
2021-01-07,18.18,18.18,18.1,18.15,37630.0
2021-01-08,18.36,18.56,18.32,18.55,70880.0
2021-01-11,18.62,18.73,18.59,18.64,15840.0
2021-01-12,18.8,18.87,18.75,18.87,20740.0
2021-01-13,18.67,18.82,18.57,18.77,19500.0
2021-01-14,18.82,18.92,18.82,18.89,5570.0
2021-01-15,18.79,18.79,18.59,18.67,13460.0
2021-01-18,18.48,18.51,18.35,18.45,19120.0
2021-01-19,18.66,18.72,18.54,18.57,26270.0
2021-01-20,18.77,18.92,18.77,18.88,178050.0
2021-01-21,19.03,19.04,18.74,18.79,42410.0
2021-01-22,18.56,18.59,18.45,18.57,21800.0
2021-01-25,18.46,18.46,18.16,18.19,51590.0
2021-01-26,18.12,18.23,18.11,18.2,90460.0
2021-01-27,18.13,18.14,17.91,17.98,12020.0
2021-01-28,17.92,18.12,17.81,18.11,11240.0
2021-01-29,17.85,17.85,17.48,17.56,111080.0
2021-02-01,18.1,18.37,18.1,18.27,35030.0
2021-02-02,18.69,18.88,18.67,18.85,39060.0
2021-02-03,19.08,19.08,18.95,19.04,53480.0
2021-02-04,19.08,19.22,19.08,19.19,112200.0
2021-02-05,19.12,19.24,19.1,19.18,40330.0
2021-02-08,19.32,19.41,19.3,19.39,166000.0
2021-02-09,19.38,19.44,19.18,19.26,18950.0
2021-02-10,19.13,19.36,19.12,19.23,93080.0
2021-02-11,19.35,19.49,19.35,19.46,30250.0
2021-02-12,19.48,19.56,19.34,19.48,20270.0
2021-02-15,19.58,19.66,19.55,19.6,25940.0
2021-02-16,19.52,19.55,19.44,19.44,22420.0
2021-02-17,19.5,19.63,19.46,19.57,57390.0
2021-02-18,19.5,19.57,19.38,19.43,29480.0
2021-02-19,19.35,19.42,19.2,19.38,35620.0
2021-02-22,18.96,19.0,18.84,18.91,34450.0
2021-02-23,19.0,19.04,18.85,18.98,8550.0
2021-02-24,19.04,19.23,19.0,19.23,69010.0
2021-02-25,19.33,19.33,19.14,19.14,22780.0
2021-02-26,18.61,18.72,18.16,18.4,25440.0
2021-03-01,18.84,19.06,18.84,19.03,83530.0
2021-03-02,19.02,19.31,19.02,19.17,52970.0
2021-03-03,19.47,19.68,19.47,19.53,48360.0
2021-03-04,19.64,19.75,19.48,19.7,29960.0
2021-03-05,19.63,19.63,19.41,19.41,29590.0
2021-03-08,19.62,19.8,19.56,19.7,10110.0
2021-03-09,19.6,19.9,19.55,19.88,22400.0
2021-03-10,19.83,19.95,19.8,19.88,52200.0
2021-03-11,20.05,20.17,20.05,20.09,30650.0
2021-03-12,19.8,19.8,19.61,19.71,45170.0
2021-03-15,19.38,19.66,19.35,19.6,30660.0
2021-03-16,19.62,19.84,19.59,19.79,77010.0
2021-03-17,19.59,19.6,19.31,19.38,85770.0
2021-03-18,19.18,19.18,18.98,19.05,47950.0
2021-03-19,19.2,19.43,19.19,19.42,41570.0
2021-03-22,19.41,19.54,19.4,19.54,39110.0
2021-03-23,19.63,19.72,19.56,19.63,75550.0
2021-03-24,19.46,19.48,19.29,19.36,19260.0
2021-03-25,19.04,19.19,19.0,19.14,29660.0
2021-03-26,19.42,19.47,19.3,19.33,166640.0
2021-03-29,19.48,19.55,19.43,19.49,32780.0
2021-03-30,19.59,19.65,19.47,19.55,164080.0
2021-03-31,19.54,19.58,19.44,19.58,14410.0
2021-04-01,19.58,19.78,19.58,19.68,72710.0
2021-04-06,19.44,19.47,19.35,19.41,27640.0
2021-04-07,19.34,19.39,19.13,19.19,44280.0
2021-04-08,19.47,19.5,19.27,19.33,165800.0
2021-04-09,19.27,19.28,19.17,19.21,86340.0
2021-04-12,18.55,18.59,18.43,18.44,81040.0
2021-04-13,18.44,18.64,18.4,18.57,188490.0
2021-04-14,18.85,18.91,18.79,18.79,7180.0
2021-04-15,18.42,18.75,18.35,18.74,13200.0
2021-04-16,18.89,18.98,18.79,18.82,46120.0
2021-04-19,18.32,18.39,18.25,18.25,39970.0
2021-04-20,18.34,18.36,17.89,17.91,41100.0
2021-04-21,17.83,17.97,17.76,17.91,95960.0
2021-04-22,18.24,18.33,18.21,18.23,14220.0
2021-04-23,18.3,18.37,18.12,18.21,17570.0
2021-04-26,18.35,18.39,18.3,18.35,84960.0
2021-04-27,18.55,18.65,18.52,18.6,79320.0
2021-04-28,18.84,18.92,18.81,18.83,43000.0
2021-04-29,18.94,19.0,18.76,18.78,68740.0
2021-04-30,18.92,18.93,18.64,18.76,53890.0
2021-05-03,18.69,18.89,18.67,18.89,102100.0
2021-05-04,18.94,18.97,18.53,18.58,56580.0
2021-05-05,18.84,19.01,18.82,19.01,42640.0
2021-05-06,19.01,19.15,18.98,19.15,33420.0
2021-05-07,19.09,19.25,19.09,19.25,127990.0
2021-05-10,19.25,19.26,19.08,19.12,33490.0
2021-05-11,19.22,19.22,18.94,19.07,26200.0
2021-05-12,19.07,19.07,18.91,18.91,36800.0
2021-05-13,18.75,18.96,18.69,18.96,40140.0
2021-05-14,18.95,19.08,18.95,19.08,45930.0
2021-05-17,19.21,19.33,19.12,19.27,36250.0
2021-05-18,19.45,19.45,19.34,19.42,17130.0
2021-05-19,19.36,19.36,19.2,19.25,24590.0
2021-05-20,19.31,19.35,19.22,19.33,102810.0
2021-05-21,19.37,19.55,19.34,19.46,100700.0
2021-05-24,19.55,19.58,19.45,19.58,74780.0
2021-05-25,19.6,19.6,19.51,19.52,41210.0
2021-05-26,19.67,19.74,19.66,19.74,11770.0
2021-05-27,19.88,19.94,19.85,19.94,96020.0
2021-05-28,20.03,20.05,19.99,20.0,21900.0
2021-05-31,20.11,20.12,20.05,20.05,68140.0
2021-06-01,20.01,20.1,19.98,20.02,15080.0
2021-06-02,19.97,20.26,19.95,20.24,72460.0
2021-06-03,20.25,20.43,20.24,20.39,117000.0
2021-06-04,20.46,20.51,20.39,20.49,33100.0
2021-06-07,20.5,20.57,20.43,20.43,23160.0
2021-06-08,20.48,20.56,20.44,20.47,14960.0
2021-06-09,20.52,20.52,20.24,20.38,72350.0
2021-06-10,20.49,20.53,20.44,20.5,19880.0
2021-06-11,20.54,20.65,20.51,20.57,21140.0
2021-06-14,20.55,20.65,20.54,20.63,60230.0
2021-06-15,20.66,20.67,20.52,20.52,26630.0
2021-06-16,20.56,20.59,20.45,20.53,58150.0
2021-06-17,20.52,20.58,20.4,20.53,24080.0
2021-06-18,20.35,20.56,20.35,20.41,16050.0
2021-06-21,20.48,20.61,20.48,20.57,24070.0
2021-06-22,20.71,20.73,20.5,20.56,18030.0
2021-06-23,20.55,20.55,20.41,20.46,33500.0
2021-06-24,20.53,20.55,20.5,20.55,46420.0
2021-06-25,20.56,20.59,20.52,20.58,60010.0
2021-06-28,20.58,20.67,20.55,20.57,17930.0
2021-06-29,20.51,20.56,20.5,20.53,118170.0
2021-06-30,20.59,20.6,20.43,20.53,66930.0
2021-07-01,20.5,20.57,20.4,20.42,12940.0
2021-07-02,20.4,20.56,20.37,20.54,77330.0
2021-07-05,20.61,20.67,20.57,20.66,33610.0
2021-07-06,20.65,20.65,20.44,20.48,52340.0
2021-07-07,20.57,20.67,20.54,20.62,19420.0
2021-07-08,20.6,20.6,20.35,20.43,20500.0
2021-07-09,20.47,20.56,20.46,20.56,33430.0
2021-07-12,20.56,20.58,20.38,20.53,87190.0
2021-07-13,20.57,20.66,20.55,20.66,7580.0
2021-07-14,20.69,20.74,20.66,20.66,1720.0
2021-07-15,20.73,20.8,20.68,20.78,31410.0
2021-07-16,20.76,20.8,20.69,20.7,39330.0
2021-07-19,20.67,20.67,20.39,20.46,18090.0
2021-07-20,20.47,20.61,20.43,20.55,22070.0
2021-07-21,20.55,20.57,20.43,20.54,71020.0
2021-07-22,20.8,20.82,20.71,20.8,14780.0
2021-07-23,20.92,20.95,20.83,20.86,14510.0
2021-07-26,20.92,20.92,20.82,20.89,25910.0
2021-07-27,20.81,20.81,20.59,20.59,41480.0
2021-07-28,20.6,20.75,20.57,20.67,92300.0
2021-07-29,20.76,20.76,20.69,20.72,6230.0
2021-07-30,20.71,20.81,20.58,20.8,83020.0
2021-08-02,20.83,20.91,20.8,20.91,7340.0
2021-08-03,21.16,21.23,21.02,21.2,9380.0
2021-08-04,21.26,21.38,21.24,21.38,55770.0
2021-08-05,21.37,21.52,21.35,21.46,65150.00000000001
2021-08-06,21.39,21.46,21.36,21.46,49410.0
2021-08-09,21.47,21.51,21.39,21.44,2300.0
2021-08-10,21.54,21.54,21.36,21.4,660.0
2021-08-11,21.41,21.6,21.36,21.55,4690.0
2021-08-12,21.59,21.64,21.54,21.58,7070.0
2021-08-13,21.75,21.78,21.64,21.68,3260.0
2021-08-16,21.71,21.8,21.71,21.74,6110.0
2021-08-17,21.85,21.96,21.7,21.94,81930.0
2021-08-18,22.03,22.03,21.94,21.94,13650.0
2021-08-19,21.7,21.7,21.53,21.7,42550.0
2021-08-20,21.8,21.91,21.74,21.91,86000.0
2021-08-23,21.88,21.91,21.77,21.91,54660.0
2021-08-24,21.88,22.01,21.86,22.0,35080.0
2021-08-25,22.02,22.04,21.94,21.97,13790.0
2021-08-26,21.96,22.02,21.89,22.02,3180.0
2021-08-27,22.1,22.41,22.08,22.41,33310.0
2021-08-30,22.48,22.69,22.48,22.66,10150.0
2021-08-31,22.77,22.98,22.76,22.94,6600.0
2021-09-01,22.99,23.07,22.92,22.98,29330.0
2021-09-02,23.1,23.19,23.06,23.16,15440.0
2021-09-03,23.16,23.31,23.08,23.31,26420.0
2021-09-06,23.33,23.35,23.29,23.35,15790.0
2021-09-07,23.28,23.28,23.1,23.26,44180.0
2021-09-08,23.11,23.27,23.03,23.1,22920.0
2021-09-09,23.11,23.32,23.09,23.3,4870.0
2021-09-10,23.31,23.35,23.25,23.28,3590.0
2021-09-13,23.29,23.33,23.23,23.27,1980.0
2021-09-14,23.34,23.35,23.24,23.29,18250.0
2021-09-15,23.43,23.52,23.41,23.45,75350.0
2021-09-16,23.64,23.69,23.58,23.67,97890.0
2021-09-17,23.65,23.65,23.44,23.44,25320.0
2021-09-20,23.52,23.52,23.22,23.3,26290.0
2021-09-21,23.31,23.5,23.31,23.39,148170.0
2021-09-22,23.49,23.59,23.43,23.59,49180.0
2021-09-23,23.79,23.9,23.73,23.82,142010.0
2021-09-24,23.86,23.86,23.73,23.83,52210.0
2021-09-27,23.85,23.89,23.71,23.81,22930.0
2021-09-28,23.55,23.61,23.35,23.41,49570.0
2021-09-29,23.42,23.55,23.42,23.5,19300.0
2021-09-30,23.61,23.65,23.5,23.57,50670.0
2021-10-01,23.41,23.67,23.36,23.57,11190.0
2021-10-04,23.6,23.72,23.44,23.45,43150.0
2021-10-05,23.65,23.88,23.65,23.82,59780.0
2021-10-06,23.79,23.79,23.46,23.58,57880.0
2021-10-07,23.82,23.84,23.7,23.83,48700.0
2021-10-08,23.78,23.91,23.7,23.72,17720.0
2021-10-11,23.86,23.94,23.65,23.73,16600.0
2021-10-12,23.66,23.9,23.63,23.88,26440.0
2021-10-13,24.05,24.21,24.04,24.12,32470.0
2021-10-14,24.18,24.32,24.09,24.29,28400.0
2021-10-15,24.28,24.48,24.28,24.48,45600.0
2021-10-18,24.49,24.5,24.28,24.36,46860.0
2021-10-19,24.54,24.54,24.06,24.2,103610.0
2021-10-20,24.06,24.17,24.0,24.06,26550.0
2021-10-21,23.88,23.93,23.73,23.84,103880.0
2021-10-22,23.81,23.82,23.59,23.59,33600.0
2021-10-25,23.64,23.77,23.58,23.73,16320.0
2021-10-26,23.79,24.08,23.71,24.02,44620.0
2021-10-27,24.09,24.09,23.86,23.94,23030.0
2021-10-28,23.76,23.76,23.4,23.45,29860.0
2021-10-29,23.36,23.48,23.12,23.48,22450.0
2021-11-01,23.59,23.74,23.59,23.65,50530.0
2021-11-02,23.68,23.79,23.58,23.75,9640.0
2021-11-03,23.68,23.82,23.67,23.74,53480.0
2021-11-04,23.98,23.98,23.88,23.88,26010.0
2021-11-05,23.95,24.2,23.95,24.13,3470.0
2021-11-08,24.27,24.44,24.27,24.39,16640.0
2021-11-09,24.27,24.35,24.16,24.16,27830.0
2021-11-10,24.25,24.4,24.2,24.39,40820.0
2021-11-11,24.29,24.48,24.16,24.47,13150.0
2021-11-12,24.61,24.82,24.6,24.79,21290.0
2021-11-15,24.73,24.84,24.65,24.8,7410.0
2021-11-16,24.84,24.88,24.68,24.76,26170.0
2021-11-17,24.91,24.91,24.68,24.68,2950.0
2021-11-18,24.62,24.66,24.31,24.37,17460.0
2021-11-19,24.5,24.55,24.42,24.48,22670.0
2021-11-22,24.16,24.19,23.93,24.12,53890.0
2021-11-23,24.32,24.34,24.22,24.26,15800.0
2021-11-24,24.4,24.4,24.08,24.1,16880.0
2021-11-25,24.3,24.39,24.3,24.38,41820.0
2021-11-26,23.66,23.66,23.02,23.02,51200.0
2021-11-29,23.45,23.49,23.2,23.2,9840.0
2021-11-30,23.36,23.39,23.08,23.33,63210.0
2021-12-01,23.39,23.63,23.36,23.63,86750.0
2021-12-02,23.71,23.85,23.55,23.82,19040.0
2021-12-03,23.65,23.65,23.38,23.42,11640.0
2021-12-06,23.29,23.29,22.91,23.14,16980.0
2021-12-07,23.41,23.57,23.38,23.57,65319.99999999999
2021-12-08,23.7,23.79,23.68,23.7,25370.0
2021-12-09,23.75,23.8,23.68,23.8,13400.0
2021-12-10,23.62,23.85,23.6,23.75,13280.0
2021-12-13,23.69,23.72,23.42,23.42,3340.0
2021-12-14,23.56,23.56,23.36,23.41,22980.0
2021-12-15,23.36,23.45,23.12,23.12,35810.0
2021-12-16,23.27,23.34,23.19,23.32,210570.0
2021-12-17,22.96,23.01,22.79,22.94,24440.0
2021-12-20,22.42,22.64,22.32,22.54,22080.0
2021-12-21,22.98,22.98,22.7,22.89,12640.0
2021-12-22,23.03,23.23,23.0,23.23,12780.0
2021-12-23,23.29,23.47,23.23,23.47,12080.0
2021-12-24,23.18,23.34,23.18,23.24,830.0
2021-12-27,23.34,23.57,23.34,23.49,2600.0
2021-12-28,23.66,23.79,23.6,23.7,3800.0
2021-12-29,23.7,23.78,23.62,23.63,1750.0
2021-12-30,23.79,23.89,23.78,23.8,6800.0
2021-12-31,24.07,24.07,23.93,23.95,26350.0
2022-01-03,24.23,24.34,24.14,24.3,22890.0
2022-01-04,24.36,24.54,24.33,24.46,10110.0
2022-01-05,24.56,24.63,24.53,24.55,14900.0
2022-01-06,24.38,24.47,24.29,24.39,57000.0
2022-01-07,24.5,24.56,24.33,24.46,20980.0
2022-01-10,24.64,24.78,24.54,24.59,20420.0
2022-01-11,24.85,24.99,24.74,24.99,36600.0
2022-01-12,24.98,25.12,24.9,25.08,44920.0
2022-01-13,24.85,25.02,24.85,24.98,95340.0
2022-01-14,24.78,24.92,24.76,24.87,90600.0
2022-01-17,24.98,25.05,24.91,25.0,9350.0
2022-01-18,24.9,24.9,24.58,24.76,24350.0
2022-01-19,24.46,24.64,24.4,24.5,12340.0
2022-01-20,24.3,24.56,24.22,24.56,24070.0
2022-01-21,24.15,24.15,23.91,24.08,22370.0
2022-01-24,23.48,23.48,22.9,22.95,45380.0
2022-01-25,23.33,23.58,23.33,23.47,50660.0
2022-01-26,23.36,23.48,23.35,23.47,9730.0
2022-01-27,23.14,23.49,23.14,23.46,99600.0
2022-01-28,23.81,23.81,23.37,23.47,16100.000000000002
2022-01-31,23.88,24.0,23.82,23.89,24570.0
2022-02-01,23.87,24.14,23.87,24.11,4860.0
2022-02-02,24.1,24.21,24.06,24.14,6600.0
2022-02-03,23.96,23.96,23.56,23.59,12440.0
2022-02-04,23.51,23.56,23.35,23.39,13490.0
2022-02-07,23.26,23.31,23.1,23.23,1530.0
2022-02-08,23.26,23.35,23.2,23.33,2970.0
2022-02-09,23.44,23.57,23.43,23.57,11090.0
2022-02-10,23.58,23.62,23.34,23.36,12470.0
2022-02-11,23.24,23.27,23.1,23.2,70880.0
2022-02-14,22.79,22.79,22.49,22.64,34640.0
2022-02-15,22.83,23.28,22.83,23.25,86970.0
2022-02-16,23.39,23.45,23.11,23.14,30200.0
2022-02-17,23.31,23.36,23.15,23.21,6720.0
2022-02-18,23.4,23.4,23.18,23.18,6300.0
2022-02-21,23.28,23.3,23.03,23.14,8180.0
2022-02-22,22.74,23.19,22.7,23.12,75810.0
2022-02-23,23.12,23.18,22.92,22.93,20500.0
2022-02-24,22.06,22.25,21.7,21.79,35390.0
2022-02-25,22.49,22.79,22.49,22.79,58020.0
2022-02-28,22.69,22.95,22.63,22.88,120460.0
2022-03-01,22.97,23.0,22.66,22.66,10950.0
2022-03-02,22.66,23.08,22.62,23.08,10140.0
2022-03-03,22.79,22.79,22.53,22.53,54210.0
2022-03-04,22.51,22.57,22.15,22.17,43120.0
2022-03-07,21.75,22.0,21.62,21.8,34020.0
2022-03-08,21.65,22.1,21.65,21.81,44340.0
2022-03-09,22.33,22.57,22.33,22.54,26520.0
2022-03-10,22.76,22.76,22.35,22.46,25910.0
2022-03-11,22.7,23.06,22.66,22.66,10690.0
2022-03-14,22.91,23.22,22.89,22.95,6470.0
2022-03-15,22.71,23.17,22.53,23.15,37700.0
2022-03-16,23.19,23.62,23.15,23.62,27920.0
2022-03-17,23.71,23.75,23.5,23.55,17460.0
2022-03-18,23.51,23.69,23.5,23.66,11920.0
2022-03-21,23.43,23.45,23.27,23.4,26670.0
2022-03-22,23.61,23.77,23.6,23.72,63980.0
2022-03-23,23.58,23.58,23.4,23.42,21600.0
2022-03-24,23.64,23.73,23.55,23.64,93920.0
2022-03-25,23.45,23.62,23.44,23.57,13440.0
2022-03-28,23.62,23.81,23.61,23.75,52800.0
2022-03-29,23.81,24.05,23.72,23.99,30480.0
2022-03-30,23.92,23.92,23.76,23.8,49070.0
2022-03-31,23.84,23.93,23.77,23.83,38500.0
2022-04-01,23.97,24.26,23.97,24.13,5650.0
2022-04-04,24.56,25.0,24.54,24.95,23340.0
2022-04-05,25.0,25.1,24.9,24.98,5970.0
2022-04-06,25.05,25.05,24.59,24.63,18810.0
2022-04-07,24.91,24.91,24.51,24.55,4290.0
2022-04-08,24.92,25.1,24.9,25.01,13740.0
2022-04-11,24.84,24.88,24.67,24.71,485950.0
2022-04-12,24.59,24.71,24.5,24.68,19070.0
2022-04-13,24.64,24.65,24.37,24.4,23320.0
2022-04-14,24.36,24.54,24.3,24.49,25870.0
2022-04-19,24.57,24.57,23.81,23.99,85610.0
2022-04-20,24.2,24.29,24.1,24.24,8350.0
2022-04-21,24.43,24.48,24.36,24.47,28620.0
2022-04-22,24.43,24.45,24.22,24.22,28970.0
2022-04-25,23.97,24.08,23.87,24.02,32880.0
2022-04-26,24.34,24.54,24.29,24.32,29270.0
2022-04-27,24.3,24.56,24.29,24.47,23960.0
2022-04-28,24.81,25.02,24.72,24.81,39490.0
2022-04-29,25.07,25.07,24.53,24.63,119330.0
2022-05-02,24.54,24.62,24.3,24.49,82280.0
2022-05-03,24.45,24.56,24.32,24.5,15770.0
2022-05-04,24.33,24.37,23.92,23.92,5850.0
2022-05-05,24.36,24.36,23.77,23.77,6140.0
2022-05-06,23.54,23.55,23.17,23.41,22420.0
2022-05-09,23.25,23.27,22.99,22.99,28990.0
2022-05-10,23.08,23.1,22.66,22.74,34340.0
2022-05-11,22.66,22.86,22.53,22.77,24630.0
2022-05-12,22.33,22.7,22.33,22.7,6280.0
2022-05-13,22.95,22.96,22.52,22.58,15120.0
2022-05-16,22.55,22.59,22.39,22.58,130390.0
2022-05-17,22.83,23.06,22.83,22.94,32720.0
2022-05-18,22.94,23.1,22.7,22.7,40630.0
2022-05-19,22.45,22.45,22.25,22.43,135930.0
2022-05-20,22.56,22.78,22.5,22.57,54350.0
2022-05-23,22.83,22.85,22.44,22.56,13510.0
2022-05-24,22.34,22.34,22.04,22.04,14610.0
2022-05-25,22.08,22.14,21.98,22.1,5190.0
2022-05-26,21.89,22.35,21.89,22.29,11270.0
2022-05-27,22.29,22.53,22.28,22.52,15810.0
2022-05-30,22.85,22.86,22.74,22.77,24340.0
2022-05-31,22.8,22.93,22.6,22.6,34580.0
2022-06-01,22.71,22.81,22.56,22.71,630.0
2022-06-02,22.83,22.99,22.8,22.99,690.0
2022-06-03,22.9,22.9,22.54,22.58,19640.0
2022-06-06,22.64,22.82,22.57,22.64,24800.0
2022-06-07,22.56,22.6,22.5,22.57,10420.0
2022-06-08,22.57,22.57,22.32,22.42,3350.0
2022-06-09,22.4,22.62,22.33,22.46,127330.0
2022-06-10,22.39,22.53,22.24,22.33,3720.0
2022-06-13,22.1,22.15,21.97,22.04,1160.0
2022-06-14,22.16,22.16,21.99,22.13,6610.0
2022-06-15,22.09,22.19,21.9,22.14,13560.0
2022-06-16,21.96,21.98,21.46,21.49,10000.0
2022-06-17,21.34,21.47,21.24,21.42,6670.0
2022-06-20,21.34,21.34,21.14,21.32,41250.0
2022-06-21,21.58,21.78,21.58,21.78,31210.0
2022-06-22,21.47,21.47,21.28,21.33,68530.0
2022-06-23,21.29,21.68,21.29,21.61,2990.0
2022-06-24,21.64,21.89,21.62,21.83,2740.0
2022-06-27,21.9,21.94,21.71,21.71,3730.0
2022-06-28,21.69,21.86,21.58,21.7,22180.0
2022-06-29,21.7,21.85,21.64,21.8,15270.0
2022-06-30,21.76,21.9,21.7,21.76,33210.0
2022-07-01,21.6,21.98,21.6,21.91,76330.0
2022-07-04,21.9,21.94,21.81,21.94,8880.0
2022-07-05,22.16,22.26,22.01,22.14,59940.0
2022-07-06,22.44,22.87,22.4,22.83,30470.0
2022-07-07,22.85,23.16,22.76,23.12,21590.0
2022-07-08,22.97,23.12,22.97,23.08,89090.0
2022-07-11,22.97,23.18,22.97,23.13,9570.0
2022-07-12,23.16,23.25,23.05,23.24,2480.0
2022-07-13,23.12,23.12,22.8,22.81,65770.0
2022-07-14,22.94,22.96,22.81,22.84,5570.0
2022-07-15,22.98,23.16,22.94,23.16,22460.0
2022-07-18,23.2,23.2,22.97,23.06,3700.0
2022-07-19,23.13,23.2,22.94,23.17,64310.0
2022-07-20,23.3,23.3,23.11,23.25,14780.0
2022-07-21,23.35,23.67,23.31,23.56,40630.0
2022-07-22,23.56,23.77,23.52,23.55,44930.0
2022-07-25,23.45,23.57,23.37,23.45,2580.0
2022-07-26,23.35,23.41,23.32,23.36,18940.0
2022-07-27,23.46,23.69,23.46,23.68,11610.0
2022-07-28,23.82,24.14,23.82,24.11,31370.0
2022-07-29,24.17,24.52,24.17,24.41,62860.0
2022-08-01,24.64,24.76,24.58,24.68,14210.0
2022-08-02,24.76,25.04,24.74,25.01,20290.0
2022-08-03,24.84,25.06,24.76,25.04,28370.0
2022-08-04,24.67,24.89,24.52,24.8,67150.0
2022-08-05,24.85,24.88,24.71,24.8,5180.0
2022-08-08,24.99,25.0,24.89,24.91,16460.0
2022-08-09,24.86,24.86,24.75,24.77,3610.0
2022-08-10,24.81,24.92,24.78,24.91,6780.0
2022-08-11,24.89,24.89,24.7,24.77,68370.0
2022-08-12,24.82,25.09,24.82,25.09,11500.0
2022-08-15,25.12,25.39,25.08,25.36,11780.0
2022-08-16,25.52,25.65,25.45,25.54,44110.0
2022-08-17,25.75,25.76,25.59,25.66,23260.0
2022-08-18,25.57,25.74,25.51,25.69,3450.0
2022-08-19,25.61,25.62,25.44,25.47,152660.0
2022-08-22,25.46,25.46,25.24,25.36,23620.0
2022-08-23,25.48,25.69,25.48,25.49,7290.0
2022-08-24,25.57,25.81,25.5,25.71,7800.0
2022-08-25,25.63,25.65,25.38,25.44,8740.0
2022-08-26,25.65,25.68,25.23,25.29,7060.0
2022-08-29,25.25,25.35,25.09,25.14,6400.0
2022-08-30,25.56,25.79,25.49,25.49,13500.0
2022-08-31,25.4,25.55,25.33,25.36,37580.0
2022-09-01,25.58,25.64,25.44,25.57,56320.0
2022-09-02,25.58,25.66,25.36,25.55,112870.0
2022-09-05,25.77,25.86,25.68,25.75,38380.0
2022-09-06,25.7,25.8,25.62,25.71,28210.0
2022-09-07,25.78,25.93,25.68,25.72,38750.0
2022-09-08,25.76,26.0,25.72,25.97,52690.0
2022-09-09,25.7,25.74,25.57,25.73,6900.0
2022-09-12,25.74,26.0,25.6,25.98,77500.0
2022-09-13,26.0,26.06,25.79,25.85,14880.0
2022-09-14,26.17,26.25,26.0,26.07,10660.0
2022-09-15,26.11,26.11,25.75,25.82,58730.0
2022-09-16,25.59,25.59,25.26,25.3,9270.0
2022-09-19,25.55,25.6,25.47,25.55,28980.0
2022-09-20,25.82,25.85,25.61,25.66,7080.0
2022-09-21,25.66,25.82,25.61,25.7,4140.0
2022-09-22,25.44,25.6,25.39,25.42,32910.0
2022-09-23,25.39,25.4,25.11,25.18,11090.0
2022-09-26,24.92,25.0,24.76,24.89,17050.0
2022-09-27,25.03,25.12,24.87,24.87,14190.0
2022-09-28,25.06,25.06,24.78,24.94,6480.0
2022-09-29,24.61,24.63,24.01,24.01,190070.0
2022-09-30,24.44,24.74,24.44,24.6,68010.0
2022-10-03,24.34,24.46,24.06,24.37,57680.0
2022-10-04,24.61,24.71,24.54,24.58,59010.0
2022-10-05,24.69,24.74,24.61,24.66,14540.0
2022-10-06,24.65,24.7,24.46,24.67,5720.0
2022-10-07,24.64,24.69,24.39,24.39,17100.0
2022-10-10,24.68,24.84,24.64,24.78,26310.0
2022-10-11,24.62,24.62,24.33,24.4,30100.0
2022-10-12,24.5,24.58,24.47,24.51,3390.0
2022-10-13,24.39,24.5,24.1,24.36,156680.0
2022-10-14,24.59,24.63,24.3,24.33,128310.0
2022-10-17,24.55,24.78,24.53,24.69,8109.999999999999
2022-10-18,24.61,24.75,24.54,24.54,21530.0
2022-10-19,24.7,24.74,24.43,24.49,6040.0
2022-10-20,24.54,25.0,24.51,24.9,39600.0
2022-10-21,24.89,25.0,24.76,24.99,66010.0
2022-10-24,25.12,25.14,24.78,24.83,38590.0
2022-10-25,24.72,24.78,24.64,24.73,27770.0
2022-10-26,24.75,24.9,24.71,24.83,38570.0
2022-10-27,24.45,24.85,24.42,24.81,76180.0
2022-10-28,24.73,25.01,24.71,25.01,6770.0
2022-10-31,25.04,25.25,25.0,25.22,36540.0
2022-11-01,25.21,25.47,25.18,25.47,11040.0
2022-11-02,25.29,25.29,25.17,25.26,29110.0
2022-11-03,25.45,25.58,25.4,25.55,7820.0
2022-11-04,25.63,25.81,25.55,25.55,7370.0
2022-11-07,25.33,25.55,25.27,25.51,10900.0
2022-11-08,25.51,25.71,25.51,25.6,1780.0
2022-11-09,25.39,25.48,25.28,25.38,41550.0
2022-11-10,25.15,25.57,25.05,25.53,23560.0
2022-11-11,25.23,25.3,25.07,25.11,10660.0
2022-11-14,25.0,25.08,24.87,25.03,21570.0
2022-11-15,24.75,25.09,24.66,25.07,16570.0
2022-11-16,24.77,24.77,24.52,24.57,56330.0
2022-11-17,24.65,24.65,24.39,24.57,17120.0
2022-11-18,24.38,24.56,24.36,24.51,5200.0
2022-11-21,24.43,24.63,24.41,24.56,6560.0
2022-11-22,24.59,24.65,24.5,24.62,10520.0
2022-11-23,24.44,24.48,24.33,24.35,163160.0
2022-11-24,24.39,24.54,24.34,24.48,123270.0
2022-11-25,24.58,24.62,24.5,24.57,37360.0
2022-11-28,24.7,24.72,24.48,24.65,11920.0
2022-11-29,24.87,24.9,24.69,24.82,37670.0
2022-11-30,24.99,25.23,24.97,25.12,231430.0
2022-12-01,25.11,25.14,24.92,24.92,17400.0
2022-12-02,24.77,24.81,24.67,24.74,41760.0
2022-12-05,24.55,24.55,24.39,24.5,91220.0
2022-12-06,24.42,24.42,24.27,24.35,32420.0
2022-12-07,24.42,24.42,24.2,24.28,24040.0
2022-12-08,24.22,24.35,24.22,24.28,77040.0
2022-12-09,24.05,24.08,23.9,24.03,60860.0
2022-12-12,23.92,23.95,23.83,23.93,48530.0
2022-12-13,24.0,24.15,23.97,24.02,18420.0
2022-12-14,24.02,24.02,23.82,23.96,14980.0
2022-12-15,23.77,23.77,23.29,23.37,13540.0
2022-12-16,23.5,23.5,23.3,23.42,78850.0
2022-12-19,23.48,23.74,23.48,23.65,12450.0
2022-12-20,23.36,23.64,23.34,23.58,41190.0
2022-12-21,23.43,23.43,23.25,23.39,16300.0
2022-12-22,23.19,23.2,23.04,23.09,4910.0
2022-12-23,22.81,22.81,22.59,22.7,11000.0
2022-12-27,23.08,23.16,23.0,23.0,10860.0
2022-12-28,23.16,23.16,23.02,23.15,2180.0
2022-12-29,23.04,23.31,23.0,23.25,15360.0
2022-12-30,23.25,23.25,22.89,22.89,17500.0
2023-01-02,23.11,23.22,22.9,23.21,51470.0
2023-01-03,23.23,23.42,23.21,23.3,3780.0
2023-01-04,23.13,23.16,23.0,23.16,8710.0
2023-01-05,22.94,23.26,22.9,23.19,3980.0
2023-01-06,23.08,23.21,23.02,23.1,31180.0
2023-01-09,23.06,23.2,23.0,23.17,8170.0
2023-01-10,22.85,23.09,22.85,23.05,11670.0
2023-01-11,23.02,23.02,22.85,23.0,7640.0
2023-01-12,22.81,23.03,22.78,22.96,29760.0
2023-01-13,22.93,22.98,22.79,22.98,26680.0
2023-01-16,22.81,22.84,22.74,22.8,41850.0
2023-01-17,22.8,23.12,22.78,23.12,16950.0
2023-01-18,23.13,23.2,23.04,23.1,4650.0
2023-01-19,23.1,23.16,22.97,23.07,30970.0
2023-01-20,23.01,23.04,22.89,23.04,14540.0
2023-01-23,22.82,23.03,22.79,22.98,4130.0
2023-01-24,22.81,22.86,22.73,22.78,5330.0
2023-01-25,22.54,22.56,22.33,22.49,8480.0
2023-01-26,22.58,22.61,22.49,22.59,8870.0
2023-01-27,21.99,22.07,21.85,22.06,58600.0
2023-01-30,21.77,22.13,21.69,22.12,100570.0
2023-01-31,22.12,22.12,21.97,22.1,87840.0
2023-02-01,22.07,22.07,21.5,21.81,132430.0
2023-02-02,21.39,21.6,21.3,21.53,52210.0
2023-02-03,21.52,21.83,21.52,21.82,40270.0
2023-02-06,21.76,21.87,21.71,21.85,5150.0
2023-02-07,21.84,21.9,21.77,21.77,90400.0
2023-02-08,22.01,22.09,21.97,21.97,4390.0
2023-02-09,22.03,22.1,21.95,21.99,4980.0
2023-02-10,22.01,22.14,22.0,22.14,21840.0
2023-02-13,21.91,21.95,21.86,21.89,18840.0
2023-02-14,21.91,21.93,21.77,21.83,52600.0
2023-02-15,21.95,22.13,21.9,22.13,26600.0
2023-02-16,22.25,22.26,22.1,22.19,3280.0
2023-02-17,22.13,22.2,22.07,22.14,29590.0
2023-02-20,22.03,22.06,21.96,22.02,42680.0
2023-02-21,22.05,22.05,21.91,21.95,14170.0
2023-02-22,21.71,21.72,21.63,21.71,8640.0
2023-02-23,21.77,21.83,21.72,21.74,45820.0
2023-02-24,21.68,21.7,21.58,21.61,19050.0
2023-02-27,21.55,21.67,21.53,21.61,29890.0
2023-02-28,21.53,21.53,21.41,21.5,28680.0
2023-03-01,21.55,21.64,21.51,21.56,11160.0
2023-03-02,21.49,21.69,21.46,21.69,19800.0
2023-03-03,21.92,22.07,21.92,22.07,14220.0
2023-03-06,22.17,22.19,22.06,22.07,21760.0
2023-03-07,22.11,22.22,22.11,22.15,12830.0
2023-03-08,22.2,22.36,22.19,22.31,11040.0
2023-03-09,22.18,22.18,22.05,22.08,12570.0
2023-03-10,21.78,21.91,21.65,21.79,3620.0
2023-03-13,21.41,21.42,21.17,21.25,6430.0
2023-03-14,21.12,21.27,21.04,21.25,16530.0
2023-03-15,21.03,21.14,20.88,21.02,46000.0
2023-03-16,21.16,21.31,21.0,21.31,23000.0
2023-03-17,21.22,21.32,21.1,21.1,8550.0
2023-03-20,20.92,21.07,20.89,21.04,9370.0
2023-03-21,21.0,21.07,20.9,20.9,3690.0
2023-03-22,21.0,21.09,20.94,21.07,590.0
2023-03-23,20.95,20.99,20.82,20.96,4070.000000000001
2023-03-24,20.95,20.95,20.85,20.93,2390.0
2023-03-27,21.02,21.05,20.82,20.87,21490.0
2023-03-28,20.8,20.81,20.69,20.69,23360.0
2023-03-29,20.7,20.85,20.7,20.85,12970.0
2023-03-30,20.91,20.92,20.79,20.82,4350.0
2023-03-31,21.03,21.15,20.99,21.11,24870.0
2023-04-03,21.17,21.2,21.08,21.13,10790.0
2023-04-04,21.16,21.26,21.1,21.1,6850.0
2023-04-05,21.09,21.28,21.08,21.27,4000.0
2023-04-06,21.38,21.41,21.33,21.4,24100.0
2023-04-11,21.5,21.51,21.43,21.48,14620.0
2023-04-12,21.49,21.58,21.41,21.47,25320.0
2023-04-13,21.39,21.44,21.32,21.34,1740.0
2023-04-14,21.42,21.43,21.32,21.37,7060.0
2023-04-17,21.35,21.47,21.28,21.42,14740.0
2023-04-18,21.41,21.41,21.25,21.29,21420.0
2023-04-19,21.35,21.35,21.22,21.27,2170.0
2023-04-20,21.24,21.27,21.16,21.27,15170.0
2023-04-21,21.23,21.24,21.16,21.23,21990.0
2023-04-24,21.25,21.33,21.23,21.27,18880.0
2023-04-25,21.25,21.38,21.25,21.38,4410.0
2023-04-26,21.4,21.4,21.28,21.37,12320.0
2023-04-27,21.43,21.61,21.43,21.6,10450.0
2023-04-28,21.6,21.87,21.6,21.8,32920.0
2023-05-02,21.93,21.99,21.79,21.81,18930.0
2023-05-03,21.8,21.8,21.68,21.72,27680.0
2023-05-04,21.81,21.94,21.8,21.92,11800.0
2023-05-05,21.93,22.0,21.88,21.98,78440.0
2023-05-08,22.05,22.17,22.03,22.13,5540.0
2023-05-09,22.2,22.22,22.08,22.16,92150.0
2023-05-10,22.25,22.31,22.2,22.31,7610.0
2023-05-11,22.34,22.39,22.25,22.29,15500.0
2023-05-12,22.33,22.38,22.26,22.36,9180.0
2023-05-15,22.49,22.54,22.37,22.45,113760.0
2023-05-16,22.42,22.45,22.27,22.36,74360.0
2023-05-17,22.22,22.35,22.18,22.26,64220.0
2023-05-18,22.24,22.26,22.13,22.21,12540.0
2023-05-19,22.17,22.39,22.14,22.14,12260.0
2023-05-22,22.32,22.4,22.27,22.36,18600.0
2023-05-23,22.5,22.52,22.42,22.44,10690.0
2023-05-24,22.54,22.54,22.4,22.49,16420.0
2023-05-25,22.55,22.69,22.51,22.61,9530.0
2023-05-26,22.8,23.1,22.78,23.08,20670.0
2023-05-29,23.02,23.08,23.01,23.05,10880.0
2023-05-30,23.09,23.1,22.94,22.96,17640.0
2023-05-31,22.97,23.13,22.97,22.99,30440.0
2023-06-01,23.14,23.22,22.95,23.08,19380.0
2023-06-02,23.04,23.23,22.99,23.22,8330.0
2023-06-05,23.23,23.24,23.13,23.18,27450.0
2023-06-06,23.11,23.31,23.08,23.28,5080.0
2023-06-07,23.3,23.43,23.3,23.38,35350.0
2023-06-08,23.31,23.31,23.08,23.12,35590.0
2023-06-09,23.12,23.13,23.0,23.13,23730.0
2023-06-12,23.13,23.19,23.08,23.19,9210.0
2023-06-13,23.2,23.34,23.18,23.32,12080.0
2023-06-14,23.35,23.4,23.31,23.36,48550.0
2023-06-15,23.37,23.41,23.16,23.16,16700.0
2023-06-16,23.21,23.35,23.16,23.31,5030.0
2023-06-19,23.3,23.3,23.2,23.2,7640.0
2023-06-20,23.18,23.33,23.12,23.33,15480.0
2023-06-21,23.27,23.35,23.15,23.2,24630.0
2023-06-22,23.16,23.16,22.96,23.14,11010.0
2023-06-23,23.04,23.14,22.98,23.02,6170.0
2023-06-26,23.11,23.12,23.01,23.07,8260.0
2023-06-27,23.1,23.19,23.04,23.17,10940.0
2023-06-28,23.31,23.5,23.28,23.48,16660.0
2023-06-29,23.48,23.59,23.44,23.54,21450.0
2023-06-30,23.55,23.77,23.55,23.7,16910.0
2023-07-03,23.8,23.85,23.73,23.73,9400.0
2023-07-04,23.83,23.88,23.75,23.86,10560.0
2023-07-05,23.79,23.92,23.79,23.89,29200.0
2023-07-06,23.89,23.96,23.7,23.77,105140.0
2023-07-07,23.72,23.77,23.62,23.63,4350.0
2023-07-10,23.6,23.6,23.5,23.54,18840.0
2023-07-11,23.65,23.73,23.61,23.68,14630.0
2023-07-12,23.61,23.66,23.58,23.66,37040.0
2023-07-13,23.6,23.65,23.33,23.44,11860.0
2023-07-14,23.34,23.48,23.29,23.43,40730.0
2023-07-17,23.48,23.61,23.41,23.59,6060.0
2023-07-18,23.49,23.61,23.41,23.59,38540.0
2023-07-19,23.63,23.76,23.53,23.74,5530.0
2023-07-20,23.72,23.82,23.65,23.78,148540.0
2023-07-21,23.75,23.8,23.65,23.72,51460.0
2023-07-24,23.72,23.86,23.7,23.83,10360.0
2023-07-25,23.86,23.97,23.75,23.93,13910.0
2023-07-26,23.96,23.98,23.82,23.98,24900.0
2023-07-27,23.88,24.04,23.66,23.97,28750.0
2023-07-28,23.9,24.03,23.9,23.97,25920.0
2023-07-31,23.99,24.09,23.91,24.07,105210.0
2023-08-01,24.04,24.11,24.0,24.01,8420.0
2023-08-02,23.74,23.76,23.58,23.66,25540.0
2023-08-03,23.58,23.65,23.53,23.56,20140.0
2023-08-04,23.69,23.75,23.6,23.65,7740.0
2023-08-07,23.78,23.84,23.71,23.71,6510.0
2023-08-08,23.67,23.75,23.64,23.7,10310.0
2023-08-09,23.67,23.77,23.65,23.65,7700.0
2023-08-10,23.7,23.72,23.57,23.69,16190.000000000002
2023-08-11,23.66,23.68,23.53,23.53,4520.0
2023-08-14,23.54,23.6,23.47,23.55,2590.0
2023-08-15,23.46,23.58,23.4,23.45,4080.0
2023-08-16,23.53,23.69,23.53,23.64,19210.0
2023-08-17,23.61,23.69,23.54,23.58,5540.0
2023-08-18,23.55,23.67,23.49,23.59,31520.0
2023-08-21,23.63,23.72,23.6,23.62,56200.0
2023-08-22,23.69,23.84,23.69,23.8,14100.0
2023-08-23,23.88,24.16,23.88,24.1,22520.0
2023-08-24,24.11,24.17,23.99,23.97,14170.0
2023-08-25,24.04,24.11,23.9,23.99,10680.0
2023-08-28,24.07,24.14,24.01,24.06,8360.0
2023-08-29,24.06,24.14,24.03,24.11,3450.0
2023-08-30,24.11,24.11,23.9,23.95,35530.0
2023-08-31,23.93,24.1,23.92,24.01,94970.0
2023-09-01,23.97,24.39,23.97,24.28,33810.0
2023-09-04,24.41,24.46,24.37,24.45,28540.0
2023-09-05,24.48,24.64,24.42,24.64,14080.0
2023-09-06,24.5,24.6,24.39,24.55,46710.0
2023-09-07,24.58,24.75,24.58,24.71,104170.0
2023-09-08,24.8,24.97,24.8,24.97,101810.0
2023-09-11,25.07,25.15,25.04,25.14,106870.0
2023-09-12,24.91,25.01,24.9,24.97,45360.0
2023-09-13,24.94,24.99,24.89,24.99,42110.0
2023-09-14,24.98,25.21,24.94,25.2,27340.0
2023-09-15,25.27,25.33,25.16,25.16,70070.0
2023-09-18,25.26,25.26,25.05,25.1,20130.0
2023-09-19,25.1,25.1,24.98,25.0,50270.0
2023-09-20,25.05,25.05,24.92,25.02,64379.99999999999
2023-09-21,24.87,24.87,24.72,24.75,22980.0
2023-09-22,24.94,25.04,24.74,24.78,31670.0
2023-09-25,24.81,24.98,24.78,24.98,6670.0
2023-09-26,24.99,24.99,24.74,24.86,17610.0
2023-09-27,24.95,25.13,24.92,25.1,20530.0
2023-09-28,25.1,25.1,24.72,24.77,42940.0
2023-09-29,24.96,24.96,24.76,24.76,19590.0
2023-10-02,24.77,24.93,24.7,24.87,8830.0
2023-10-03,24.97,25.0,24.87,24.92,20110.0
2023-10-04,24.69,24.78,24.65,24.69,30000.0
2023-10-05,24.8,24.85,24.75,24.78,22460.0
2023-10-06,24.86,24.94,24.84,24.91,27890.0
2023-10-09,24.77,24.77,24.58,24.63,11240.0
2023-10-10,24.82,24.9,24.77,24.85,157880.0
2023-10-11,24.96,24.97,24.83,24.83,177820.0
2023-10-12,24.92,24.96,24.77,24.81,220240.0
2023-10-13,24.94,25.17,24.94,25.06,37000.0
2023-10-16,25.08,25.15,25.0,25.13,33520.0
2023-10-17,25.19,25.19,24.97,25.0,236180.0
2023-10-18,24.89,24.93,24.82,24.87,66340.0
2023-10-19,24.82,24.92,24.76,24.81,91530.0
2023-10-20,24.7,24.76,24.52,24.58,28310.0
2023-10-23,24.53,24.55,24.19,24.23,15750.0
2023-10-24,24.1,24.4,24.1,24.36,13930.0
2023-10-25,24.2,24.2,24.01,24.13,50330.0
2023-10-26,23.87,23.96,23.82,23.94,20220.0
2023-10-27,24.08,24.16,23.92,23.92,24170.0
2023-10-30,24.19,24.23,24.02,24.09,6220.0
2023-10-31,24.0,24.1,23.94,24.04,62630.0
2023-11-01,24.08,24.21,24.02,24.18,12120.0
2023-11-02,24.1,24.34,24.1,24.31,131160.0
2023-11-03,24.35,24.35,24.14,24.27,57720.0
2023-11-06,24.21,24.34,24.21,24.27,54280.0
2023-11-07,24.28,24.45,24.28,24.42,15700.0
2023-11-08,24.44,24.55,24.41,24.45,36780.0
2023-11-09,24.43,24.49,24.36,24.36,15720.0
2023-11-10,24.41,24.6,24.33,24.6,7040.0
2023-11-13,24.44,24.56,24.44,24.56,4880.0
2023-11-14,24.54,24.59,24.49,24.57,54570.0
2023-11-15,24.52,24.54,24.44,24.54,38480.0
2023-11-16,24.56,24.66,24.44,24.5,10410.0
2023-11-17,24.61,24.66,24.51,24.51,38310.0
2023-11-20,24.36,24.4,24.27,24.35,38760.0
2023-11-21,24.33,24.46,24.33,24.46,7800.0
2023-11-22,24.39,24.65,24.39,24.63,73130.0
2023-11-23,24.45,24.55,24.43,24.53,51690.0
2023-11-24,24.48,24.5,24.41,24.5,9820.0
2023-11-27,24.45,24.46,24.34,24.45,14540.0
2023-11-28,24.45,24.57,24.39,24.54,9720.0
2023-11-29,24.6,24.78,24.59,24.7,12870.0
2023-11-30,24.77,25.07,24.76,25.07,34730.0
2023-12-01,25.11,25.37,25.1,25.34,15640.0
2023-12-04,25.64,25.87,25.58,25.76,44570.0
2023-12-05,25.94,26.04,25.82,26.02,39800.0
2023-12-06,26.12,26.24,26.09,26.22,24080.0
2023-12-07,26.24,26.31,26.2,26.24,20950.0
2023-12-08,26.14,26.31,26.04,26.22,40040.0
2023-12-11,26.33,26.47,26.28,26.46,22990.0
2023-12-12,26.31,26.31,26.11,26.17,55340.0
2023-12-13,26.16,26.28,26.13,26.28,67090.0
2023-12-14,26.4,26.4,26.19,26.23,67550.0
2023-12-15,26.34,26.64,26.34,26.64,34780.0
2023-12-18,26.65,26.67,26.49,26.53,20520.0
2023-12-19,26.6,26.64,26.49,26.62,12670.0
2023-12-20,26.33,26.37,25.95,25.99,53140.0
2023-12-21,26.17,26.26,26.08,26.17,29120.0
2023-12-22,26.2,26.3,26.06,26.3,44710.0
2023-12-27,26.4,26.46,26.25,26.34,83850.0
2023-12-28,26.46,26.58,26.41,26.51,37250.0
2023-12-29,26.52,26.66,26.44,26.5,88960.0
2024-01-02,26.51,26.69,26.48,26.65,36830.0
2024-01-03,26.65,26.72,26.56,26.7,47160.0
2024-01-04,26.86,26.92,26.83,26.9,36290.0
2024-01-05,27.0,27.12,26.94,27.01,14720.0
2024-01-08,26.91,26.91,26.73,26.85,15330.0
2024-01-09,27.03,27.04,26.74,26.87,10790.0
2024-01-10,26.84,26.98,26.77,26.9,19710.0
2024-01-11,26.98,27.0,26.8,26.88,155600.0
2024-01-12,27.3,27.5,27.27,27.42,40820.0
2024-01-15,27.54,27.62,27.46,27.57,184660.0
2024-01-16,27.45,27.53,27.35,27.42,31100.0
2024-01-17,27.23,27.25,26.95,27.01,86740.0
2024-01-18,26.92,27.24,26.92,27.15,19750.0
2024-01-19,27.3,27.44,27.29,27.35,74260.0
2024-01-22,27.38,27.62,27.34,27.58,37750.0
2024-01-23,27.0,27.05,26.75,26.99,228140.0
2024-01-24,27.03,27.21,26.98,27.14,45240.0
2024-01-25,26.98,27.31,26.93,27.26,104970.0
2024-01-26,27.2,27.33,27.11,27.25,21840.0
2024-01-29,27.64,27.9,27.62,27.84,81350.0
2024-01-30,27.74,27.75,27.37,27.48,57030.0
2024-01-31,27.79,27.85,27.67,27.85,32080.0
2024-02-01,27.85,27.9,27.72,27.76,14630.0
2024-02-02,27.92,28.05,27.89,28.02,70780.0
2024-02-05,28.26,28.28,28.0,28.18,96220.0
2024-02-06,28.35,28.6,28.28,28.6,44580.0
2024-02-07,28.42,28.6,28.42,28.53,41560.0
2024-02-08,28.4,28.41,28.25,28.32,43210.0
2024-02-09,28.18,28.33,28.12,28.32,61620.0
2024-02-12,28.06,28.25,27.95,28.24,19150.0
2024-02-13,28.13,28.24,28.02,28.07,41990.0
2024-02-14,28.22,28.64,28.22,28.63,33520.0
2024-02-15,28.58,28.64,28.5,28.6,38330.0
2024-02-16,28.66,28.75,28.62,28.71,21000.0
2024-02-19,28.78,28.85,28.7,28.74,29240.0
2024-02-20,28.78,28.82,28.69,28.8,50810.0
2024-02-21,28.77,28.77,28.47,28.58,18550.0
2024-02-22,28.43,28.89,28.41,28.83,74940.0
2024-02-23,28.91,28.94,28.8,28.89,48340.0
2024-02-26,28.73,28.77,28.63,28.72,34470.0
2024-02-27,28.78,28.79,28.65,28.71,41850.0
2024-02-28,28.52,28.57,28.32,28.4,56970.0
2024-02-29,28.46,28.63,28.31,28.59,57240.0
2024-03-01,28.9,29.12,28.89,29.02,41030.0
2024-03-04,29.0,29.04,28.9,28.95,21490.0
2024-03-05,28.88,28.95,28.79,28.85,38230.0
2024-03-06,28.71,29.03,28.7,28.93,33580.0
2024-03-07,29.0,29.04,28.89,28.96,20130.0
2024-03-08,28.98,29.08,28.93,29.02,5320.0
2024-03-11,28.84,28.87,28.68,28.76,34600.0
2024-03-12,28.75,28.76,28.6,28.71,35470.0
2024-03-13,28.09,28.1,27.69,27.74,203750.0
2024-03-14,28.07,28.22,28.05,28.17,57650.0
2024-03-15,28.08,28.22,28.02,28.02,46340.0
2024-03-18,28.22,28.27,28.13,28.2,30200.0
2024-03-19,27.96,28.0,27.8,27.83,76470.0
2024-03-20,27.92,27.97,27.84,27.92,65140.0
2024-03-21,28.01,28.19,28.01,28.18,77160.0
2024-03-22,28.38,28.49,28.25,28.27,28510.0
2024-03-25,28.27,28.27,28.19,28.23,42810.0
2024-03-26,28.37,28.41,28.3,28.38,22790.0
2024-03-27,28.57,28.6,28.43,28.54,27630.0
2024-03-28,28.9,29.02,28.79,28.93,36290.0
2024-04-02,29.16,29.24,29.04,29.04,40630.0
2024-04-03,29.23,29.23,28.97,28.99,22530.0
2024-04-04,28.89,29.08,28.82,29.08,18230.0
2024-04-05,29.0,29.15,28.94,29.09,9540.0
2024-04-08,29.19,29.36,29.19,29.34,32330.0
2024-04-09,29.26,29.28,29.11,29.21,14600.0
2024-04-10,29.36,29.39,29.23,29.33,17480.0
2024-04-11,29.45,29.45,29.25,29.41,19320.0
2024-04-12,29.63,29.68,29.4,29.41,48430.0
2024-04-15,29.4,29.43,29.2,29.25,38170.0
2024-04-16,29.19,29.19,28.99,29.13,26970.0
2024-04-17,29.1,29.1,28.92,28.92,13160.0
2024-04-18,29.16,29.23,28.76,28.98,22160.0
2024-04-19,28.75,29.07,28.75,29.01,49570.0
2024-04-22,29.26,29.46,29.19,29.4,43490.0
2024-04-23,29.5,29.5,29.29,29.37,39310.0
2024-04-24,29.48,29.49,29.3,29.33,164030.0
2024-04-25,29.31,29.51,29.3,29.4,39770.0
2024-04-26,29.53,29.6,29.38,29.59,11700.0
2024-04-29,29.6,29.74,29.56,29.67,44790.0
2024-04-30,29.85,29.91,29.59,29.69,75590.0
2024-05-02,29.85,29.96,29.72,29.96,23230.0
2024-05-03,29.65,29.68,29.42,29.65,35570.0
2024-05-06,29.52,29.52,29.35,29.4,25700.0
2024-05-07,29.12,29.18,28.97,29.18,46470.0
2024-05-08,29.25,29.4,29.22,29.32,2920.0
2024-05-09,29.18,29.22,28.88,28.94,64050.0
2024-05-10,28.9,28.99,28.8,28.88,41850.0
2024-05-13,28.91,29.05,28.79,29.02,108700.0
2024-05-14,29.16,29.28,29.09,29.21,40020.0
2024-05-15,29.16,29.19,29.09,29.15,51670.0
2024-05-16,29.06,29.36,28.95,29.33,75660.0
2024-05-17,29.5,29.61,29.46,29.56,45220.0
2024-05-20,29.66,29.79,29.66,29.77,73150.0
2024-05-21,29.74,29.84,29.68,29.77,47650.0
2024-05-22,29.84,29.96,29.8,29.89,93030.0
2024-05-23,30.1,30.33,30.1,30.29,60530.0
2024-05-24,30.44,30.48,30.27,30.28,65019.99999999999
2024-05-27,30.44,30.47,30.2,30.26,55690.0
2024-05-28,30.05,30.08,29.95,29.97,33530.0
2024-05-29,29.86,29.98,29.77,29.93,76110.0
2024-05-30,29.76,29.81,29.56,29.69,140400.0
2024-05-31,29.58,29.67,29.47,29.53,68220.0
2024-06-03,30.59,30.76,30.53,30.53,75300.0
2024-06-04,27.8,28.95,27.68,28.51,232280.0
2024-06-05,29.19,29.53,29.0,29.5,130630.0
2024-06-06,29.75,29.88,29.6,29.79,95490.0
2024-06-07,30.13,30.44,30.12,30.41,100720.0
2024-06-10,30.69,30.79,30.59,30.7,34040.0
2024-06-11,30.78,30.87,30.68,30.7,11980.0
2024-06-12,30.95,30.97,30.72,30.74,55020.0
2024-06-13,30.82,30.93,30.76,30.93,74020.0
2024-06-14,31.23,31.43,31.21,31.4,225070.0
2024-06-17,31.48,31.54,31.41,31.42,157310.0
2024-06-18,31.43,31.59,31.4,31.59,93680.0
2024-06-19,31.35,31.39,31.15,31.24,196840.0
2024-06-20,31.24,31.38,31.24,31.26,73570.0
2024-06-21,31.3,31.48,31.2,31.23,59950.0
2024-06-24,31.36,31.44,31.3,31.44,16470.0
2024-06-25,31.38,31.49,31.33,31.4,13560.0
2024-06-26,31.54,31.61,31.48,31.52,44430.0
2024-06-27,31.73,31.87,31.62,31.86,32370.0
2024-06-28,31.94,32.03,31.87,31.89,74950.0
2024-07-01,31.8,32.01,31.78,31.99,70920.0
2024-07-02,31.91,32.01,31.75,32.0,48180.0
2024-07-03,31.96,32.05,31.88,31.99,60600.0
2024-07-04,32.05,32.05,31.9,31.89,10790.0
2024-07-05,32.04,32.09,31.93,31.99,72510.0
2024-07-08,32.03,32.06,31.95,32.01,39800.0
2024-07-09,32.13,32.23,32.1,32.22,61330.0
2024-07-10,32.0,32.12,31.93,32.1,59530.0
2024-07-11,32.02,32.11,31.95,32.08,39850.0
2024-07-12,32.02,32.14,31.98,32.09,54480.0
2024-07-15,32.17,32.17,32.05,32.15,34890.0
2024-07-16,32.2,32.28,32.09,32.26,83500.0
2024-07-17,32.23,32.23,31.96,32.01,141110.0
2024-07-18,31.94,32.26,31.9,32.14,58350.0
2024-07-19,31.87,31.88,31.55,31.55,82930.0
2024-07-22,31.75,31.9,31.72,31.83,119090.0
2024-07-23,31.12,31.84,31.06,31.84,77660.0
2024-07-24,31.73,31.85,31.64,31.65,70360.0
2024-07-25,31.78,31.81,31.59,31.68,101480.0
2024-07-26,32.16,32.38,32.16,32.33,62160.0
2024-07-29,32.41,32.57,32.38,32.4,61610.0
2024-07-30,32.66,32.66,32.43,32.51,66650.0
2024-07-31,32.66,32.85,32.63,32.83,94890.0
2024-08-01,32.65,32.8,32.6,32.6,49080.0
2024-08-02,32.42,32.49,31.69,31.78,88900.0
2024-08-05,30.97,30.97,30.25,30.8,207100.0
2024-08-06,31.1,31.17,30.8,30.94,28360.0
2024-08-07,31.23,31.45,31.17,31.38,73230.0
2024-08-08,31.28,31.39,31.01,31.38,42450.0
2024-08-09,31.43,31.51,31.3,31.43,26880.0
2024-08-12,31.48,31.51,31.31,31.36,22160.0
2024-08-13,31.33,31.33,31.03,31.15,15430.0
2024-08-14,30.95,30.98,30.73,30.88,13210.0
2024-08-15,30.93,31.39,30.89,31.28,37300.0
2024-08-16,31.3,31.59,31.3,31.59,18430.0
2024-08-19,31.45,31.58,31.4,31.52,19040.0
2024-08-20,31.52,31.63,31.48,31.49,9790.0
2024-08-21,31.5,31.66,31.46,31.58,41350.0
2024-08-22,31.56,31.68,31.52,31.63,12840.0
2024-08-23,31.66,31.72,31.49,31.58,55420.0
2024-08-26,31.65,31.88,31.65,31.77,41300.0
2024-08-27,31.75,31.77,31.64,31.7,36960.0
2024-08-28,31.85,31.93,31.82,31.83,28030.0
2024-08-29,31.93,32.13,31.89,32.08,54980.0
2024-08-30,32.24,32.41,32.17,32.35,84860.0
2024-09-02,32.25,32.3,32.17,32.24,25590.0
2024-09-03,32.29,32.34,32.14,32.22,30490.0
2024-09-04,32.12,32.28,32.06,32.18,41800.0
2024-09-05,32.11,32.15,31.96,32.02,64200.0
2024-09-06,31.7,31.78,31.47,31.5,27700.0
2024-09-09,31.66,31.9,31.64,31.9,36520.0
2024-09-10,31.99,32.1,31.96,32.02,75810.0
2024-09-11,32.09,32.14,31.74,31.8,58610.0
2024-09-12,32.09,32.48,32.07,32.31,216730.0
2024-09-13,32.36,32.41,32.2,32.34,64760.00000000001
2024-09-16,32.23,32.34,32.23,32.33,
2024-09-17,32.33,32.39,32.26,32.34,5460.0
2024-09-18,32.36,32.36,32.08,32.13,39700.0
2024-09-19,32.13,32.3,31.95,32.28,91200.0
2024-09-20,32.47,32.75,32.32,32.71,62540.0
2024-09-23,32.82,33.14,32.82,33.09,20400.0
2024-09-24,33.0,33.04,32.84,32.89,56910.0
2024-09-25,32.7,33.0,32.66,32.97,32780.0
2024-09-26,32.91,33.2,32.86,33.02,69900.0
2024-09-27,33.21,33.25,33.0,33.1,18830.0
2024-09-30,32.74,32.82,32.46,32.6,38600.0
2024-10-01,32.71,33.0,32.6,32.7,19710.0
2024-10-02,32.63,32.76,32.5,32.59,11130.0
2024-10-03,32.45,32.46,32.22,32.29,27440.0
2024-10-04,32.41,32.41,31.85,32.15,34960.0
2024-10-07,31.75,31.84,31.58,31.71,43570.0
2024-10-08,31.93,32.19,31.84,32.17,20210.0
2024-10-09,32.39,32.45,32.13,32.42,23990.0
2024-10-10,32.38,32.38,32.14,32.27,8520.0
2024-10-11,32.22,32.3,32.13,32.28,108790.0
2024-10-14,32.39,32.48,32.32,32.4,37060.0
2024-10-15,32.39,32.42,32.28,32.33,66540.0
2024-10-16,32.26,32.42,32.24,32.41,10540.0
2024-10-17,32.17,32.18,31.99,32.04,280420.0
2024-10-18,32.21,32.25,32.02,32.1,12560.0
2024-10-21,31.89,31.91,31.74,31.91,68350.0
2024-10-22,31.72,31.72,31.38,31.45,87130.0
2024-10-23,31.62,31.7,31.44,31.46,129650.0
2024-10-24,31.46,31.47,31.26,31.32,336040.0
2024-10-25,30.89,30.96,30.77,30.92,229640.0
2024-10-28,31.14,31.3,31.0,31.02,49640.0
2024-10-29,30.97,31.26,30.88,31.18,94040.0
2024-10-30,31.1,31.1,30.84,30.84,138590.0
2024-10-31,30.72,30.78,30.6,30.68,43770.0
2024-11-01,30.75,30.83,30.69,30.77,37720.0
2024-11-04,30.21,30.4,30.15,30.38,42450.0
2024-11-05,30.41,30.54,30.36,30.49,24140.0
2024-11-06,31.4,31.57,31.19,31.23,130690.0
2024-11-07,31.03,31.05,30.83,30.84,67120.0
2024-11-08,30.82,30.86,30.64,30.69,53340.0
2024-11-11,31.01,31.13,30.9,31.07,18720.0
2024-11-12,30.85,30.93,30.66,30.74,23300.0
2024-11-13,30.44,30.57,30.22,30.42,27110.0
2024-11-14,30.58,30.72,30.52,30.55,20890.0
2024-11-15,30.45,30.53,30.37,30.38,16590.0
2024-11-18,30.48,30.55,30.33,30.44,21140.0
2024-11-19,30.81,30.81,30.41,30.57,14320.0
2024-11-20,30.66,30.83,30.66,30.74,60880.0
2024-11-21,30.42,30.55,30.32,30.55,24160.0
2024-11-22,30.85,31.46,30.85,31.41,49960.0
2024-11-25,31.72,31.8,31.6,31.7,69680.0
2024-11-26,31.62,31.67,31.5,31.62,7010.0
2024-11-27,31.69,31.73,31.43,31.43,12490.0
2024-11-28,31.31,31.33,31.16,31.28,104760.0
2024-11-29,31.35,31.55,31.28,31.55,86650.0
2024-12-02,31.57,31.78,31.57,31.67,25740.0
2024-12-03,31.9,31.9,31.7,31.8,103430.0
2024-12-04,31.95,32.03,31.79,31.83,24610.0
2024-12-05,32.0,32.27,32.0,32.07,144710.0
2024-12-06,32.13,32.15,31.97,32.04,20920.0
2024-12-09,32.06,32.11,31.95,32.01,40880.0
2024-12-10,31.99,32.18,31.92,32.18,22310.0
2024-12-11,32.3,32.37,32.23,32.36,6260.0
2024-12-12,32.14,32.2,32.05,32.12,10630.0
2024-12-13,32.33,32.45,32.31,32.32,11010.0
2024-12-16,32.27,32.33,32.19,32.24,8500.0
2024-12-17,31.95,31.99,31.84,31.92,17460.0
2024-12-18,31.68,31.83,31.66,31.77,24500.0
2024-12-19,31.68,31.79,31.6,31.74,22260.0
2024-12-20,31.46,31.49,31.1,31.3,38970.0
2024-12-23,31.12,31.22,31.05,31.14,57740.0
2024-12-24,31.2,31.25,31.12,31.2,14430.0
2024-12-27,30.91,31.15,30.91,31.01,31490.0
2024-12-30,30.81,30.88,30.72,30.8,20790.0
2024-12-31,30.83,30.91,30.8,30.91,50260.0
2025-01-02,31.4,31.88,31.4,31.85,29730.0
2025-01-03,31.85,31.85,31.61,31.68,30740.0
2025-01-06,30.97,31.01,30.74,30.91,32470.0
2025-01-07,30.84,30.98,30.72,30.88,16450.0
2025-01-08,30.78,30.97,30.75,30.84,15610.0
2025-01-09,30.85,30.85,30.72,30.75,25110.0
2025-01-10,30.6,30.62,30.28,30.31,41980.0
2025-01-13,29.92,29.97,29.74,29.84,34960.0
2025-01-14,29.88,30.08,29.8,29.9,21460.0
2025-01-15,29.84,30.19,29.84,30.19,77040.0
2025-01-16,30.15,30.21,30.0,30.01,60990.0
2025-01-17,29.95,30.1,29.93,30.07,22650.0
2025-01-20,30.11,30.24,29.93,30.05,31570.0
2025-01-21,29.72,29.75,29.38,29.45,25130.0
2025-01-22,29.07,29.37,29.06,29.3,46540.0
2025-01-23,29.59,29.65,29.53,29.61,28080.0
2025-01-24,29.38,29.38,29.06,29.09,48860.0
2025-01-27,28.75,28.75,28.43,28.6,35650.0
2025-01-28,28.89,29.09,28.79,28.88,17650.0
2025-01-29,29.12,29.36,29.12,29.19,39180.0
2025-01-30,29.36,29.46,29.22,29.42,11240.0
2025-01-31,29.74,29.84,29.66,29.73,38670.0
2025-02-03,29.72,29.89,29.7,29.81,16140.0
2025-02-04,29.93,30.08,29.85,30.0,10170.0
2025-02-05,29.86,29.88,29.65,29.78,21490.0
2025-02-06,29.68,29.68,29.57,29.6,25180.0
2025-02-07,29.62,29.82,29.39,29.51,14340.0
2025-02-10,29.35,29.55,29.31,29.53,21080.0
2025-02-11,29.14,29.22,29.05,29.13,28790.0
2025-02-12,29.01,29.08,28.81,28.87,50350.0
2025-02-13,28.92,28.92,28.76,28.91,25700.0
2025-02-14,28.31,28.5,28.16,28.36,35400.0
2025-02-17,28.29,28.46,28.27,28.42,20460.0
2025-02-18,28.25,28.44,28.25,28.41,25830.0
2025-02-19,28.5,28.6,28.46,28.56,50460.0
2025-02-20,28.68,28.77,28.59,28.6,16700.0
2025-02-21,28.4,28.48,28.33,28.41,33480.0
2025-02-24,28.09,28.16,28.04,28.12,49970.0
2025-02-25,28.0,28.03,27.82,27.88,32080.0
2025-02-26,27.95,28.0,27.87,27.95,14090.0
2025-02-27,27.81,27.92,27.71,27.92,87550.0
2025-02-28,27.37,27.4,27.17,27.33,36080.0
2025-03-03,27.32,27.44,27.26,27.29,45550.0
2025-03-04,27.09,27.14,26.86,26.86,31250.0
2025-03-05,27.15,27.21,26.86,26.89,26470.0
2025-03-06,27.06,27.1,26.95,27.05,17710.0
2025-03-07,27.06,27.06,26.78,26.8,12920.0
2025-03-10,26.91,26.92,26.52,26.61,51820.0
2025-03-11,26.55,26.7,26.47,26.49,11280.0
2025-03-12,26.47,26.67,26.42,26.59,41550.0
2025-03-13,26.66,26.69,26.48,26.6,83710.0
2025-03-14,26.79,26.85,26.65,26.73,8750.0
2025-03-17,26.79,26.98,26.79,26.91,37790.0
2025-03-18,27.14,27.34,27.07,27.3,33160.0
2025-03-19,27.52,27.76,27.52,27.76,26350.0
2025-03-20,27.96,28.16,27.94,28.03,86350.0
2025-03-21,28.36,28.59,28.36,28.57,50650.0
2025-03-24,28.89,29.12,28.88,29.11,35110.0
2025-03-25,28.98,29.06,28.83,28.99,36950.0
2025-03-26,28.81,28.84,28.67,28.73,45760.0
2025-03-27,28.8,28.93,28.8,28.92,35800.0
2025-03-28,28.83,28.95,28.54,28.57,23020.0
2025-03-31,28.3,28.57,28.26,28.55,23210.0
2025-04-01,28.5,28.52,28.31,28.49,24930.0
2025-04-02,28.56,28.85,28.54,28.6,43210.0
2025-04-03,28.0,28.12,27.62,27.88,25600.0
2025-04-04,27.58,27.66,26.66,26.87,53780.0
2025-04-07,25.96,27.31,25.82,26.71,116260.0
2025-04-08,27.04,27.57,27.04,27.39,32050.0
2025-04-09,26.42,26.66,26.17,26.39,19320.0
2025-04-10,27.83,27.91,27.0,27.0,172750.0
2025-04-11,26.67,26.67,26.16,26.55,39110.0
2025-04-14,26.86,27.2,26.86,26.96,13780.0
2025-04-15,27.26,27.44,27.09,27.39,24650.0
2025-04-16,27.21,27.4,27.1,27.36,26890.0
2025-04-17,27.6,27.94,27.54,27.92,32210.0
2025-04-22,28.04,28.28,27.96,28.23,31930.0
2025-04-23,28.26,28.54,28.21,28.4,35750.0
2025-04-24,28.41,28.57,28.33,28.56,183660.0
2025-04-25,27.98,28.21,27.88,28.07,46810.0
2025-04-28,28.52,28.61,28.22,28.3,40640.0
2025-04-29,28.35,28.42,28.29,28.35,86300.0
2025-04-30,28.54,28.65,28.36,28.46,20110.0
2025-05-02,28.79,28.95,28.54,28.77,137590.0
2025-05-05,29.07,29.14,28.93,29.14,34310.0
2025-05-06,28.81,28.83,28.68,28.79,21700.0
2025-05-07,28.64,28.66,28.49,28.51,15440.0
2025-05-08,28.76,28.8,27.81,27.82,41300.0
2025-05-09,28.06,28.32,27.97,28.07,70320.0
2025-05-12,29.53,29.93,29.5,29.68,118230.0
2025-05-13,29.58,29.61,29.3,29.41,34000.0
2025-05-14,29.22,29.3,29.05,29.29,16219.999999999998
2025-05-15,29.19,29.74,29.18,29.73,30740.0
2025-05-16,29.64,29.76,29.57,29.76,26900.0
2025-05-19,29.66,29.73,29.41,29.6,31330.0
2025-05-20,29.39,29.39,29.07,29.25,33350.0
2025-05-21,29.05,29.11,28.97,29.06,48880.0
2025-05-22,28.81,28.97,28.68,28.92,28070.0
2025-05-23,29.17,29.25,28.96,29.15,17070.0
2025-05-26,29.3,29.33,29.22,29.29,12450.0
2025-05-27,29.13,29.38,29.01,29.18,14360.0
2025-05-28,29.15,29.18,29.06,29.12,15060.0
2025-05-29,29.2,29.3,29.08,29.08,21640.0
2025-05-30,29.07,29.14,28.97,29.01,35820.0
2025-06-02,28.84,28.93,28.76,28.85,4500.0
2025-06-03,28.78,28.98,28.63,28.76,10200.0
2025-06-04,28.71,28.92,28.6,28.64,7360.0
2025-06-05,28.9,28.97,28.65,28.8,4480.0
2025-06-06,29.11,29.34,29.03,29.3,13510.0
2025-06-09,29.39,29.41,29.28,29.34,49520.0
2025-06-10,29.46,29.5,29.32,29.38,18660.0
2025-06-11,29.54,29.57,29.29,29.32,27000.0
2025-06-12,29.02,29.07,28.58,28.68,26430.0
2025-06-13,28.25,28.51,28.21,28.38,8260.0
2025-06-16,28.5,28.64,28.43,28.6,4180.0
2025-06-17,28.41,28.44,28.24,28.44,26050.0
2025-06-18,28.26,28.32,28.2,28.24,8260.0
2025-06-19,28.2,28.2,27.98,28.01,3960.0
2025-06-20,28.25,28.46,28.25,28.4,37150.0
2025-06-23,28.27,28.48,28.27,28.33,33490.0
2025-06-24,28.71,28.71,28.43,28.6,41920.0
2025-06-25,28.7,28.74,28.61,28.67,25790.0
2025-06-26,28.68,28.91,28.62,28.87,38840.0
2025-06-27,28.99,29.07,28.98,29.04,112140.0
2025-06-30,28.92,28.95,28.7,28.7,31180.0
2025-07-01,28.76,28.8,28.64,28.8,9710.0
2025-07-02,28.67,28.74,28.56,28.68,11760.0
2025-07-03,28.75,28.84,28.66,28.81,9830.0
2025-07-04,28.67,28.78,28.64,28.69,2880.0
2025-07-07,28.67,28.77,28.63,28.76,14980.0
2025-07-08,28.71,28.93,28.68,28.85,13350.0
2025-07-09,28.89,28.91,28.8,28.82,44840.0
2025-07-10,28.72,28.74,28.62,28.67,9870.0
2025-07-11,28.56,28.56,28.45,28.46,22430.0
2025-07-14,28.44,28.49,28.37,28.46,6330.0
2025-07-15,28.67,28.75,28.58,28.74,12730.0
2025-07-16,28.76,28.8,28.5,28.6,6140.0
2025-07-17,28.72,28.8,28.59,28.64,7990.0
2025-07-18,28.34,28.43,28.26,28.31,40090.0
2025-07-21,28.34,28.44,28.34,28.4,12240.0
2025-07-22,28.25,28.29,28.12,28.14,21830.0
2025-07-23,28.17,28.3,28.1,28.23,15720.0
2025-07-24,28.0,28.05,27.87,27.88,23140.0
2025-07-25,27.7,27.74,27.61,27.61,14340.0
2025-07-28,27.7,27.72,27.62,27.72,5250.0
2025-07-29,27.93,28.18,27.9,27.97,19430.0
2025-07-30,27.9,27.98,27.7,27.81,17290.0
2025-07-31,28.03,28.18,27.86,27.88,26540.0
2025-08-01,27.91,27.91,27.4,27.56,55560.0
2025-08-04,27.54,27.61,27.33,27.38,21730.0
2025-08-05,27.43,27.55,27.33,27.35,15770.0
2025-08-06,27.36,27.38,26.93,27.03,89670.0
2025-08-07,26.94,27.34,26.78,27.24,57530.0
2025-08-08,26.98,27.01,26.85,26.88,36540.0
2025-08-11,26.94,27.17,26.94,27.17,39250.0
2025-08-12,27.25,27.26,26.99,27.05,30660.0
2025-08-13,27.07,27.17,27.05,27.1,38620.0
2025-08-14,27.14,27.17,27.04,27.05,39270.0
2025-08-15,27.09,27.17,26.99,27.01,27310.0
2025-08-18,27.58,27.61,27.48,27.6,19630.0
2025-08-19,27.75,27.85,27.71,27.79,448120.0
2025-08-20,27.98,28.02,27.87,27.9,9590.0
2025-08-21,28.04,28.07,27.86,27.91,10950.0
2025-08-22,27.82,27.85,27.5,27.51,41350.0
2025-08-25,27.57,27.6,27.43,27.59,39410.0
2025-08-26,27.36,27.4,27.1,27.17,41180.0
2025-08-27,27.17,27.25,27.08,27.23,51240.0
2025-08-28,27.1,27.1,26.92,27.01,92770.0
2025-08-29,26.88,26.88,26.55,26.58,24700.0
2025-09-01,26.67,26.96,26.67,26.92,25400.0
2025-09-02,27.06,27.11,26.83,26.89,13680.0
2025-09-03,27.1,27.17,27.01,27.05,22580.0
2025-09-04,27.18,27.2,27.06,27.09,19470.0
2025-09-05,26.89,27.04,26.86,26.89,60340.0
2025-09-08,27.1,27.16,27.0,27.09,27700.0
2025-09-09,26.97,27.09,26.96,27.07,52660.0
2025-09-10,27.29,27.33,27.23,27.31,31980.0
2025-09-11,27.34,27.34,27.23,27.3,32310.000000000004
2025-09-12,27.3,27.43,27.3,27.35,21230.0
2025-09-15,27.36,27.4,27.3,27.32,32220.0
2025-09-16,27.44,27.44,27.3,27.31,31080.0
2025-09-17,27.47,27.59,27.45,27.57,14820.0
2025-09-18,27.55,27.57,27.43,27.53,138720.0
2025-09-19,27.49,27.7,27.49,27.69,11140.0
2025-09-22,27.58,27.61,27.36,27.4,14190.0
2025-09-23,27.19,27.24,27.09,27.12,6700.0
2025-09-24,27.03,27.13,27.02,27.04,17940.0
2025-09-25,27.01,27.07,26.9,27.05,42980.0
2025-09-26,26.85,26.91,26.71,26.74,19790.0
2025-09-29,26.61,26.72,26.55,26.68,14270.0
2025-09-30,26.6,26.6,26.47,26.57,40040.0
2025-10-01,26.65,26.87,26.62,26.87,21730.0
2025-10-02,26.71,26.8,26.67,26.79,6380.0
2025-10-03,26.8,26.88,26.77,26.85,6220.0
2025-10-06,27.04,27.22,27.01,27.08,23160.0
2025-10-07,27.23,27.34,27.23,27.27,20730.0
2025-10-08,27.26,27.33,27.18,27.26,132520.0
2025-10-09,27.38,27.56,27.36,27.52,152510.0
2025-10-10,27.74,27.78,27.42,27.43,26530.0
2025-10-13,27.42,27.65,27.39,27.6,19510.0
2025-10-14,27.37,27.52,27.37,27.42,155710.0
2025-10-15,27.66,27.83,27.61,27.78,52340.0
2025-10-16,27.97,28.05,27.9,28.01,34370.0
2025-10-17,28.03,28.15,27.83,28.15,48850.0
2025-10-20,28.28,28.38,28.17,28.35,111300.0
2025-10-21,28.39,28.45,28.3,28.4,58060.0
2025-10-22,28.79,28.98,28.75,28.83,9740.0
2025-10-23,28.69,28.69,28.43,28.51,83700.0
2025-10-24,28.42,28.44,28.23,28.34,71670.0
2025-10-27,28.3,28.42,28.3,28.42,55440.0
2025-10-28,28.29,28.31,28.15,28.31,137300.0
2025-10-29,28.5,28.52,28.26,28.3,66180.0
2025-10-30,28.15,28.39,28.09,28.34,81370.0
2025-10-31,28.15,28.17,28.02,28.12,91220.0
2025-11-03,28.24,28.37,28.22,28.24,21180.0
2025-11-04,28.23,28.32,28.16,28.32,69790.0
2025-11-05,28.25,28.42,28.23,28.42,11010.0
2025-11-06,28.2,28.2,27.85,27.9,22060.0
2025-11-07,28.07,28.07,27.73,27.73,8590.0
2025-11-10,28.07,28.14,27.99,28.05,47850.0
2025-11-11,28.18,28.35,28.16,28.32,7440.0
2025-11-12,28.39,28.42,28.28,28.33,20280.0
2025-11-13,28.36,28.38,28.04,28.06,48000.0
2025-11-14,28.09,28.33,28.03,28.3,53340.0
2025-11-17,28.31,28.5,28.31,28.47,83760.0
2025-11-18,28.34,28.39,28.2,28.35,18590.0
2025-11-19,28.42,28.65,28.42,28.61,20960.0
2025-11-20,28.71,28.81,28.67,28.68,44540.0
2025-11-21,28.49,28.52,28.14,28.29,58400.0
2025-11-24,28.28,28.28,28.11,28.25,18180.0
2025-11-25,28.23,28.23,28.02,28.11,16200.0
2025-11-26,28.3,28.43,28.3,28.35,28640.0
2025-11-27,28.27,28.36,28.27,28.35,19410.0
2025-11-28,28.33,28.49,28.27,28.49,24490.0
2025-12-01,28.11,28.23,28.08,28.23,20360.0
2025-12-02,27.98,28.01,27.88,27.89,17840.0
2025-12-03,27.62,27.66,27.51,27.53,57170.0
2025-12-04,27.65,27.75,27.63,27.74,48640.0
2025-12-05,27.83,27.96,27.77,27.96,15670.0
2025-12-08,27.42,27.49,27.35,27.4,24640.0
2025-12-09,11.5,11.5,11.5,11.5,0.0
2025-12-10,11.5,11.5,11.5,11.5,0.0
2025-12-11,11.5,11.5,11.5,11.5,0.0
2025-12-12,11.5,11.5,11.5,11.5,0.0
2025-12-15,11.5,11.5,11.5,11.5,0.0
2025-12-16,11.5,11.100000381469728,11.100000381469728,11.5,2950.0
2025-12-17,11.5,11.5,11.5,11.5,0.0
2025-12-18,11.5,11.100000381469728,10.0,11.5,7643.0
2025-12-19,11.5,11.899999618530272,11.899999618530272,11.5,84.0
2025-12-22,11.5,11.5,11.5,11.5,0.0
2025-12-23,11.5,12.0,11.5,11.5,5137.0
2025-12-24,11.5,12.0,12.0,11.5,37.0
2025-12-29,11.5,13.0,11.0,12.0,27183.0
2025-12-30,12.0,12.0,12.0,12.0,0.0
2025-12-31,12.0,12.0,12.0,12.0,0.0
2026-01-02,12.0,12.0,12.0,12.0,0.0
2026-01-05,12.0,12.0,12.0,12.0,0.0
2026-01-06,12.0,12.800000190734863,12.800000190734863,12.0,1.0
2026-01-07,12.0,12.0,12.0,12.0,0.0
2026-01-08,12.0,12.0,12.0,12.0,0.0
2026-01-09,12.0,12.0,12.0,12.0,0.0
2026-01-12,12.0,11.149999618530272,11.149999618530272,12.0,4810.0
2026-01-13,12.0,13.0,11.0,12.0,5814.0
2026-01-14,12.0,12.0,12.0,12.0,0.0
2026-01-15,12.0,12.0,10.0,12.0,83332.0
2026-01-16,12.0,12.0,12.0,12.0,0.0
2026-01-19,12.0,12.0,12.0,12.0,0.0
2026-01-20,12.0,11.0,11.0,12.0,2078.0
2026-01-21,12.0,11.0,11.0,12.0,44.0
2026-01-22,12.0,12.0,12.0,12.0,0.0
2026-01-23,12.0,11.0,11.0,12.0,4204.0
2026-01-26,12.0,12.0,12.0,12.0,0.0
2026-01-27,12.0,11.0,11.0,12.0,6324.0
2026-01-28,14.5,16.0,13.0,13.0,87173.0
2026-01-29,14.0,13.5,12.0,13.5,66375.0
2026-01-30,13.5,13.199999809265137,11.5,13.0,83673.0
2026-02-02,13.0,12.470000267028809,12.0,13.0,106006.0
2026-02-03,13.0,13.5,13.5,13.0,10000.0
2026-02-04,13.0,13.0,13.0,13.0,0.0
2026-02-05,13.0,12.0,12.0,13.0,40000.0
2026-02-06,13.0,12.0,12.0,13.0,3384.0
2026-02-09,13.0,13.0,13.0,13.0,0.0
2026-02-10,13.0,13.390000343322754,13.390000343322754,13.0,746.0
2026-02-11,13.0,13.0,13.0,13.0,0.0
2026-02-12,13.0,13.0,13.0,13.0,0.0
2026-02-13,13.0,13.390000343322754,12.199999809265137,13.0,35224.0
2026-02-16,13.0,13.0,13.0,13.0,0.0
2026-02-17,13.0,13.0,13.0,13.0,0.0
2026-02-18,13.0,12.0,12.0,13.0,45000.0
2026-02-19,13.0,14.0,14.0,13.0,7.0
2026-02-20,13.0,13.0,13.0,13.0,0.0
2026-02-23,13.0,14.0,12.0,13.0,762.0
2026-02-24,13.0,13.390000343322754,12.0,13.0,4953.0
2026-02-25,13.0,14.0,12.100000381469727,13.0,1542.0
2026-02-26,13.0,13.0,13.0,13.0,0.0
2026-02-27,13.0,12.25,12.239999771118164,13.0,1058.0
2026-03-02,13.0,13.0,13.0,13.0,0.0
2026-03-03,13.0,13.0,13.0,13.0,0.0
2026-03-04,13.0,12.239999771118164,12.239999771118164,13.0,500.0
2026-03-05,13.0,13.0,13.0,13.0,0.0
2026-03-06,13.0,13.0,13.0,13.0,0.0
2026-03-09,13.0,12.239999771118164,12.239999771118164,13.0,134.0
2026-03-10,13.0,13.0,13.0,13.0,8300.0
2026-03-11,12.5,13.0,12.239999771118164,13.0,645.0
2026-03-12,13.0,12.25,12.25,13.0,785.0
2026-03-13,13.0,13.0,13.0,13.0,0.0
2026-03-16,13.0,13.390000343322754,13.390000343322754,13.0,7.0
2026-03-17,13.0,13.0,13.0,13.0,0.0
2026-03-18,13.0,12.239999771118164,12.239999771118164,13.0,10000.0
2026-03-19,13.0,12.0,12.0,12.5,6130.0
2026-03-20,12.5,12.0,12.0,12.5,2425.0
2026-03-23,12.5,13.0,13.0,12.5,20.0
2026-03-24,12.5,12.5,12.5,12.5,0.0
2026-03-25,12.5,12.5,12.5,12.5,0.0
2026-03-26,12.5,13.0,13.0,12.5,100000.0
2026-03-27,12.5,12.0,12.0,12.5,1180.0
2026-03-30,12.5,12.0,12.0,12.5,25038.0
2026-03-31,12.5,12.880000114440918,12.880000114440918,12.5,93.0
2026-04-01,12.5,12.5,12.5,12.5,0.0
2026-04-02,0.125,0.125,0.125,0.125,0.0
2026-04-07,12.5,12.5,12.5,12.5,0.0
2026-04-08,12.5,12.5,12.5,12.5,0.0
2026-04-09,12.5,12.5,12.5,12.5,0.0
2026-04-10,12.5,12.5,12.5,12.5,0.0
2026-04-13,12.5,12.5,12.5,12.5,0.0
2026-04-14,12.5,12.0,12.0,12.5,30.0
2026-04-15,12.5,12.5,12.5,12.5,0.0
2026-04-16,12.5,12.5,12.5,12.5,0.0
2026-04-17,12.5,12.5,12.5,12.5,0.0
2026-04-20,12.5,12.024999618530273,12.024999618530273,12.5,606.0
2026-04-21,12.5,12.024999618530273,12.024999618530273,12.5,115.0
2026-04-22,12.5,12.0,12.0,12.5,23000.0
2026-04-23,12.5,12.024999618530273,12.0,12.5,20224.0
2026-04-24,12.5,13.0,12.880000114440918,12.5,50.0
2026-04-27,12.5,13.0,12.880000114440918,12.5,25.0
2026-04-28,12.5,11.0,11.0,12.5,20000.0
2026-04-29,12.5,13.0,13.0,12.5,16.0
2026-04-30,12.5,13.0,12.880000114440918,12.5,7.0
2026-05-01,12.5,12.5,12.5,12.5,0.0
2026-05-05,12.5,12.010000228881836,12.010000228881836,12.5,45.0
2026-05-06,12.5,12.5,12.5,12.5,0.0
2026-05-07,12.5,12.5,12.5,12.5,0.0
2026-05-08,12.5,12.5,12.5,12.5,0.0
2026-05-11,12.5,12.0,12.0,12.5,7.0
2026-05-12,12.5,12.5,12.5,12.5,0.0
2026-05-13,12.5,12.149999618530273,12.0,12.5,31.0
2026-05-14,12.5,12.0,10.149999618530273,10.5,36418.0
2026-05-15,10.5,11.0,10.0,10.5,6307.0
2026-05-18,10.5,10.0,9.0,9.5,45631.0
2026-05-19,9.5,9.5,9.5,9.5,0.0
2026-05-20,9.5,10.0,10.0,9.5,208.0
2026-05-21,9.5,9.5,9.5,9.5,0.0
2026-05-22,9.5,9.199999809265137,9.149999618530273,9.5,7077.0
2026-05-26,9.5,9.0,9.0,9.5,195.0
2026-05-27,9.5,9.899999618530273,9.75,9.5,26000.0
2026-05-28,9.5,9.880000114440918,9.0,9.5,1404.0
2026-05-29,9.5,9.5,9.5,9.5,0.0
2026-06-01,9.5,9.149999618530273,9.100000381469727,9.5,6913.0
2026-06-02,9.5,10.0,10.0,9.5,1846.0
2026-06-03,9.5,9.0,9.0,9.5,1824.0
2026-06-04,9.5,9.25,9.25,9.5,2980.0
2026-06-05,9.5,9.5,9.5,9.5,0.0
2026-06-08,9.5,9.100000381469727,9.0,9.5,8675.0
2026-06-09,9.5,9.5,9.5,9.5,0.0
2026-06-10,9.5,9.5,9.5,9.5,0.0
2026-06-11,9.5,9.5,9.5,9.5,0.0
2026-06-12,9.5,9.5,9.5,9.5,0.0
2026-06-15,9.5,9.149999618530273,9.0,9.5,1616.0
2026-06-16,9.5,9.5,9.5,9.5,0.0
2026-06-17,9.5,9.199999809265137,9.199999809265137,9.5,2050.0
2026-06-18,9.5,10.0,9.0,9.5,240.0
2026-06-19,9.5,9.0,9.0,9.5,3.0
2026-06-22,9.5,9.5,9.5,9.5,0.0
2026-06-23,9.5,9.5,9.5,9.5,0.0
2026-06-24,9.5,9.5,9.5,9.5,0.0
2026-06-25,9.5,9.100000381469727,9.0,9.5,14832.0
2026-06-26,9.5,10.0,10.0,9.5,50.0
2026-06-29,9.5,9.5,9.5,9.5,0.0
2026-06-30,9.5,10.0,10.0,9.5,27.0
2026-07-01,9.5,9.0,9.0,9.5,2520.0
2026-07-02,9.5,10.0,9.0,9.5,715.0
2026-07-03,9.5,10.0,9.0,9.5,4003.0
2026-07-06,9.5,9.5,9.5,9.5,0.0
2026-07-07,9.5,9.5,9.0,9.5,12769.0
2026-07-08,9.5,9.010000228881836,9.010000228881836,9.5,44.0
2026-07-09,9.5,9.5,9.5,9.5,0.0
2026-07-10,9.5,9.0,9.0,9.0,5140.0
2026-07-13,8.5,9.0,9.0,8.5,80.0
2026-07-14,8.5,9.0,9.0,8.5,26.0
2026-07-15,8.5,9.0,8.0,8.5,4939.0
2026-07-16,8.5,8.5,8.5,8.5,0.0
2026-07-17,8.5,9.0,9.0,8.5,26.0
2026-07-20,8.5,9.0,8.0,8.5,38.0
2026-07-21,8.5,8.5,8.5,8.5,17565.0
2026-07-22,8.5,9.0,9.0,8.5,26.0
2026-07-23,8.5,8.5,8.5,8.5,0.0
2026-07-24,8.5,8.0,8.0,8.5,1125.0
2026-07-27,8.5,8.0,8.0,8.5,54.0
2026-07-28,8.5,8.5,8.5,8.5,0.0
2026-07-29,8.5,8.050000190734863,8.050000190734863,8.5,9000.0
2026-07-30,8.5,8.5,8.5,8.5,0.0
2026-07-31,8.5,8.5,8.5,8.5,0.0
2026-08-03,8.5,9.0,8.050000190734863,8.5,57.0
2026-08-04,8.5,8.5,8.5,8.5,0.0
2026-08-05,8.5,9.0,8.050000190734863,8.5,366.0
2026-08-06,8.5,8.010000228881836,8.0,8.5,2677.0
2026-08-07,8.5,8.5,8.5,8.5,0.0
2026-08-10,8.5,8.0,8.0,8.5,13750.0
2026-08-11,8.5,8.5,8.5,8.5,0.0
2026-08-12,8.5,8.5,8.5,8.5,0.0
2026-08-13,8.5,8.5,8.5,8.5,0.0
2026-08-14,8.5,8.25,8.010000228881836,8.5,5428.0
2026-08-17,8.5,8.050000190734863,8.050000190734863,8.5,1620.0
2026-08-18,8.5,8.010000228881836,8.0,8.5,1730.0
2026-08-19,8.5,8.5,8.5,8.5,0.0
2026-08-20,8.5,9.0,9.0,8.5,30.0
2026-08-21,8.5,8.0,8.0,8.5,26876.0
2026-08-24,8.5,8.5,8.5,8.5,0.0
2026-08-25,8.5,8.010000228881836,7.25,7.25,21415.0
2026-08-26,7.25,7.5,7.0,7.25,43802.0
2026-08-27,7.25,7.5,7.0,7.25,21254.0
2026-08-28,7.25,7.5,7.0,7.25,1333.0
2026-09-01,7.25,7.5,6.86299991607666,7.125,17432.0
2026-09-02,7.125,6.75,6.75,7.125,2100.0
2026-09-03,7.125,7.125,7.125,7.125,0.0
2026-09-04,7.125,7.125,7.125,7.125,0.0
2026-09-07,7.125,7.125,7.125,7.125,0.0
2026-09-08,7.125,6.75,6.75,7.125,747.0
2026-09-09,7.125,6.75,6.75,7.125,168.0
2026-09-10,7.125,7.5,6.86299991607666,7.125,1031.0